ISO-10303-21;
HEADER;
/* Generated by software containing ST-Developer
 * from STEP Tools, Inc. (www.steptools.com) 
 */
/* OPTION: using custom renumber hook */

FILE_DESCRIPTION(
/* description */ ('STEP AP242 Edition 2',
'CAx-IF Rec.Pracs.---Representation and Presentation of Product Manufa
cturing Information (PMI)---4.0---2014-10-13',
'CAx-IF Rec.Pracs.---3D Tessellated Geometry---0.4---2014-09-14','2;1',
'CAx-IF Rec.Pracs.---User Defined Attributes---1.5---2016-08-15'),
/* implementation_level */ '2;1');

FILE_NAME(
/* name */ 'Full print 1',
/* time_stamp */ '2026-08-09T20:59:44Z',
/* author */ (''),
/* organization */ (''),
/* preprocessor_version */ 'ST-DEVELOPER v20',
/* originating_system */ 'ONSHAPE BY PTC INC, 1.219',
/* authorisation */ '  ');

FILE_SCHEMA (('AP242_MANAGED_MODEL_BASED_3D_ENGINEERING_MIM_LF { 1 0 10303 442 3 1 4 }'));
ENDSEC;

DATA;
#10=B_SPLINE_SURFACE_WITH_KNOTS('',3,3,((#4582,#4583,#4584,#4585,#4586,
#4587,#4588,#4589,#4590,#4591,#4592,#4593,#4594,#4595,#4596,#4597,#4598,
#4599,#4600),(#4601,#4602,#4603,#4604,#4605,#4606,#4607,#4608,#4609,#4610,
#4611,#4612,#4613,#4614,#4615,#4616,#4617,#4618,#4619),(#4620,#4621,#4622,
#4623,#4624,#4625,#4626,#4627,#4628,#4629,#4630,#4631,#4632,#4633,#4634,
#4635,#4636,#4637,#4638),(#4639,#4640,#4641,#4642,#4643,#4644,#4645,#4646,
#4647,#4648,#4649,#4650,#4651,#4652,#4653,#4654,#4655,#4656,#4657),(#4658,
#4659,#4660,#4661,#4662,#4663,#4664,#4665,#4666,#4667,#4668,#4669,#4670,
#4671,#4672,#4673,#4674,#4675,#4676),(#4677,#4678,#4679,#4680,#4681,#4682,
#4683,#4684,#4685,#4686,#4687,#4688,#4689,#4690,#4691,#4692,#4693,#4694,
#4695),(#4696,#4697,#4698,#4699,#4700,#4701,#4702,#4703,#4704,#4705,#4706,
#4707,#4708,#4709,#4710,#4711,#4712,#4713,#4714),(#4715,#4716,#4717,#4718,
#4719,#4720,#4721,#4722,#4723,#4724,#4725,#4726,#4727,#4728,#4729,#4730,
#4731,#4732,#4733)),.UNSPECIFIED.,.F.,.T.,.F.,(4,1,1,1,1,4),(1,1,1,1,1,
1,1,1,1,1,1,1,1,1,1,1,1,1,1,1,1,1,1),(0.,0.25,0.375,0.541666666666667,0.708333333333333,
1.),(-1.17809724509617,-0.785398163397448,-0.392699081698725,0.,0.392699081698724,
0.785398163397448,1.17809724509617,1.5707963267949,1.96349540849362,2.35619449019234,
2.74889357189107,3.14159265358979,3.53429173528852,3.92699081698724,4.31968989868597,
4.71238898038469,5.10508806208341,5.49778714378214,5.89048622548086,6.28318530717959,
6.67588438887831,7.06858347057703,7.46128255227576),.UNSPECIFIED.);
#11=B_SPLINE_SURFACE_WITH_KNOTS('',3,3,((#5066,#5067,#5068,#5069,#5070,
#5071,#5072,#5073,#5074,#5075,#5076,#5077,#5078,#5079,#5080,#5081,#5082,
#5083,#5084),(#5085,#5086,#5087,#5088,#5089,#5090,#5091,#5092,#5093,#5094,
#5095,#5096,#5097,#5098,#5099,#5100,#5101,#5102,#5103),(#5104,#5105,#5106,
#5107,#5108,#5109,#5110,#5111,#5112,#5113,#5114,#5115,#5116,#5117,#5118,
#5119,#5120,#5121,#5122),(#5123,#5124,#5125,#5126,#5127,#5128,#5129,#5130,
#5131,#5132,#5133,#5134,#5135,#5136,#5137,#5138,#5139,#5140,#5141),(#5142,
#5143,#5144,#5145,#5146,#5147,#5148,#5149,#5150,#5151,#5152,#5153,#5154,
#5155,#5156,#5157,#5158,#5159,#5160),(#5161,#5162,#5163,#5164,#5165,#5166,
#5167,#5168,#5169,#5170,#5171,#5172,#5173,#5174,#5175,#5176,#5177,#5178,
#5179),(#5180,#5181,#5182,#5183,#5184,#5185,#5186,#5187,#5188,#5189,#5190,
#5191,#5192,#5193,#5194,#5195,#5196,#5197,#5198),(#5199,#5200,#5201,#5202,
#5203,#5204,#5205,#5206,#5207,#5208,#5209,#5210,#5211,#5212,#5213,#5214,
#5215,#5216,#5217)),.UNSPECIFIED.,.F.,.T.,.F.,(4,1,1,1,1,4),(1,1,1,1,1,
1,1,1,1,1,1,1,1,1,1,1,1,1,1,1,1,1,1),(0.,0.25,0.375,0.541666666666667,0.708333333333333,
1.),(-1.17809724509617,-0.785398163397448,-0.392699081698725,0.,0.392699081698724,
0.785398163397448,1.17809724509617,1.5707963267949,1.96349540849362,2.35619449019234,
2.74889357189107,3.14159265358979,3.53429173528852,3.92699081698724,4.31968989868597,
4.71238898038469,5.10508806208341,5.49778714378214,5.89048622548086,6.28318530717959,
6.67588438887831,7.06858347057703,7.46128255227576),.UNSPECIFIED.);
#12=B_SPLINE_CURVE_WITH_KNOTS('',3,(#4552,#4553,#4554,#4555,#4556,#4557,
#4558,#4559,#4560,#4561,#4562),.UNSPECIFIED.,.T.,.F.,(1,1,1,1,1,1,1,1,1,
1,1,1,1,1,1),(-0.375,-0.25,-0.125,0.,0.125,0.25,0.375,0.5,0.625,0.75,0.875,
1.,1.125,1.25,1.375),.UNSPECIFIED.);
#13=B_SPLINE_CURVE_WITH_KNOTS('',3,(#4570,#4571,#4572,#4573,#4574,#4575,
#4576,#4577,#4578,#4579,#4580),.UNSPECIFIED.,.T.,.F.,(1,1,1,1,1,1,1,1,1,
1,1,1,1,1,1),(-0.3815789453125,-0.256578947265625,-0.131578947363281,0.,
0.11875,0.2434375,0.368421875,0.49342109375,0.6184210546875,0.743421052734375,
0.868421052636719,1.,1.11875,1.2434375,1.368421875),.UNSPECIFIED.);
#14=B_SPLINE_CURVE_WITH_KNOTS('',3,(#5036,#5037,#5038,#5039,#5040,#5041,
#5042,#5043,#5044,#5045,#5046),.UNSPECIFIED.,.T.,.F.,(1,1,1,1,1,1,1,1,1,
1,1,1,1,1,1),(-0.375,-0.25,-0.125,0.,0.125,0.25,0.375,0.5,0.625,0.75,0.875,
1.,1.125,1.25,1.375),.UNSPECIFIED.);
#15=B_SPLINE_CURVE_WITH_KNOTS('',3,(#5054,#5055,#5056,#5057,#5058,#5059,
#5060,#5061,#5062,#5063,#5064),.UNSPECIFIED.,.T.,.F.,(1,1,1,1,1,1,1,1,1,
1,1,1,1,1,1),(-0.3815789453125,-0.256578947265625,-0.131578947363281,0.,
0.11875,0.2434375,0.368421875,0.49342109375,0.6184210546875,0.743421052734375,
0.868421052636719,1.,1.11875,1.2434375,1.368421875),.UNSPECIFIED.);
#16=B_SPLINE_CURVE_WITH_KNOTS('',3,(#5231,#5232,#5233,#5234,#5235,#5236,
#5237,#5238,#5239,#5240,#5241),.UNSPECIFIED.,.T.,.F.,(1,1,1,1,1,1,1,1,1,
1,1,1,1,1,1),(-0.00238365980440319,-0.0015891065362688,-0.000794553268134397,
0.,0.000794553268134398,0.0015891065362688,0.00238365980440319,0.00317821307253759,
0.00397276634067199,0.00476731960880639,0.00556187287694079,0.00635642614507518,
0.00715097941320958,0.00794553268134398,0.00874008594947838),
 .UNSPECIFIED.);
#17=B_SPLINE_CURVE_WITH_KNOTS('',3,(#5244,#5245,#5246,#5247,#5248,#5249,
#5250,#5251,#5252,#5253,#5254),.UNSPECIFIED.,.T.,.F.,(1,1,1,1,1,1,1,1,1,
1,1,1,1,1,1),(-0.00238365980440322,-0.00158910653626881,-0.000794553268134407,
0.,0.000794553268134407,0.00158910653626881,0.00238365980440322,0.00317821307253763,
0.00397276634067203,0.00476731960880644,0.00556187287694085,0.00635642614507525,
0.00715097941320966,0.00794553268134407,0.00874008594947847),
 .UNSPECIFIED.);
#18=ELLIPSE('',#3180,0.00335410196624968,0.003);
#19=ELLIPSE('',#3184,0.00335410196624968,0.003);
#20=ELLIPSE('',#3196,0.00447213595499958,0.004);
#21=ELLIPSE('',#3201,0.00447213595499958,0.004);
#22=CIRCLE('',#3119,0.0125);
#23=CIRCLE('',#3120,0.0125);
#24=CIRCLE('',#3122,0.005);
#25=CIRCLE('',#3123,0.005);
#26=CIRCLE('',#3169,0.003);
#27=CIRCLE('',#3170,0.004);
#28=CIRCLE('',#3172,0.003);
#29=CIRCLE('',#3173,0.004);
#30=CIRCLE('',#3177,0.003);
#31=CIRCLE('',#3178,0.004);
#32=CIRCLE('',#3181,0.003);
#33=CIRCLE('',#3182,0.003);
#34=CIRCLE('',#3183,0.003);
#35=CIRCLE('',#3185,0.003);
#36=CIRCLE('',#3186,0.003);
#37=CIRCLE('',#3187,0.003);
#38=CIRCLE('',#3188,0.003);
#39=CIRCLE('',#3189,0.003);
#40=CIRCLE('',#3191,0.0075);
#41=CIRCLE('',#3193,0.004);
#42=CIRCLE('',#3197,0.004);
#43=CIRCLE('',#3198,0.004);
#44=CIRCLE('',#3199,0.004);
#45=CIRCLE('',#3200,0.004);
#46=CIRCLE('',#3202,0.004);
#47=CIRCLE('',#3203,0.004);
#48=CIRCLE('',#3204,0.004);
#49=CIRCLE('',#3239,0.0125);
#50=CIRCLE('',#3240,0.0125);
#51=CIRCLE('',#3242,0.005);
#52=CIRCLE('',#3244,0.005);
#53=CIRCLE('',#3268,0.001);
#54=CIRCLE('',#3269,0.001);
#55=CIRCLE('',#3270,0.001);
#56=CIRCLE('',#3272,0.001);
#57=CIRCLE('',#3275,0.001);
#58=CIRCLE('',#3278,0.001);
#59=CIRCLE('',#3286,0.0075);
#60=CIRCLE('',#3288,0.004);
#61=CIRCLE('',#3291,0.004);
#62=CIRCLE('',#3293,0.002);
#63=CIRCLE('',#3295,0.001);
#64=CIRCLE('',#3297,0.001);
#65=CIRCLE('',#3301,0.002);
#66=CIRCLE('',#3302,0.002);
#67=CIRCLE('',#3306,0.0015);
#68=CIRCLE('',#3307,0.0015);
#69=CIRCLE('',#3308,0.0015);
#70=CIRCLE('',#3320,0.0015);
#71=CIRCLE('',#3323,0.0015);
#72=CIRCLE('',#3326,0.0015);
#73=CYLINDRICAL_SURFACE('',#3118,0.0125);
#74=CYLINDRICAL_SURFACE('',#3121,0.005);
#75=CYLINDRICAL_SURFACE('',#3179,0.003);
#76=CYLINDRICAL_SURFACE('',#3190,0.0075);
#77=CYLINDRICAL_SURFACE('',#3195,0.004);
#78=CYLINDRICAL_SURFACE('',#3238,0.0125);
#79=CYLINDRICAL_SURFACE('',#3245,0.005);
#80=CYLINDRICAL_SURFACE('',#3271,0.001);
#81=CYLINDRICAL_SURFACE('',#3274,0.001);
#82=CYLINDRICAL_SURFACE('',#3277,0.001);
#83=CYLINDRICAL_SURFACE('',#3285,0.0075);
#84=CYLINDRICAL_SURFACE('',#3290,0.004);
#85=CYLINDRICAL_SURFACE('',#3298,0.001);
#86=CYLINDRICAL_SURFACE('',#3299,0.001);
#87=CYLINDRICAL_SURFACE('',#3303,0.002);
#88=CYLINDRICAL_SURFACE('',#3319,0.0015);
#89=CYLINDRICAL_SURFACE('',#3322,0.0015);
#90=CYLINDRICAL_SURFACE('',#3325,0.0015);
#91=SHAPE_REPRESENTATION_RELATIONSHIP('','',#3086,#99);
#92=SHAPE_REPRESENTATION_RELATIONSHIP('','',#3087,#100);
#93=SHAPE_REPRESENTATION_RELATIONSHIP('','',#3088,#101);
#94=SHAPE_REPRESENTATION_RELATIONSHIP('','',#3089,#102);
#95=SHAPE_REPRESENTATION_RELATIONSHIP('','',#3090,#103);
#96=SHAPE_REPRESENTATION_RELATIONSHIP('','',#3091,#104);
#97=SHAPE_REPRESENTATION_RELATIONSHIP('','',#3092,#105);
#98=SHAPE_REPRESENTATION_RELATIONSHIP('','',#3093,#106);
#99=ADVANCED_BREP_SHAPE_REPRESENTATION('',(#3070),#5363);
#100=ADVANCED_BREP_SHAPE_REPRESENTATION('',(#3071),#5364);
#101=ADVANCED_BREP_SHAPE_REPRESENTATION('',(#3072),#5365);
#102=ADVANCED_BREP_SHAPE_REPRESENTATION('',(#3073),#5366);
#103=ADVANCED_BREP_SHAPE_REPRESENTATION('',(#3074),#5367);
#104=ADVANCED_BREP_SHAPE_REPRESENTATION('',(#3075),#5368);
#105=ADVANCED_BREP_SHAPE_REPRESENTATION('',(#3076),#5369);
#106=ADVANCED_BREP_SHAPE_REPRESENTATION('',(#3077),#5370);
#107=ORIENTED_EDGE('',*,*,#897,.T.);
#108=ORIENTED_EDGE('',*,*,#898,.T.);
#109=ORIENTED_EDGE('',*,*,#899,.F.);
#110=ORIENTED_EDGE('',*,*,#900,.F.);
#111=ORIENTED_EDGE('',*,*,#901,.T.);
#112=ORIENTED_EDGE('',*,*,#902,.T.);
#113=ORIENTED_EDGE('',*,*,#903,.F.);
#114=ORIENTED_EDGE('',*,*,#904,.F.);
#115=ORIENTED_EDGE('',*,*,#905,.T.);
#116=ORIENTED_EDGE('',*,*,#906,.T.);
#117=ORIENTED_EDGE('',*,*,#907,.F.);
#118=ORIENTED_EDGE('',*,*,#908,.F.);
#119=ORIENTED_EDGE('',*,*,#909,.F.);
#120=ORIENTED_EDGE('',*,*,#910,.T.);
#121=ORIENTED_EDGE('',*,*,#911,.T.);
#122=ORIENTED_EDGE('',*,*,#912,.F.);
#123=ORIENTED_EDGE('',*,*,#913,.T.);
#124=ORIENTED_EDGE('',*,*,#914,.T.);
#125=ORIENTED_EDGE('',*,*,#915,.F.);
#126=ORIENTED_EDGE('',*,*,#916,.T.);
#127=ORIENTED_EDGE('',*,*,#917,.T.);
#128=ORIENTED_EDGE('',*,*,#918,.T.);
#129=ORIENTED_EDGE('',*,*,#919,.T.);
#130=ORIENTED_EDGE('',*,*,#920,.F.);
#131=ORIENTED_EDGE('',*,*,#898,.F.);
#132=ORIENTED_EDGE('',*,*,#921,.F.);
#133=ORIENTED_EDGE('',*,*,#916,.F.);
#134=ORIENTED_EDGE('',*,*,#922,.T.);
#135=ORIENTED_EDGE('',*,*,#923,.F.);
#136=ORIENTED_EDGE('',*,*,#900,.T.);
#137=ORIENTED_EDGE('',*,*,#924,.T.);
#138=ORIENTED_EDGE('',*,*,#914,.F.);
#139=ORIENTED_EDGE('',*,*,#924,.F.);
#140=ORIENTED_EDGE('',*,*,#899,.T.);
#141=ORIENTED_EDGE('',*,*,#922,.F.);
#142=ORIENTED_EDGE('',*,*,#915,.T.);
#143=ORIENTED_EDGE('',*,*,#925,.F.);
#144=ORIENTED_EDGE('',*,*,#904,.T.);
#145=ORIENTED_EDGE('',*,*,#926,.T.);
#146=ORIENTED_EDGE('',*,*,#918,.F.);
#147=ORIENTED_EDGE('',*,*,#897,.F.);
#148=ORIENTED_EDGE('',*,*,#925,.T.);
#149=ORIENTED_EDGE('',*,*,#917,.F.);
#150=ORIENTED_EDGE('',*,*,#921,.T.);
#151=ORIENTED_EDGE('',*,*,#901,.F.);
#152=ORIENTED_EDGE('',*,*,#923,.T.);
#153=ORIENTED_EDGE('',*,*,#913,.F.);
#154=ORIENTED_EDGE('',*,*,#927,.F.);
#155=ORIENTED_EDGE('',*,*,#926,.F.);
#156=ORIENTED_EDGE('',*,*,#903,.T.);
#157=ORIENTED_EDGE('',*,*,#928,.T.);
#158=ORIENTED_EDGE('',*,*,#919,.F.);
#159=ORIENTED_EDGE('',*,*,#902,.F.);
#160=ORIENTED_EDGE('',*,*,#927,.T.);
#161=ORIENTED_EDGE('',*,*,#920,.T.);
#162=ORIENTED_EDGE('',*,*,#928,.F.);
#163=ORIENTED_EDGE('',*,*,#905,.F.);
#164=ORIENTED_EDGE('',*,*,#929,.F.);
#165=ORIENTED_EDGE('',*,*,#930,.T.);
#166=ORIENTED_EDGE('',*,*,#931,.T.);
#167=ORIENTED_EDGE('',*,*,#908,.T.);
#168=ORIENTED_EDGE('',*,*,#932,.F.);
#169=ORIENTED_EDGE('',*,*,#933,.F.);
#170=ORIENTED_EDGE('',*,*,#929,.T.);
#171=ORIENTED_EDGE('',*,*,#907,.T.);
#172=ORIENTED_EDGE('',*,*,#934,.F.);
#173=ORIENTED_EDGE('',*,*,#935,.F.);
#174=ORIENTED_EDGE('',*,*,#932,.T.);
#175=ORIENTED_EDGE('',*,*,#906,.F.);
#176=ORIENTED_EDGE('',*,*,#931,.F.);
#177=ORIENTED_EDGE('',*,*,#936,.T.);
#178=ORIENTED_EDGE('',*,*,#934,.T.);
#179=ORIENTED_EDGE('',*,*,#930,.F.);
#180=ORIENTED_EDGE('',*,*,#933,.T.);
#181=ORIENTED_EDGE('',*,*,#935,.T.);
#182=ORIENTED_EDGE('',*,*,#936,.F.);
#183=ORIENTED_EDGE('',*,*,#910,.F.);
#184=ORIENTED_EDGE('',*,*,#937,.F.);
#185=ORIENTED_EDGE('',*,*,#938,.T.);
#186=ORIENTED_EDGE('',*,*,#939,.T.);
#187=ORIENTED_EDGE('',*,*,#909,.T.);
#188=ORIENTED_EDGE('',*,*,#940,.F.);
#189=ORIENTED_EDGE('',*,*,#941,.F.);
#190=ORIENTED_EDGE('',*,*,#937,.T.);
#191=ORIENTED_EDGE('',*,*,#912,.T.);
#192=ORIENTED_EDGE('',*,*,#942,.F.);
#193=ORIENTED_EDGE('',*,*,#943,.F.);
#194=ORIENTED_EDGE('',*,*,#940,.T.);
#195=ORIENTED_EDGE('',*,*,#911,.F.);
#196=ORIENTED_EDGE('',*,*,#939,.F.);
#197=ORIENTED_EDGE('',*,*,#944,.T.);
#198=ORIENTED_EDGE('',*,*,#942,.T.);
#199=ORIENTED_EDGE('',*,*,#938,.F.);
#200=ORIENTED_EDGE('',*,*,#941,.T.);
#201=ORIENTED_EDGE('',*,*,#943,.T.);
#202=ORIENTED_EDGE('',*,*,#944,.F.);
#203=ORIENTED_EDGE('',*,*,#945,.T.);
#204=ORIENTED_EDGE('',*,*,#946,.F.);
#205=ORIENTED_EDGE('',*,*,#947,.F.);
#206=ORIENTED_EDGE('',*,*,#948,.T.);
#207=ORIENTED_EDGE('',*,*,#949,.T.);
#208=ORIENTED_EDGE('',*,*,#950,.F.);
#209=ORIENTED_EDGE('',*,*,#951,.F.);
#210=ORIENTED_EDGE('',*,*,#952,.T.);
#211=ORIENTED_EDGE('',*,*,#953,.F.);
#212=ORIENTED_EDGE('',*,*,#954,.T.);
#213=ORIENTED_EDGE('',*,*,#955,.T.);
#214=ORIENTED_EDGE('',*,*,#956,.F.);
#215=ORIENTED_EDGE('',*,*,#957,.F.);
#216=ORIENTED_EDGE('',*,*,#948,.F.);
#217=ORIENTED_EDGE('',*,*,#958,.T.);
#218=ORIENTED_EDGE('',*,*,#959,.F.);
#219=ORIENTED_EDGE('',*,*,#960,.F.);
#220=ORIENTED_EDGE('',*,*,#961,.T.);
#221=ORIENTED_EDGE('',*,*,#962,.T.);
#222=ORIENTED_EDGE('',*,*,#963,.F.);
#223=ORIENTED_EDGE('',*,*,#964,.F.);
#224=ORIENTED_EDGE('',*,*,#965,.T.);
#225=ORIENTED_EDGE('',*,*,#966,.T.);
#226=ORIENTED_EDGE('',*,*,#967,.F.);
#227=ORIENTED_EDGE('',*,*,#968,.T.);
#228=ORIENTED_EDGE('',*,*,#969,.F.);
#229=ORIENTED_EDGE('',*,*,#970,.F.);
#230=ORIENTED_EDGE('',*,*,#971,.T.);
#231=ORIENTED_EDGE('',*,*,#972,.T.);
#232=ORIENTED_EDGE('',*,*,#973,.F.);
#233=ORIENTED_EDGE('',*,*,#974,.T.);
#234=ORIENTED_EDGE('',*,*,#971,.F.);
#235=ORIENTED_EDGE('',*,*,#975,.F.);
#236=ORIENTED_EDGE('',*,*,#963,.T.);
#237=ORIENTED_EDGE('',*,*,#973,.T.);
#238=ORIENTED_EDGE('',*,*,#976,.T.);
#239=ORIENTED_EDGE('',*,*,#968,.F.);
#240=ORIENTED_EDGE('',*,*,#974,.F.);
#241=ORIENTED_EDGE('',*,*,#962,.F.);
#242=ORIENTED_EDGE('',*,*,#976,.F.);
#243=ORIENTED_EDGE('',*,*,#961,.F.);
#244=ORIENTED_EDGE('',*,*,#977,.T.);
#245=ORIENTED_EDGE('',*,*,#969,.T.);
#246=ORIENTED_EDGE('',*,*,#972,.F.);
#247=ORIENTED_EDGE('',*,*,#977,.F.);
#248=ORIENTED_EDGE('',*,*,#960,.T.);
#249=ORIENTED_EDGE('',*,*,#975,.T.);
#250=ORIENTED_EDGE('',*,*,#970,.T.);
#251=ORIENTED_EDGE('',*,*,#978,.F.);
#252=ORIENTED_EDGE('',*,*,#959,.T.);
#253=ORIENTED_EDGE('',*,*,#979,.T.);
#254=ORIENTED_EDGE('',*,*,#980,.F.);
#255=ORIENTED_EDGE('',*,*,#981,.F.);
#256=ORIENTED_EDGE('',*,*,#982,.T.);
#257=ORIENTED_EDGE('',*,*,#951,.T.);
#258=ORIENTED_EDGE('',*,*,#983,.T.);
#259=ORIENTED_EDGE('',*,*,#979,.F.);
#260=ORIENTED_EDGE('',*,*,#958,.F.);
#261=ORIENTED_EDGE('',*,*,#947,.T.);
#262=ORIENTED_EDGE('',*,*,#984,.F.);
#263=ORIENTED_EDGE('',*,*,#981,.T.);
#264=ORIENTED_EDGE('',*,*,#985,.F.);
#265=ORIENTED_EDGE('',*,*,#986,.F.);
#266=ORIENTED_EDGE('',*,*,#987,.T.);
#267=ORIENTED_EDGE('',*,*,#945,.F.);
#268=ORIENTED_EDGE('',*,*,#988,.F.);
#269=ORIENTED_EDGE('',*,*,#986,.T.);
#270=ORIENTED_EDGE('',*,*,#989,.T.);
#271=ORIENTED_EDGE('',*,*,#946,.T.);
#272=ORIENTED_EDGE('',*,*,#989,.F.);
#273=ORIENTED_EDGE('',*,*,#985,.T.);
#274=ORIENTED_EDGE('',*,*,#984,.T.);
#275=ORIENTED_EDGE('',*,*,#988,.T.);
#276=ORIENTED_EDGE('',*,*,#952,.F.);
#277=ORIENTED_EDGE('',*,*,#982,.F.);
#278=ORIENTED_EDGE('',*,*,#987,.F.);
#279=ORIENTED_EDGE('',*,*,#949,.F.);
#280=ORIENTED_EDGE('',*,*,#957,.T.);
#281=ORIENTED_EDGE('',*,*,#978,.T.);
#282=ORIENTED_EDGE('',*,*,#990,.F.);
#283=ORIENTED_EDGE('',*,*,#950,.T.);
#284=ORIENTED_EDGE('',*,*,#990,.T.);
#285=ORIENTED_EDGE('',*,*,#980,.T.);
#286=ORIENTED_EDGE('',*,*,#983,.F.);
#287=ORIENTED_EDGE('',*,*,#965,.F.);
#288=ORIENTED_EDGE('',*,*,#991,.F.);
#289=ORIENTED_EDGE('',*,*,#992,.T.);
#290=ORIENTED_EDGE('',*,*,#993,.T.);
#291=ORIENTED_EDGE('',*,*,#964,.T.);
#292=ORIENTED_EDGE('',*,*,#994,.F.);
#293=ORIENTED_EDGE('',*,*,#995,.F.);
#294=ORIENTED_EDGE('',*,*,#991,.T.);
#295=ORIENTED_EDGE('',*,*,#967,.T.);
#296=ORIENTED_EDGE('',*,*,#996,.F.);
#297=ORIENTED_EDGE('',*,*,#997,.F.);
#298=ORIENTED_EDGE('',*,*,#994,.T.);
#299=ORIENTED_EDGE('',*,*,#966,.F.);
#300=ORIENTED_EDGE('',*,*,#993,.F.);
#301=ORIENTED_EDGE('',*,*,#998,.T.);
#302=ORIENTED_EDGE('',*,*,#996,.T.);
#303=ORIENTED_EDGE('',*,*,#992,.F.);
#304=ORIENTED_EDGE('',*,*,#995,.T.);
#305=ORIENTED_EDGE('',*,*,#997,.T.);
#306=ORIENTED_EDGE('',*,*,#998,.F.);
#307=ORIENTED_EDGE('',*,*,#954,.F.);
#308=ORIENTED_EDGE('',*,*,#999,.F.);
#309=ORIENTED_EDGE('',*,*,#1000,.T.);
#310=ORIENTED_EDGE('',*,*,#1001,.T.);
#311=ORIENTED_EDGE('',*,*,#953,.T.);
#312=ORIENTED_EDGE('',*,*,#1002,.F.);
#313=ORIENTED_EDGE('',*,*,#1003,.F.);
#314=ORIENTED_EDGE('',*,*,#999,.T.);
#315=ORIENTED_EDGE('',*,*,#956,.T.);
#316=ORIENTED_EDGE('',*,*,#1004,.F.);
#317=ORIENTED_EDGE('',*,*,#1005,.F.);
#318=ORIENTED_EDGE('',*,*,#1002,.T.);
#319=ORIENTED_EDGE('',*,*,#955,.F.);
#320=ORIENTED_EDGE('',*,*,#1001,.F.);
#321=ORIENTED_EDGE('',*,*,#1006,.T.);
#322=ORIENTED_EDGE('',*,*,#1004,.T.);
#323=ORIENTED_EDGE('',*,*,#1000,.F.);
#324=ORIENTED_EDGE('',*,*,#1003,.T.);
#325=ORIENTED_EDGE('',*,*,#1005,.T.);
#326=ORIENTED_EDGE('',*,*,#1006,.F.);
#327=ORIENTED_EDGE('',*,*,#1007,.F.);
#328=ORIENTED_EDGE('',*,*,#1008,.T.);
#329=ORIENTED_EDGE('',*,*,#1009,.T.);
#330=ORIENTED_EDGE('',*,*,#1010,.F.);
#331=ORIENTED_EDGE('',*,*,#1011,.F.);
#332=ORIENTED_EDGE('',*,*,#1012,.T.);
#333=ORIENTED_EDGE('',*,*,#1013,.T.);
#334=ORIENTED_EDGE('',*,*,#1014,.F.);
#335=ORIENTED_EDGE('',*,*,#1015,.F.);
#336=ORIENTED_EDGE('',*,*,#1016,.T.);
#337=ORIENTED_EDGE('',*,*,#1017,.T.);
#338=ORIENTED_EDGE('',*,*,#1018,.F.);
#339=ORIENTED_EDGE('',*,*,#1019,.T.);
#340=ORIENTED_EDGE('',*,*,#1020,.F.);
#341=ORIENTED_EDGE('',*,*,#1021,.F.);
#342=ORIENTED_EDGE('',*,*,#1022,.F.);
#343=ORIENTED_EDGE('',*,*,#1023,.F.);
#344=ORIENTED_EDGE('',*,*,#1024,.T.);
#345=ORIENTED_EDGE('',*,*,#1025,.F.);
#346=ORIENTED_EDGE('',*,*,#1026,.F.);
#347=ORIENTED_EDGE('',*,*,#1027,.F.);
#348=ORIENTED_EDGE('',*,*,#1028,.T.);
#349=ORIENTED_EDGE('',*,*,#1029,.T.);
#350=ORIENTED_EDGE('',*,*,#1030,.F.);
#351=ORIENTED_EDGE('',*,*,#1031,.T.);
#352=ORIENTED_EDGE('',*,*,#1010,.T.);
#353=ORIENTED_EDGE('',*,*,#1032,.F.);
#354=ORIENTED_EDGE('',*,*,#1019,.F.);
#355=ORIENTED_EDGE('',*,*,#1009,.F.);
#356=ORIENTED_EDGE('',*,*,#1033,.F.);
#357=ORIENTED_EDGE('',*,*,#1020,.T.);
#358=ORIENTED_EDGE('',*,*,#1032,.T.);
#359=ORIENTED_EDGE('',*,*,#1034,.T.);
#360=ORIENTED_EDGE('',*,*,#1011,.T.);
#361=ORIENTED_EDGE('',*,*,#1031,.F.);
#362=ORIENTED_EDGE('',*,*,#1026,.T.);
#363=ORIENTED_EDGE('',*,*,#1035,.T.);
#364=ORIENTED_EDGE('',*,*,#1007,.T.);
#365=ORIENTED_EDGE('',*,*,#1036,.T.);
#366=ORIENTED_EDGE('',*,*,#1022,.T.);
#367=ORIENTED_EDGE('',*,*,#1013,.F.);
#368=ORIENTED_EDGE('',*,*,#1037,.F.);
#369=ORIENTED_EDGE('',*,*,#1024,.F.);
#370=ORIENTED_EDGE('',*,*,#1038,.F.);
#371=ORIENTED_EDGE('',*,*,#1036,.F.);
#372=ORIENTED_EDGE('',*,*,#1014,.T.);
#373=ORIENTED_EDGE('',*,*,#1038,.T.);
#374=ORIENTED_EDGE('',*,*,#1023,.T.);
#375=ORIENTED_EDGE('',*,*,#1008,.F.);
#376=ORIENTED_EDGE('',*,*,#1035,.F.);
#377=ORIENTED_EDGE('',*,*,#1021,.T.);
#378=ORIENTED_EDGE('',*,*,#1033,.T.);
#379=ORIENTED_EDGE('',*,*,#1012,.F.);
#380=ORIENTED_EDGE('',*,*,#1034,.F.);
#381=ORIENTED_EDGE('',*,*,#1025,.T.);
#382=ORIENTED_EDGE('',*,*,#1037,.T.);
#383=ORIENTED_EDGE('',*,*,#1028,.F.);
#384=ORIENTED_EDGE('',*,*,#1039,.F.);
#385=ORIENTED_EDGE('',*,*,#1040,.T.);
#386=ORIENTED_EDGE('',*,*,#1041,.T.);
#387=ORIENTED_EDGE('',*,*,#1027,.T.);
#388=ORIENTED_EDGE('',*,*,#1042,.F.);
#389=ORIENTED_EDGE('',*,*,#1043,.F.);
#390=ORIENTED_EDGE('',*,*,#1039,.T.);
#391=ORIENTED_EDGE('',*,*,#1030,.T.);
#392=ORIENTED_EDGE('',*,*,#1044,.F.);
#393=ORIENTED_EDGE('',*,*,#1045,.F.);
#394=ORIENTED_EDGE('',*,*,#1042,.T.);
#395=ORIENTED_EDGE('',*,*,#1029,.F.);
#396=ORIENTED_EDGE('',*,*,#1041,.F.);
#397=ORIENTED_EDGE('',*,*,#1046,.T.);
#398=ORIENTED_EDGE('',*,*,#1044,.T.);
#399=ORIENTED_EDGE('',*,*,#1040,.F.);
#400=ORIENTED_EDGE('',*,*,#1043,.T.);
#401=ORIENTED_EDGE('',*,*,#1045,.T.);
#402=ORIENTED_EDGE('',*,*,#1046,.F.);
#403=ORIENTED_EDGE('',*,*,#1016,.F.);
#404=ORIENTED_EDGE('',*,*,#1047,.F.);
#405=ORIENTED_EDGE('',*,*,#1048,.T.);
#406=ORIENTED_EDGE('',*,*,#1049,.T.);
#407=ORIENTED_EDGE('',*,*,#1015,.T.);
#408=ORIENTED_EDGE('',*,*,#1050,.F.);
#409=ORIENTED_EDGE('',*,*,#1051,.F.);
#410=ORIENTED_EDGE('',*,*,#1047,.T.);
#411=ORIENTED_EDGE('',*,*,#1018,.T.);
#412=ORIENTED_EDGE('',*,*,#1052,.F.);
#413=ORIENTED_EDGE('',*,*,#1053,.F.);
#414=ORIENTED_EDGE('',*,*,#1050,.T.);
#415=ORIENTED_EDGE('',*,*,#1017,.F.);
#416=ORIENTED_EDGE('',*,*,#1049,.F.);
#417=ORIENTED_EDGE('',*,*,#1054,.T.);
#418=ORIENTED_EDGE('',*,*,#1052,.T.);
#419=ORIENTED_EDGE('',*,*,#1048,.F.);
#420=ORIENTED_EDGE('',*,*,#1051,.T.);
#421=ORIENTED_EDGE('',*,*,#1053,.T.);
#422=ORIENTED_EDGE('',*,*,#1054,.F.);
#423=ORIENTED_EDGE('',*,*,#1055,.F.);
#424=ORIENTED_EDGE('',*,*,#1056,.T.);
#425=ORIENTED_EDGE('',*,*,#1057,.T.);
#426=ORIENTED_EDGE('',*,*,#1058,.F.);
#427=ORIENTED_EDGE('',*,*,#1059,.F.);
#428=ORIENTED_EDGE('',*,*,#1060,.T.);
#429=ORIENTED_EDGE('',*,*,#1061,.T.);
#430=ORIENTED_EDGE('',*,*,#1062,.F.);
#431=ORIENTED_EDGE('',*,*,#1061,.F.);
#432=ORIENTED_EDGE('',*,*,#1063,.T.);
#433=ORIENTED_EDGE('',*,*,#1064,.T.);
#434=ORIENTED_EDGE('',*,*,#1065,.F.);
#435=ORIENTED_EDGE('',*,*,#1057,.F.);
#436=ORIENTED_EDGE('',*,*,#1066,.T.);
#437=ORIENTED_EDGE('',*,*,#1067,.T.);
#438=ORIENTED_EDGE('',*,*,#1068,.F.);
#439=ORIENTED_EDGE('',*,*,#1069,.F.);
#440=ORIENTED_EDGE('',*,*,#1070,.T.);
#441=ORIENTED_EDGE('',*,*,#1071,.T.);
#442=ORIENTED_EDGE('',*,*,#1064,.F.);
#443=ORIENTED_EDGE('',*,*,#1072,.F.);
#444=ORIENTED_EDGE('',*,*,#1073,.T.);
#445=ORIENTED_EDGE('',*,*,#1074,.T.);
#446=ORIENTED_EDGE('',*,*,#1075,.T.);
#447=ORIENTED_EDGE('',*,*,#1076,.T.);
#448=ORIENTED_EDGE('',*,*,#1077,.F.);
#449=ORIENTED_EDGE('',*,*,#1078,.F.);
#450=ORIENTED_EDGE('',*,*,#1079,.T.);
#451=ORIENTED_EDGE('',*,*,#1080,.T.);
#452=ORIENTED_EDGE('',*,*,#1069,.T.);
#453=ORIENTED_EDGE('',*,*,#1063,.F.);
#454=ORIENTED_EDGE('',*,*,#1060,.F.);
#455=ORIENTED_EDGE('',*,*,#1081,.F.);
#456=ORIENTED_EDGE('',*,*,#1082,.T.);
#457=ORIENTED_EDGE('',*,*,#1083,.T.);
#458=ORIENTED_EDGE('',*,*,#1084,.T.);
#459=ORIENTED_EDGE('',*,*,#1085,.T.);
#460=ORIENTED_EDGE('',*,*,#1086,.F.);
#461=ORIENTED_EDGE('',*,*,#1087,.F.);
#462=ORIENTED_EDGE('',*,*,#1088,.T.);
#463=ORIENTED_EDGE('',*,*,#1089,.T.);
#464=ORIENTED_EDGE('',*,*,#1090,.T.);
#465=ORIENTED_EDGE('',*,*,#1066,.F.);
#466=ORIENTED_EDGE('',*,*,#1056,.F.);
#467=ORIENTED_EDGE('',*,*,#1091,.F.);
#468=ORIENTED_EDGE('',*,*,#1092,.T.);
#469=ORIENTED_EDGE('',*,*,#1093,.F.);
#470=ORIENTED_EDGE('',*,*,#1094,.F.);
#471=ORIENTED_EDGE('',*,*,#1093,.T.);
#472=ORIENTED_EDGE('',*,*,#1095,.T.);
#473=ORIENTED_EDGE('',*,*,#1095,.F.);
#474=ORIENTED_EDGE('',*,*,#1092,.F.);
#475=ORIENTED_EDGE('',*,*,#1096,.F.);
#476=ORIENTED_EDGE('',*,*,#1097,.T.);
#477=ORIENTED_EDGE('',*,*,#1098,.T.);
#478=ORIENTED_EDGE('',*,*,#1058,.T.);
#479=ORIENTED_EDGE('',*,*,#1068,.T.);
#480=ORIENTED_EDGE('',*,*,#1099,.F.);
#481=ORIENTED_EDGE('',*,*,#1100,.F.);
#482=ORIENTED_EDGE('',*,*,#1101,.F.);
#483=ORIENTED_EDGE('',*,*,#1102,.T.);
#484=ORIENTED_EDGE('',*,*,#1103,.T.);
#485=ORIENTED_EDGE('',*,*,#1104,.F.);
#486=ORIENTED_EDGE('',*,*,#1105,.F.);
#487=ORIENTED_EDGE('',*,*,#1106,.F.);
#488=ORIENTED_EDGE('',*,*,#1107,.T.);
#489=ORIENTED_EDGE('',*,*,#1108,.T.);
#490=ORIENTED_EDGE('',*,*,#1062,.T.);
#491=ORIENTED_EDGE('',*,*,#1065,.T.);
#492=ORIENTED_EDGE('',*,*,#1071,.F.);
#493=ORIENTED_EDGE('',*,*,#1109,.F.);
#494=ORIENTED_EDGE('',*,*,#1110,.F.);
#495=ORIENTED_EDGE('',*,*,#1111,.T.);
#496=ORIENTED_EDGE('',*,*,#1112,.T.);
#497=ORIENTED_EDGE('',*,*,#1113,.F.);
#498=ORIENTED_EDGE('',*,*,#1114,.F.);
#499=ORIENTED_EDGE('',*,*,#1094,.T.);
#500=ORIENTED_EDGE('',*,*,#1067,.F.);
#501=ORIENTED_EDGE('',*,*,#1090,.F.);
#502=ORIENTED_EDGE('',*,*,#1115,.T.);
#503=ORIENTED_EDGE('',*,*,#1099,.T.);
#504=ORIENTED_EDGE('',*,*,#1091,.T.);
#505=ORIENTED_EDGE('',*,*,#1115,.F.);
#506=ORIENTED_EDGE('',*,*,#1089,.F.);
#507=ORIENTED_EDGE('',*,*,#1116,.T.);
#508=ORIENTED_EDGE('',*,*,#1100,.T.);
#509=ORIENTED_EDGE('',*,*,#1088,.F.);
#510=ORIENTED_EDGE('',*,*,#1117,.T.);
#511=ORIENTED_EDGE('',*,*,#1101,.T.);
#512=ORIENTED_EDGE('',*,*,#1116,.F.);
#513=ORIENTED_EDGE('',*,*,#1070,.F.);
#514=ORIENTED_EDGE('',*,*,#1080,.F.);
#515=ORIENTED_EDGE('',*,*,#1118,.T.);
#516=ORIENTED_EDGE('',*,*,#1109,.T.);
#517=ORIENTED_EDGE('',*,*,#1118,.F.);
#518=ORIENTED_EDGE('',*,*,#1079,.F.);
#519=ORIENTED_EDGE('',*,*,#1119,.T.);
#520=ORIENTED_EDGE('',*,*,#1110,.T.);
#521=ORIENTED_EDGE('',*,*,#1120,.T.);
#522=ORIENTED_EDGE('',*,*,#1102,.F.);
#523=ORIENTED_EDGE('',*,*,#1117,.F.);
#524=ORIENTED_EDGE('',*,*,#1087,.T.);
#525=ORIENTED_EDGE('',*,*,#1086,.T.);
#526=ORIENTED_EDGE('',*,*,#1121,.T.);
#527=ORIENTED_EDGE('',*,*,#1103,.F.);
#528=ORIENTED_EDGE('',*,*,#1120,.F.);
#529=ORIENTED_EDGE('',*,*,#1122,.T.);
#530=ORIENTED_EDGE('',*,*,#1111,.F.);
#531=ORIENTED_EDGE('',*,*,#1119,.F.);
#532=ORIENTED_EDGE('',*,*,#1078,.T.);
#533=ORIENTED_EDGE('',*,*,#1077,.T.);
#534=ORIENTED_EDGE('',*,*,#1123,.T.);
#535=ORIENTED_EDGE('',*,*,#1112,.F.);
#536=ORIENTED_EDGE('',*,*,#1122,.F.);
#537=ORIENTED_EDGE('',*,*,#1108,.F.);
#538=ORIENTED_EDGE('',*,*,#1124,.T.);
#539=ORIENTED_EDGE('',*,*,#1081,.T.);
#540=ORIENTED_EDGE('',*,*,#1059,.T.);
#541=ORIENTED_EDGE('',*,*,#1121,.F.);
#542=ORIENTED_EDGE('',*,*,#1085,.F.);
#543=ORIENTED_EDGE('',*,*,#1125,.T.);
#544=ORIENTED_EDGE('',*,*,#1104,.T.);
#545=ORIENTED_EDGE('',*,*,#1125,.F.);
#546=ORIENTED_EDGE('',*,*,#1084,.F.);
#547=ORIENTED_EDGE('',*,*,#1126,.F.);
#548=ORIENTED_EDGE('',*,*,#1105,.T.);
#549=ORIENTED_EDGE('',*,*,#1083,.F.);
#550=ORIENTED_EDGE('',*,*,#1127,.T.);
#551=ORIENTED_EDGE('',*,*,#1106,.T.);
#552=ORIENTED_EDGE('',*,*,#1126,.T.);
#553=ORIENTED_EDGE('',*,*,#1098,.F.);
#554=ORIENTED_EDGE('',*,*,#1128,.T.);
#555=ORIENTED_EDGE('',*,*,#1072,.T.);
#556=ORIENTED_EDGE('',*,*,#1055,.T.);
#557=ORIENTED_EDGE('',*,*,#1123,.F.);
#558=ORIENTED_EDGE('',*,*,#1076,.F.);
#559=ORIENTED_EDGE('',*,*,#1129,.T.);
#560=ORIENTED_EDGE('',*,*,#1113,.T.);
#561=ORIENTED_EDGE('',*,*,#1129,.F.);
#562=ORIENTED_EDGE('',*,*,#1075,.F.);
#563=ORIENTED_EDGE('',*,*,#1130,.T.);
#564=ORIENTED_EDGE('',*,*,#1114,.T.);
#565=ORIENTED_EDGE('',*,*,#1074,.F.);
#566=ORIENTED_EDGE('',*,*,#1131,.T.);
#567=ORIENTED_EDGE('',*,*,#1096,.T.);
#568=ORIENTED_EDGE('',*,*,#1130,.F.);
#569=ORIENTED_EDGE('',*,*,#1073,.F.);
#570=ORIENTED_EDGE('',*,*,#1128,.F.);
#571=ORIENTED_EDGE('',*,*,#1097,.F.);
#572=ORIENTED_EDGE('',*,*,#1131,.F.);
#573=ORIENTED_EDGE('',*,*,#1082,.F.);
#574=ORIENTED_EDGE('',*,*,#1124,.F.);
#575=ORIENTED_EDGE('',*,*,#1107,.F.);
#576=ORIENTED_EDGE('',*,*,#1127,.F.);
#577=ORIENTED_EDGE('',*,*,#1132,.F.);
#578=ORIENTED_EDGE('',*,*,#1133,.T.);
#579=ORIENTED_EDGE('',*,*,#1134,.T.);
#580=ORIENTED_EDGE('',*,*,#1135,.F.);
#581=ORIENTED_EDGE('',*,*,#1136,.T.);
#582=ORIENTED_EDGE('',*,*,#1137,.F.);
#583=ORIENTED_EDGE('',*,*,#1138,.T.);
#584=ORIENTED_EDGE('',*,*,#1139,.T.);
#585=ORIENTED_EDGE('',*,*,#1140,.F.);
#586=ORIENTED_EDGE('',*,*,#1141,.T.);
#587=ORIENTED_EDGE('',*,*,#1142,.T.);
#588=ORIENTED_EDGE('',*,*,#1143,.F.);
#589=ORIENTED_EDGE('',*,*,#1144,.F.);
#590=ORIENTED_EDGE('',*,*,#1145,.T.);
#591=ORIENTED_EDGE('',*,*,#1146,.T.);
#592=ORIENTED_EDGE('',*,*,#1147,.F.);
#593=ORIENTED_EDGE('',*,*,#1148,.T.);
#594=ORIENTED_EDGE('',*,*,#1149,.F.);
#595=ORIENTED_EDGE('',*,*,#1136,.F.);
#596=ORIENTED_EDGE('',*,*,#1150,.T.);
#597=ORIENTED_EDGE('',*,*,#1151,.T.);
#598=ORIENTED_EDGE('',*,*,#1152,.F.);
#599=ORIENTED_EDGE('',*,*,#1153,.F.);
#600=ORIENTED_EDGE('',*,*,#1154,.T.);
#601=ORIENTED_EDGE('',*,*,#1137,.T.);
#602=ORIENTED_EDGE('',*,*,#1149,.T.);
#603=ORIENTED_EDGE('',*,*,#1155,.F.);
#604=ORIENTED_EDGE('',*,*,#1156,.F.);
#605=ORIENTED_EDGE('',*,*,#1153,.T.);
#606=ORIENTED_EDGE('',*,*,#1157,.T.);
#607=ORIENTED_EDGE('',*,*,#1158,.T.);
#608=ORIENTED_EDGE('',*,*,#1159,.F.);
#609=ORIENTED_EDGE('',*,*,#1160,.F.);
#610=ORIENTED_EDGE('',*,*,#1151,.F.);
#611=ORIENTED_EDGE('',*,*,#1161,.T.);
#612=ORIENTED_EDGE('',*,*,#1162,.F.);
#613=ORIENTED_EDGE('',*,*,#1157,.F.);
#614=ORIENTED_EDGE('',*,*,#1152,.T.);
#615=ORIENTED_EDGE('',*,*,#1160,.T.);
#616=ORIENTED_EDGE('',*,*,#1163,.T.);
#617=ORIENTED_EDGE('',*,*,#1138,.F.);
#618=ORIENTED_EDGE('',*,*,#1156,.T.);
#619=ORIENTED_EDGE('',*,*,#1164,.T.);
#620=ORIENTED_EDGE('',*,*,#1165,.F.);
#621=ORIENTED_EDGE('',*,*,#1154,.F.);
#622=ORIENTED_EDGE('',*,*,#1159,.T.);
#623=ORIENTED_EDGE('',*,*,#1166,.F.);
#624=ORIENTED_EDGE('',*,*,#1161,.F.);
#625=ORIENTED_EDGE('',*,*,#1150,.F.);
#626=ORIENTED_EDGE('',*,*,#1139,.F.);
#627=ORIENTED_EDGE('',*,*,#1165,.T.);
#628=ORIENTED_EDGE('',*,*,#1167,.T.);
#629=ORIENTED_EDGE('',*,*,#1155,.T.);
#630=ORIENTED_EDGE('',*,*,#1148,.F.);
#631=ORIENTED_EDGE('',*,*,#1167,.F.);
#632=ORIENTED_EDGE('',*,*,#1164,.F.);
#633=ORIENTED_EDGE('',*,*,#1166,.T.);
#634=ORIENTED_EDGE('',*,*,#1158,.F.);
#635=ORIENTED_EDGE('',*,*,#1163,.F.);
#636=ORIENTED_EDGE('',*,*,#1162,.T.);
#637=ORIENTED_EDGE('',*,*,#1168,.F.);
#638=ORIENTED_EDGE('',*,*,#1133,.F.);
#639=ORIENTED_EDGE('',*,*,#1169,.T.);
#640=ORIENTED_EDGE('',*,*,#1170,.T.);
#641=ORIENTED_EDGE('',*,*,#1171,.T.);
#642=ORIENTED_EDGE('',*,*,#1172,.F.);
#643=ORIENTED_EDGE('',*,*,#1173,.F.);
#644=ORIENTED_EDGE('',*,*,#1135,.T.);
#645=ORIENTED_EDGE('',*,*,#1174,.T.);
#646=ORIENTED_EDGE('',*,*,#1170,.F.);
#647=ORIENTED_EDGE('',*,*,#1175,.F.);
#648=ORIENTED_EDGE('',*,*,#1172,.T.);
#649=ORIENTED_EDGE('',*,*,#1176,.F.);
#650=ORIENTED_EDGE('',*,*,#1169,.F.);
#651=ORIENTED_EDGE('',*,*,#1132,.T.);
#652=ORIENTED_EDGE('',*,*,#1173,.T.);
#653=ORIENTED_EDGE('',*,*,#1175,.T.);
#654=ORIENTED_EDGE('',*,*,#1177,.T.);
#655=ORIENTED_EDGE('',*,*,#1168,.T.);
#656=ORIENTED_EDGE('',*,*,#1174,.F.);
#657=ORIENTED_EDGE('',*,*,#1171,.F.);
#658=ORIENTED_EDGE('',*,*,#1134,.F.);
#659=ORIENTED_EDGE('',*,*,#1176,.T.);
#660=ORIENTED_EDGE('',*,*,#1177,.F.);
#661=ORIENTED_EDGE('',*,*,#1141,.F.);
#662=ORIENTED_EDGE('',*,*,#1178,.F.);
#663=ORIENTED_EDGE('',*,*,#1179,.T.);
#664=ORIENTED_EDGE('',*,*,#1180,.T.);
#665=ORIENTED_EDGE('',*,*,#1140,.T.);
#666=ORIENTED_EDGE('',*,*,#1181,.F.);
#667=ORIENTED_EDGE('',*,*,#1182,.F.);
#668=ORIENTED_EDGE('',*,*,#1178,.T.);
#669=ORIENTED_EDGE('',*,*,#1143,.T.);
#670=ORIENTED_EDGE('',*,*,#1183,.F.);
#671=ORIENTED_EDGE('',*,*,#1184,.F.);
#672=ORIENTED_EDGE('',*,*,#1181,.T.);
#673=ORIENTED_EDGE('',*,*,#1142,.F.);
#674=ORIENTED_EDGE('',*,*,#1180,.F.);
#675=ORIENTED_EDGE('',*,*,#1185,.T.);
#676=ORIENTED_EDGE('',*,*,#1183,.T.);
#677=ORIENTED_EDGE('',*,*,#1179,.F.);
#678=ORIENTED_EDGE('',*,*,#1182,.T.);
#679=ORIENTED_EDGE('',*,*,#1184,.T.);
#680=ORIENTED_EDGE('',*,*,#1185,.F.);
#681=ORIENTED_EDGE('',*,*,#1145,.F.);
#682=ORIENTED_EDGE('',*,*,#1186,.F.);
#683=ORIENTED_EDGE('',*,*,#1187,.T.);
#684=ORIENTED_EDGE('',*,*,#1188,.T.);
#685=ORIENTED_EDGE('',*,*,#1144,.T.);
#686=ORIENTED_EDGE('',*,*,#1189,.F.);
#687=ORIENTED_EDGE('',*,*,#1190,.F.);
#688=ORIENTED_EDGE('',*,*,#1186,.T.);
#689=ORIENTED_EDGE('',*,*,#1147,.T.);
#690=ORIENTED_EDGE('',*,*,#1191,.F.);
#691=ORIENTED_EDGE('',*,*,#1192,.F.);
#692=ORIENTED_EDGE('',*,*,#1189,.T.);
#693=ORIENTED_EDGE('',*,*,#1146,.F.);
#694=ORIENTED_EDGE('',*,*,#1188,.F.);
#695=ORIENTED_EDGE('',*,*,#1193,.T.);
#696=ORIENTED_EDGE('',*,*,#1191,.T.);
#697=ORIENTED_EDGE('',*,*,#1187,.F.);
#698=ORIENTED_EDGE('',*,*,#1190,.T.);
#699=ORIENTED_EDGE('',*,*,#1192,.T.);
#700=ORIENTED_EDGE('',*,*,#1193,.F.);
#701=ORIENTED_EDGE('',*,*,#1194,.F.);
#702=ORIENTED_EDGE('',*,*,#1195,.T.);
#703=ORIENTED_EDGE('',*,*,#1196,.T.);
#704=ORIENTED_EDGE('',*,*,#1197,.T.);
#705=ORIENTED_EDGE('',*,*,#1198,.F.);
#706=ORIENTED_EDGE('',*,*,#1199,.F.);
#707=ORIENTED_EDGE('',*,*,#1200,.T.);
#708=ORIENTED_EDGE('',*,*,#1195,.F.);
#709=ORIENTED_EDGE('',*,*,#1201,.T.);
#710=ORIENTED_EDGE('',*,*,#1202,.T.);
#711=ORIENTED_EDGE('',*,*,#1203,.F.);
#712=ORIENTED_EDGE('',*,*,#1204,.T.);
#713=ORIENTED_EDGE('',*,*,#1205,.T.);
#714=ORIENTED_EDGE('',*,*,#1199,.T.);
#715=ORIENTED_EDGE('',*,*,#1206,.F.);
#716=ORIENTED_EDGE('',*,*,#1207,.F.);
#717=ORIENTED_EDGE('',*,*,#1208,.T.);
#718=ORIENTED_EDGE('',*,*,#1209,.T.);
#719=ORIENTED_EDGE('',*,*,#1210,.T.);
#720=ORIENTED_EDGE('',*,*,#1211,.T.);
#721=ORIENTED_EDGE('',*,*,#1212,.F.);
#722=ORIENTED_EDGE('',*,*,#1197,.F.);
#723=ORIENTED_EDGE('',*,*,#1213,.T.);
#724=ORIENTED_EDGE('',*,*,#1214,.T.);
#725=ORIENTED_EDGE('',*,*,#1207,.T.);
#726=ORIENTED_EDGE('',*,*,#1215,.T.);
#727=ORIENTED_EDGE('',*,*,#1216,.F.);
#728=ORIENTED_EDGE('',*,*,#1217,.F.);
#729=ORIENTED_EDGE('',*,*,#1218,.F.);
#730=ORIENTED_EDGE('',*,*,#1211,.F.);
#731=ORIENTED_EDGE('',*,*,#1219,.T.);
#732=ORIENTED_EDGE('',*,*,#1216,.T.);
#733=ORIENTED_EDGE('',*,*,#1210,.F.);
#734=ORIENTED_EDGE('',*,*,#1220,.T.);
#735=ORIENTED_EDGE('',*,*,#1221,.T.);
#736=ORIENTED_EDGE('',*,*,#1201,.F.);
#737=ORIENTED_EDGE('',*,*,#1217,.T.);
#738=ORIENTED_EDGE('',*,*,#1219,.F.);
#739=ORIENTED_EDGE('',*,*,#1222,.F.);
#740=ORIENTED_EDGE('',*,*,#1223,.T.);
#741=ORIENTED_EDGE('',*,*,#1203,.T.);
#742=ORIENTED_EDGE('',*,*,#1224,.T.);
#743=ORIENTED_EDGE('',*,*,#1208,.F.);
#744=ORIENTED_EDGE('',*,*,#1225,.T.);
#745=ORIENTED_EDGE('',*,*,#1222,.T.);
#746=ORIENTED_EDGE('',*,*,#1226,.T.);
#747=ORIENTED_EDGE('',*,*,#1227,.T.);
#748=ORIENTED_EDGE('',*,*,#1228,.T.);
#749=ORIENTED_EDGE('',*,*,#1213,.F.);
#750=ORIENTED_EDGE('',*,*,#1196,.F.);
#751=ORIENTED_EDGE('',*,*,#1200,.F.);
#752=ORIENTED_EDGE('',*,*,#1205,.F.);
#753=ORIENTED_EDGE('',*,*,#1229,.F.);
#754=ORIENTED_EDGE('',*,*,#1230,.F.);
#755=ORIENTED_EDGE('',*,*,#1231,.F.);
#756=ORIENTED_EDGE('',*,*,#1194,.T.);
#757=ORIENTED_EDGE('',*,*,#1212,.T.);
#758=ORIENTED_EDGE('',*,*,#1218,.T.);
#759=ORIENTED_EDGE('',*,*,#1215,.F.);
#760=ORIENTED_EDGE('',*,*,#1206,.T.);
#761=ORIENTED_EDGE('',*,*,#1198,.T.);
#762=ORIENTED_EDGE('',*,*,#1232,.F.);
#763=ORIENTED_EDGE('',*,*,#1231,.T.);
#764=ORIENTED_EDGE('',*,*,#1232,.T.);
#765=ORIENTED_EDGE('',*,*,#1233,.F.);
#766=ORIENTED_EDGE('',*,*,#1230,.T.);
#767=ORIENTED_EDGE('',*,*,#1233,.T.);
#768=ORIENTED_EDGE('',*,*,#1234,.F.);
#769=ORIENTED_EDGE('',*,*,#1229,.T.);
#770=ORIENTED_EDGE('',*,*,#1234,.T.);
#771=ORIENTED_EDGE('',*,*,#1204,.F.);
#772=ORIENTED_EDGE('',*,*,#1223,.F.);
#773=ORIENTED_EDGE('',*,*,#1235,.F.);
#774=ORIENTED_EDGE('',*,*,#1227,.F.);
#775=ORIENTED_EDGE('',*,*,#1235,.T.);
#776=ORIENTED_EDGE('',*,*,#1225,.F.);
#777=ORIENTED_EDGE('',*,*,#1214,.F.);
#778=ORIENTED_EDGE('',*,*,#1228,.F.);
#779=ORIENTED_EDGE('',*,*,#1202,.F.);
#780=ORIENTED_EDGE('',*,*,#1221,.F.);
#781=ORIENTED_EDGE('',*,*,#1236,.F.);
#782=ORIENTED_EDGE('',*,*,#1224,.F.);
#783=ORIENTED_EDGE('',*,*,#1236,.T.);
#784=ORIENTED_EDGE('',*,*,#1220,.F.);
#785=ORIENTED_EDGE('',*,*,#1209,.F.);
#786=ORIENTED_EDGE('',*,*,#1226,.F.);
#787=ORIENTED_EDGE('',*,*,#1237,.T.);
#788=ORIENTED_EDGE('',*,*,#1238,.F.);
#789=ORIENTED_EDGE('',*,*,#1239,.F.);
#790=ORIENTED_EDGE('',*,*,#1238,.T.);
#791=ORIENTED_EDGE('',*,*,#1240,.T.);
#792=ORIENTED_EDGE('',*,*,#1240,.F.);
#793=ORIENTED_EDGE('',*,*,#1237,.F.);
#794=ORIENTED_EDGE('',*,*,#1241,.F.);
#795=ORIENTED_EDGE('',*,*,#1239,.T.);
#796=ORIENTED_EDGE('',*,*,#1242,.F.);
#797=ORIENTED_EDGE('',*,*,#1241,.T.);
#798=ORIENTED_EDGE('',*,*,#1243,.T.);
#799=ORIENTED_EDGE('',*,*,#1244,.F.);
#800=ORIENTED_EDGE('',*,*,#1243,.F.);
#801=ORIENTED_EDGE('',*,*,#1245,.T.);
#802=ORIENTED_EDGE('',*,*,#1244,.T.);
#803=ORIENTED_EDGE('',*,*,#1246,.T.);
#804=ORIENTED_EDGE('',*,*,#1247,.T.);
#805=ORIENTED_EDGE('',*,*,#1248,.T.);
#806=ORIENTED_EDGE('',*,*,#1242,.T.);
#807=ORIENTED_EDGE('',*,*,#1247,.F.);
#808=ORIENTED_EDGE('',*,*,#1246,.F.);
#809=ORIENTED_EDGE('',*,*,#1248,.F.);
#810=ORIENTED_EDGE('',*,*,#1245,.F.);
#811=ORIENTED_EDGE('',*,*,#1249,.F.);
#812=ORIENTED_EDGE('',*,*,#1250,.F.);
#813=ORIENTED_EDGE('',*,*,#1251,.F.);
#814=ORIENTED_EDGE('',*,*,#1252,.F.);
#815=ORIENTED_EDGE('',*,*,#1253,.F.);
#816=ORIENTED_EDGE('',*,*,#1254,.F.);
#817=ORIENTED_EDGE('',*,*,#1255,.T.);
#818=ORIENTED_EDGE('',*,*,#1256,.F.);
#819=ORIENTED_EDGE('',*,*,#1257,.F.);
#820=ORIENTED_EDGE('',*,*,#1258,.F.);
#821=ORIENTED_EDGE('',*,*,#1259,.T.);
#822=ORIENTED_EDGE('',*,*,#1260,.T.);
#823=ORIENTED_EDGE('',*,*,#1261,.T.);
#824=ORIENTED_EDGE('',*,*,#1262,.F.);
#825=ORIENTED_EDGE('',*,*,#1263,.T.);
#826=ORIENTED_EDGE('',*,*,#1264,.T.);
#827=ORIENTED_EDGE('',*,*,#1265,.F.);
#828=ORIENTED_EDGE('',*,*,#1266,.F.);
#829=ORIENTED_EDGE('',*,*,#1267,.F.);
#830=ORIENTED_EDGE('',*,*,#1260,.F.);
#831=ORIENTED_EDGE('',*,*,#1268,.T.);
#832=ORIENTED_EDGE('',*,*,#1269,.T.);
#833=ORIENTED_EDGE('',*,*,#1270,.T.);
#834=ORIENTED_EDGE('',*,*,#1271,.T.);
#835=ORIENTED_EDGE('',*,*,#1272,.T.);
#836=ORIENTED_EDGE('',*,*,#1273,.F.);
#837=ORIENTED_EDGE('',*,*,#1274,.F.);
#838=ORIENTED_EDGE('',*,*,#1275,.T.);
#839=ORIENTED_EDGE('',*,*,#1276,.F.);
#840=ORIENTED_EDGE('',*,*,#1277,.F.);
#841=ORIENTED_EDGE('',*,*,#1256,.T.);
#842=ORIENTED_EDGE('',*,*,#1278,.T.);
#843=ORIENTED_EDGE('',*,*,#1274,.T.);
#844=ORIENTED_EDGE('',*,*,#1255,.F.);
#845=ORIENTED_EDGE('',*,*,#1279,.T.);
#846=ORIENTED_EDGE('',*,*,#1275,.F.);
#847=ORIENTED_EDGE('',*,*,#1278,.F.);
#848=ORIENTED_EDGE('',*,*,#1273,.T.);
#849=ORIENTED_EDGE('',*,*,#1280,.T.);
#850=ORIENTED_EDGE('',*,*,#1269,.F.);
#851=ORIENTED_EDGE('',*,*,#1281,.T.);
#852=ORIENTED_EDGE('',*,*,#1262,.T.);
#853=ORIENTED_EDGE('',*,*,#1282,.F.);
#854=ORIENTED_EDGE('',*,*,#1257,.T.);
#855=ORIENTED_EDGE('',*,*,#1277,.T.);
#856=ORIENTED_EDGE('',*,*,#1258,.T.);
#857=ORIENTED_EDGE('',*,*,#1283,.T.);
#858=ORIENTED_EDGE('',*,*,#1276,.T.);
#859=ORIENTED_EDGE('',*,*,#1279,.F.);
#860=ORIENTED_EDGE('',*,*,#1254,.T.);
#861=ORIENTED_EDGE('',*,*,#1284,.T.);
#862=ORIENTED_EDGE('',*,*,#1265,.T.);
#863=ORIENTED_EDGE('',*,*,#1285,.T.);
#864=ORIENTED_EDGE('',*,*,#1284,.F.);
#865=ORIENTED_EDGE('',*,*,#1253,.T.);
#866=ORIENTED_EDGE('',*,*,#1286,.F.);
#867=ORIENTED_EDGE('',*,*,#1266,.T.);
#868=ORIENTED_EDGE('',*,*,#1286,.T.);
#869=ORIENTED_EDGE('',*,*,#1252,.T.);
#870=ORIENTED_EDGE('',*,*,#1282,.T.);
#871=ORIENTED_EDGE('',*,*,#1267,.T.);
#872=ORIENTED_EDGE('',*,*,#1287,.F.);
#873=ORIENTED_EDGE('',*,*,#1251,.T.);
#874=ORIENTED_EDGE('',*,*,#1287,.T.);
#875=ORIENTED_EDGE('',*,*,#1288,.F.);
#876=ORIENTED_EDGE('',*,*,#1250,.T.);
#877=ORIENTED_EDGE('',*,*,#1288,.T.);
#878=ORIENTED_EDGE('',*,*,#1289,.F.);
#879=ORIENTED_EDGE('',*,*,#1249,.T.);
#880=ORIENTED_EDGE('',*,*,#1289,.T.);
#881=ORIENTED_EDGE('',*,*,#1285,.F.);
#882=ORIENTED_EDGE('',*,*,#1264,.F.);
#883=ORIENTED_EDGE('',*,*,#1290,.F.);
#884=ORIENTED_EDGE('',*,*,#1259,.F.);
#885=ORIENTED_EDGE('',*,*,#1290,.T.);
#886=ORIENTED_EDGE('',*,*,#1263,.F.);
#887=ORIENTED_EDGE('',*,*,#1281,.F.);
#888=ORIENTED_EDGE('',*,*,#1268,.F.);
#889=ORIENTED_EDGE('',*,*,#1283,.F.);
#890=ORIENTED_EDGE('',*,*,#1261,.F.);
#891=ORIENTED_EDGE('',*,*,#1291,.F.);
#892=ORIENTED_EDGE('',*,*,#1271,.F.);
#893=ORIENTED_EDGE('',*,*,#1291,.T.);
#894=ORIENTED_EDGE('',*,*,#1270,.F.);
#895=ORIENTED_EDGE('',*,*,#1280,.F.);
#896=ORIENTED_EDGE('',*,*,#1272,.F.);
#897=EDGE_CURVE('',#1292,#1293,#1563,.T.);
#898=EDGE_CURVE('',#1293,#1294,#1564,.T.);
#899=EDGE_CURVE('',#1295,#1294,#1565,.T.);
#900=EDGE_CURVE('',#1296,#1295,#1566,.T.);
#901=EDGE_CURVE('',#1296,#1297,#1567,.T.);
#902=EDGE_CURVE('',#1297,#1298,#1568,.T.);
#903=EDGE_CURVE('',#1299,#1298,#1569,.T.);
#904=EDGE_CURVE('',#1292,#1299,#1570,.T.);
#905=EDGE_CURVE('',#1300,#1301,#1571,.T.);
#906=EDGE_CURVE('',#1301,#1302,#1572,.T.);
#907=EDGE_CURVE('',#1303,#1302,#1573,.T.);
#908=EDGE_CURVE('',#1300,#1303,#1574,.T.);
#909=EDGE_CURVE('',#1304,#1305,#1575,.T.);
#910=EDGE_CURVE('',#1304,#1306,#1576,.T.);
#911=EDGE_CURVE('',#1306,#1307,#1577,.T.);
#912=EDGE_CURVE('',#1305,#1307,#1578,.T.);
#913=EDGE_CURVE('',#1308,#1309,#1579,.T.);
#914=EDGE_CURVE('',#1309,#1310,#1580,.T.);
#915=EDGE_CURVE('',#1311,#1310,#1581,.T.);
#916=EDGE_CURVE('',#1311,#1312,#1582,.T.);
#917=EDGE_CURVE('',#1312,#1313,#1583,.T.);
#918=EDGE_CURVE('',#1313,#1314,#1584,.T.);
#919=EDGE_CURVE('',#1314,#1315,#1585,.T.);
#920=EDGE_CURVE('',#1308,#1315,#1586,.T.);
#921=EDGE_CURVE('',#1312,#1293,#1587,.T.);
#922=EDGE_CURVE('',#1311,#1294,#1588,.T.);
#923=EDGE_CURVE('',#1296,#1309,#1589,.T.);
#924=EDGE_CURVE('',#1295,#1310,#1590,.T.);
#925=EDGE_CURVE('',#1292,#1313,#1591,.T.);
#926=EDGE_CURVE('',#1299,#1314,#1592,.T.);
#927=EDGE_CURVE('',#1297,#1308,#1593,.T.);
#928=EDGE_CURVE('',#1298,#1315,#1594,.T.);
#929=EDGE_CURVE('',#1316,#1300,#1595,.T.);
#930=EDGE_CURVE('',#1316,#1317,#1596,.T.);
#931=EDGE_CURVE('',#1317,#1301,#1597,.T.);
#932=EDGE_CURVE('',#1318,#1303,#1598,.T.);
#933=EDGE_CURVE('',#1316,#1318,#1599,.T.);
#934=EDGE_CURVE('',#1319,#1302,#1600,.T.);
#935=EDGE_CURVE('',#1318,#1319,#1601,.T.);
#936=EDGE_CURVE('',#1317,#1319,#1602,.T.);
#937=EDGE_CURVE('',#1320,#1304,#1603,.T.);
#938=EDGE_CURVE('',#1320,#1321,#1604,.T.);
#939=EDGE_CURVE('',#1321,#1306,#1605,.T.);
#940=EDGE_CURVE('',#1322,#1305,#1606,.T.);
#941=EDGE_CURVE('',#1320,#1322,#1607,.T.);
#942=EDGE_CURVE('',#1323,#1307,#1608,.T.);
#943=EDGE_CURVE('',#1322,#1323,#1609,.T.);
#944=EDGE_CURVE('',#1321,#1323,#1610,.T.);
#945=EDGE_CURVE('',#1324,#1325,#1611,.T.);
#946=EDGE_CURVE('',#1326,#1325,#1612,.T.);
#947=EDGE_CURVE('',#1327,#1326,#1613,.T.);
#948=EDGE_CURVE('',#1327,#1328,#1614,.T.);
#949=EDGE_CURVE('',#1328,#1329,#1615,.T.);
#950=EDGE_CURVE('',#1330,#1329,#1616,.T.);
#951=EDGE_CURVE('',#1331,#1330,#1617,.T.);
#952=EDGE_CURVE('',#1331,#1324,#1618,.T.);
#953=EDGE_CURVE('',#1332,#1333,#1619,.T.);
#954=EDGE_CURVE('',#1332,#1334,#1620,.T.);
#955=EDGE_CURVE('',#1334,#1335,#1621,.T.);
#956=EDGE_CURVE('',#1333,#1335,#1622,.T.);
#957=EDGE_CURVE('',#1328,#1336,#1623,.T.);
#958=EDGE_CURVE('',#1327,#1337,#1624,.T.);
#959=EDGE_CURVE('',#1336,#1337,#1625,.T.);
#960=EDGE_CURVE('',#1338,#1339,#1626,.T.);
#961=EDGE_CURVE('',#1338,#1340,#1627,.T.);
#962=EDGE_CURVE('',#1340,#1341,#1628,.T.);
#963=EDGE_CURVE('',#1339,#1341,#1629,.T.);
#964=EDGE_CURVE('',#1342,#1343,#1630,.T.);
#965=EDGE_CURVE('',#1342,#1344,#1631,.T.);
#966=EDGE_CURVE('',#1344,#1345,#1632,.T.);
#967=EDGE_CURVE('',#1343,#1345,#1633,.T.);
#968=EDGE_CURVE('',#1346,#1347,#22,.T.);
#969=EDGE_CURVE('',#1348,#1347,#1634,.T.);
#970=EDGE_CURVE('',#1349,#1348,#23,.T.);
#971=EDGE_CURVE('',#1349,#1346,#1635,.T.);
#972=EDGE_CURVE('',#1350,#1350,#24,.T.);
#973=EDGE_CURVE('',#1351,#1351,#25,.T.);
#974=EDGE_CURVE('',#1341,#1346,#1636,.T.);
#975=EDGE_CURVE('',#1339,#1349,#1637,.T.);
#976=EDGE_CURVE('',#1340,#1347,#1638,.T.);
#977=EDGE_CURVE('',#1338,#1348,#1639,.T.);
#978=EDGE_CURVE('',#1336,#1352,#1640,.T.);
#979=EDGE_CURVE('',#1337,#1353,#1641,.T.);
#980=EDGE_CURVE('',#1352,#1353,#1642,.T.);
#981=EDGE_CURVE('',#1354,#1355,#1643,.T.);
#982=EDGE_CURVE('',#1354,#1331,#1644,.T.);
#983=EDGE_CURVE('',#1330,#1353,#1645,.T.);
#984=EDGE_CURVE('',#1355,#1326,#1646,.T.);
#985=EDGE_CURVE('',#1356,#1355,#1647,.T.);
#986=EDGE_CURVE('',#1357,#1356,#1648,.T.);
#987=EDGE_CURVE('',#1357,#1354,#1649,.T.);
#988=EDGE_CURVE('',#1357,#1324,#1650,.T.);
#989=EDGE_CURVE('',#1356,#1325,#1651,.T.);
#990=EDGE_CURVE('',#1329,#1352,#1652,.T.);
#991=EDGE_CURVE('',#1358,#1342,#1653,.T.);
#992=EDGE_CURVE('',#1358,#1359,#1654,.T.);
#993=EDGE_CURVE('',#1359,#1344,#1655,.T.);
#994=EDGE_CURVE('',#1360,#1343,#1656,.T.);
#995=EDGE_CURVE('',#1358,#1360,#1657,.T.);
#996=EDGE_CURVE('',#1361,#1345,#1658,.T.);
#997=EDGE_CURVE('',#1360,#1361,#1659,.T.);
#998=EDGE_CURVE('',#1359,#1361,#1660,.T.);
#999=EDGE_CURVE('',#1362,#1332,#1661,.T.);
#1000=EDGE_CURVE('',#1362,#1363,#1662,.T.);
#1001=EDGE_CURVE('',#1363,#1334,#1663,.T.);
#1002=EDGE_CURVE('',#1364,#1333,#1664,.T.);
#1003=EDGE_CURVE('',#1362,#1364,#1665,.T.);
#1004=EDGE_CURVE('',#1365,#1335,#1666,.T.);
#1005=EDGE_CURVE('',#1364,#1365,#1667,.T.);
#1006=EDGE_CURVE('',#1363,#1365,#1668,.T.);
#1007=EDGE_CURVE('',#1366,#1367,#1669,.T.);
#1008=EDGE_CURVE('',#1366,#1368,#1670,.T.);
#1009=EDGE_CURVE('',#1368,#1369,#1671,.T.);
#1010=EDGE_CURVE('',#1370,#1369,#1672,.T.);
#1011=EDGE_CURVE('',#1371,#1370,#1673,.T.);
#1012=EDGE_CURVE('',#1371,#1372,#1674,.T.);
#1013=EDGE_CURVE('',#1372,#1373,#1675,.T.);
#1014=EDGE_CURVE('',#1367,#1373,#1676,.T.);
#1015=EDGE_CURVE('',#1374,#1375,#1677,.T.);
#1016=EDGE_CURVE('',#1374,#1376,#1678,.T.);
#1017=EDGE_CURVE('',#1376,#1377,#1679,.T.);
#1018=EDGE_CURVE('',#1375,#1377,#1680,.T.);
#1019=EDGE_CURVE('',#1378,#1379,#1681,.T.);
#1020=EDGE_CURVE('',#1380,#1379,#1682,.T.);
#1021=EDGE_CURVE('',#1381,#1380,#1683,.T.);
#1022=EDGE_CURVE('',#1382,#1381,#1684,.T.);
#1023=EDGE_CURVE('',#1383,#1382,#1685,.T.);
#1024=EDGE_CURVE('',#1383,#1384,#1686,.T.);
#1025=EDGE_CURVE('',#1385,#1384,#1687,.T.);
#1026=EDGE_CURVE('',#1378,#1385,#1688,.T.);
#1027=EDGE_CURVE('',#1386,#1387,#1689,.T.);
#1028=EDGE_CURVE('',#1386,#1388,#1690,.T.);
#1029=EDGE_CURVE('',#1388,#1389,#1691,.T.);
#1030=EDGE_CURVE('',#1387,#1389,#1692,.T.);
#1031=EDGE_CURVE('',#1378,#1370,#1693,.T.);
#1032=EDGE_CURVE('',#1379,#1369,#1694,.T.);
#1033=EDGE_CURVE('',#1380,#1368,#1695,.T.);
#1034=EDGE_CURVE('',#1385,#1371,#1696,.T.);
#1035=EDGE_CURVE('',#1381,#1366,#1697,.T.);
#1036=EDGE_CURVE('',#1367,#1382,#1698,.T.);
#1037=EDGE_CURVE('',#1384,#1372,#1699,.T.);
#1038=EDGE_CURVE('',#1373,#1383,#1700,.T.);
#1039=EDGE_CURVE('',#1390,#1386,#1701,.T.);
#1040=EDGE_CURVE('',#1390,#1391,#1702,.T.);
#1041=EDGE_CURVE('',#1391,#1388,#1703,.T.);
#1042=EDGE_CURVE('',#1392,#1387,#1704,.T.);
#1043=EDGE_CURVE('',#1390,#1392,#1705,.T.);
#1044=EDGE_CURVE('',#1393,#1389,#1706,.T.);
#1045=EDGE_CURVE('',#1392,#1393,#1707,.T.);
#1046=EDGE_CURVE('',#1391,#1393,#1708,.T.);
#1047=EDGE_CURVE('',#1394,#1374,#1709,.T.);
#1048=EDGE_CURVE('',#1394,#1395,#1710,.T.);
#1049=EDGE_CURVE('',#1395,#1376,#1711,.T.);
#1050=EDGE_CURVE('',#1396,#1375,#1712,.T.);
#1051=EDGE_CURVE('',#1394,#1396,#1713,.T.);
#1052=EDGE_CURVE('',#1397,#1377,#1714,.T.);
#1053=EDGE_CURVE('',#1396,#1397,#1715,.T.);
#1054=EDGE_CURVE('',#1395,#1397,#1716,.T.);
#1055=EDGE_CURVE('',#1398,#1399,#1717,.T.);
#1056=EDGE_CURVE('',#1398,#1400,#26,.T.);
#1057=EDGE_CURVE('',#1400,#1401,#1718,.T.);
#1058=EDGE_CURVE('',#1399,#1401,#27,.T.);
#1059=EDGE_CURVE('',#1402,#1403,#1719,.T.);
#1060=EDGE_CURVE('',#1402,#1404,#28,.T.);
#1061=EDGE_CURVE('',#1404,#1405,#1720,.T.);
#1062=EDGE_CURVE('',#1403,#1405,#29,.T.);
#1063=EDGE_CURVE('',#1404,#1406,#1721,.T.);
#1064=EDGE_CURVE('',#1406,#1407,#1722,.T.);
#1065=EDGE_CURVE('',#1405,#1407,#1723,.T.);
#1066=EDGE_CURVE('',#1400,#1408,#1724,.T.);
#1067=EDGE_CURVE('',#1408,#1409,#1725,.T.);
#1068=EDGE_CURVE('',#1401,#1409,#1726,.T.);
#1069=EDGE_CURVE('',#1410,#1406,#30,.T.);
#1070=EDGE_CURVE('',#1410,#1411,#1727,.T.);
#1071=EDGE_CURVE('',#1411,#1407,#31,.T.);
#1072=EDGE_CURVE('',#1412,#1398,#1728,.T.);
#1073=EDGE_CURVE('',#1412,#1413,#18,.T.);
#1074=EDGE_CURVE('',#1413,#1414,#1729,.T.);
#1075=EDGE_CURVE('',#1414,#1415,#32,.T.);
#1076=EDGE_CURVE('',#1415,#1416,#1730,.T.);
#1077=EDGE_CURVE('',#1417,#1416,#33,.T.);
#1078=EDGE_CURVE('',#1418,#1417,#1731,.T.);
#1079=EDGE_CURVE('',#1418,#1419,#34,.T.);
#1080=EDGE_CURVE('',#1419,#1410,#1732,.T.);
#1081=EDGE_CURVE('',#1420,#1402,#1733,.T.);
#1082=EDGE_CURVE('',#1420,#1421,#19,.T.);
#1083=EDGE_CURVE('',#1421,#1422,#1734,.T.);
#1084=EDGE_CURVE('',#1422,#1423,#35,.T.);
#1085=EDGE_CURVE('',#1423,#1424,#1735,.T.);
#1086=EDGE_CURVE('',#1425,#1424,#36,.T.);
#1087=EDGE_CURVE('',#1426,#1425,#1736,.T.);
#1088=EDGE_CURVE('',#1426,#1427,#37,.T.);
#1089=EDGE_CURVE('',#1427,#1428,#1737,.T.);
#1090=EDGE_CURVE('',#1428,#1408,#38,.T.);
#1091=EDGE_CURVE('',#1429,#1429,#39,.T.);
#1092=EDGE_CURVE('',#1430,#1430,#12,.T.);
#1093=EDGE_CURVE('',#1431,#1431,#40,.T.);
#1094=EDGE_CURVE('',#1432,#1432,#41,.T.);
#1095=EDGE_CURVE('',#1433,#1433,#13,.T.);
#1096=EDGE_CURVE('',#1434,#1435,#1738,.T.);
#1097=EDGE_CURVE('',#1434,#1436,#20,.F.);
#1098=EDGE_CURVE('',#1436,#1399,#1739,.T.);
#1099=EDGE_CURVE('',#1437,#1409,#42,.T.);
#1100=EDGE_CURVE('',#1438,#1437,#1740,.T.);
#1101=EDGE_CURVE('',#1439,#1438,#43,.T.);
#1102=EDGE_CURVE('',#1439,#1440,#1741,.T.);
#1103=EDGE_CURVE('',#1440,#1441,#44,.T.);
#1104=EDGE_CURVE('',#1442,#1441,#1742,.T.);
#1105=EDGE_CURVE('',#1443,#1442,#45,.T.);
#1106=EDGE_CURVE('',#1444,#1443,#1743,.T.);
#1107=EDGE_CURVE('',#1444,#1445,#21,.F.);
#1108=EDGE_CURVE('',#1445,#1403,#1744,.T.);
#1109=EDGE_CURVE('',#1446,#1411,#1745,.T.);
#1110=EDGE_CURVE('',#1447,#1446,#46,.T.);
#1111=EDGE_CURVE('',#1447,#1448,#1746,.T.);
#1112=EDGE_CURVE('',#1448,#1449,#47,.T.);
#1113=EDGE_CURVE('',#1450,#1449,#1747,.T.);
#1114=EDGE_CURVE('',#1435,#1450,#48,.T.);
#1115=EDGE_CURVE('',#1428,#1437,#1748,.T.);
#1116=EDGE_CURVE('',#1427,#1438,#1749,.T.);
#1117=EDGE_CURVE('',#1426,#1439,#1750,.T.);
#1118=EDGE_CURVE('',#1419,#1446,#1751,.T.);
#1119=EDGE_CURVE('',#1418,#1447,#1752,.T.);
#1120=EDGE_CURVE('',#1425,#1440,#1753,.T.);
#1121=EDGE_CURVE('',#1424,#1441,#1754,.T.);
#1122=EDGE_CURVE('',#1417,#1448,#1755,.T.);
#1123=EDGE_CURVE('',#1416,#1449,#1756,.T.);
#1124=EDGE_CURVE('',#1445,#1420,#1757,.T.);
#1125=EDGE_CURVE('',#1423,#1442,#1758,.T.);
#1126=EDGE_CURVE('',#1443,#1422,#1759,.T.);
#1127=EDGE_CURVE('',#1421,#1444,#1760,.T.);
#1128=EDGE_CURVE('',#1436,#1412,#1761,.T.);
#1129=EDGE_CURVE('',#1415,#1450,#1762,.T.);
#1130=EDGE_CURVE('',#1414,#1435,#1763,.T.);
#1131=EDGE_CURVE('',#1413,#1434,#1764,.T.);
#1132=EDGE_CURVE('',#1451,#1452,#1765,.T.);
#1133=EDGE_CURVE('',#1451,#1453,#1766,.T.);
#1134=EDGE_CURVE('',#1453,#1454,#1767,.T.);
#1135=EDGE_CURVE('',#1452,#1454,#1768,.T.);
#1136=EDGE_CURVE('',#1455,#1456,#1769,.T.);
#1137=EDGE_CURVE('',#1457,#1456,#1770,.T.);
#1138=EDGE_CURVE('',#1457,#1458,#1771,.T.);
#1139=EDGE_CURVE('',#1458,#1455,#1772,.T.);
#1140=EDGE_CURVE('',#1459,#1460,#1773,.T.);
#1141=EDGE_CURVE('',#1459,#1461,#1774,.T.);
#1142=EDGE_CURVE('',#1461,#1462,#1775,.T.);
#1143=EDGE_CURVE('',#1460,#1462,#1776,.T.);
#1144=EDGE_CURVE('',#1463,#1464,#1777,.T.);
#1145=EDGE_CURVE('',#1463,#1465,#1778,.T.);
#1146=EDGE_CURVE('',#1465,#1466,#1779,.T.);
#1147=EDGE_CURVE('',#1464,#1466,#1780,.T.);
#1148=EDGE_CURVE('',#1467,#1468,#1781,.T.);
#1149=EDGE_CURVE('',#1456,#1468,#1782,.T.);
#1150=EDGE_CURVE('',#1455,#1469,#1783,.T.);
#1151=EDGE_CURVE('',#1469,#1470,#1784,.T.);
#1152=EDGE_CURVE('',#1471,#1470,#1785,.T.);
#1153=EDGE_CURVE('',#1472,#1471,#1786,.T.);
#1154=EDGE_CURVE('',#1472,#1467,#1787,.T.);
#1155=EDGE_CURVE('',#1473,#1468,#1788,.T.);
#1156=EDGE_CURVE('',#1457,#1473,#1789,.T.);
#1157=EDGE_CURVE('',#1471,#1474,#1790,.T.);
#1158=EDGE_CURVE('',#1474,#1475,#1791,.T.);
#1159=EDGE_CURVE('',#1472,#1475,#1792,.T.);
#1160=EDGE_CURVE('',#1470,#1476,#1793,.T.);
#1161=EDGE_CURVE('',#1469,#1477,#1794,.T.);
#1162=EDGE_CURVE('',#1476,#1477,#1795,.T.);
#1163=EDGE_CURVE('',#1476,#1474,#1796,.T.);
#1164=EDGE_CURVE('',#1473,#1478,#1797,.T.);
#1165=EDGE_CURVE('',#1458,#1478,#1798,.T.);
#1166=EDGE_CURVE('',#1477,#1475,#1799,.T.);
#1167=EDGE_CURVE('',#1478,#1467,#1800,.T.);
#1168=EDGE_CURVE('',#1453,#1479,#1801,.T.);
#1169=EDGE_CURVE('',#1451,#1480,#1802,.T.);
#1170=EDGE_CURVE('',#1480,#1479,#1803,.T.);
#1171=EDGE_CURVE('',#1454,#1481,#1804,.T.);
#1172=EDGE_CURVE('',#1482,#1481,#1805,.T.);
#1173=EDGE_CURVE('',#1452,#1482,#1806,.T.);
#1174=EDGE_CURVE('',#1481,#1479,#49,.T.);
#1175=EDGE_CURVE('',#1482,#1480,#50,.T.);
#1176=EDGE_CURVE('',#1483,#1483,#51,.T.);
#1177=EDGE_CURVE('',#1484,#1484,#52,.T.);
#1178=EDGE_CURVE('',#1485,#1459,#1807,.T.);
#1179=EDGE_CURVE('',#1485,#1486,#1808,.T.);
#1180=EDGE_CURVE('',#1486,#1461,#1809,.T.);
#1181=EDGE_CURVE('',#1487,#1460,#1810,.T.);
#1182=EDGE_CURVE('',#1485,#1487,#1811,.T.);
#1183=EDGE_CURVE('',#1488,#1462,#1812,.T.);
#1184=EDGE_CURVE('',#1487,#1488,#1813,.T.);
#1185=EDGE_CURVE('',#1486,#1488,#1814,.T.);
#1186=EDGE_CURVE('',#1489,#1463,#1815,.T.);
#1187=EDGE_CURVE('',#1489,#1490,#1816,.T.);
#1188=EDGE_CURVE('',#1490,#1465,#1817,.T.);
#1189=EDGE_CURVE('',#1491,#1464,#1818,.T.);
#1190=EDGE_CURVE('',#1489,#1491,#1819,.T.);
#1191=EDGE_CURVE('',#1492,#1466,#1820,.T.);
#1192=EDGE_CURVE('',#1491,#1492,#1821,.T.);
#1193=EDGE_CURVE('',#1490,#1492,#1822,.T.);
#1194=EDGE_CURVE('',#1493,#1494,#1823,.T.);
#1195=EDGE_CURVE('',#1493,#1495,#1824,.T.);
#1196=EDGE_CURVE('',#1495,#1496,#1825,.T.);
#1197=EDGE_CURVE('',#1496,#1494,#1826,.T.);
#1198=EDGE_CURVE('',#1497,#1493,#1827,.T.);
#1199=EDGE_CURVE('',#1498,#1497,#1828,.T.);
#1200=EDGE_CURVE('',#1498,#1495,#1829,.T.);
#1201=EDGE_CURVE('',#1499,#1500,#1830,.T.);
#1202=EDGE_CURVE('',#1500,#1501,#1831,.T.);
#1203=EDGE_CURVE('',#1502,#1501,#1832,.T.);
#1204=EDGE_CURVE('',#1502,#1503,#1833,.T.);
#1205=EDGE_CURVE('',#1503,#1498,#1834,.T.);
#1206=EDGE_CURVE('',#1504,#1497,#1835,.T.);
#1207=EDGE_CURVE('',#1499,#1504,#1836,.T.);
#1208=EDGE_CURVE('',#1505,#1506,#1837,.T.);
#1209=EDGE_CURVE('',#1506,#1507,#1838,.T.);
#1210=EDGE_CURVE('',#1507,#1508,#1839,.T.);
#1211=EDGE_CURVE('',#1508,#1509,#1840,.T.);
#1212=EDGE_CURVE('',#1494,#1509,#1841,.T.);
#1213=EDGE_CURVE('',#1496,#1510,#1842,.T.);
#1214=EDGE_CURVE('',#1510,#1505,#1843,.T.);
#1215=EDGE_CURVE('',#1504,#1511,#1844,.T.);
#1216=EDGE_CURVE('',#1512,#1511,#1845,.T.);
#1217=EDGE_CURVE('',#1499,#1512,#1846,.T.);
#1218=EDGE_CURVE('',#1509,#1511,#1847,.T.);
#1219=EDGE_CURVE('',#1508,#1512,#1848,.T.);
#1220=EDGE_CURVE('',#1507,#1513,#1849,.T.);
#1221=EDGE_CURVE('',#1513,#1500,#1850,.T.);
#1222=EDGE_CURVE('',#1514,#1515,#1851,.T.);
#1223=EDGE_CURVE('',#1514,#1502,#1852,.T.);
#1224=EDGE_CURVE('',#1501,#1515,#1853,.T.);
#1225=EDGE_CURVE('',#1505,#1514,#1854,.T.);
#1226=EDGE_CURVE('',#1515,#1506,#1855,.T.);
#1227=EDGE_CURVE('',#1503,#1516,#1856,.T.);
#1228=EDGE_CURVE('',#1516,#1510,#1857,.T.);
#1229=EDGE_CURVE('',#1517,#1517,#53,.T.);
#1230=EDGE_CURVE('',#1518,#1518,#54,.T.);
#1231=EDGE_CURVE('',#1519,#1519,#55,.T.);
#1232=EDGE_CURVE('',#1520,#1520,#56,.T.);
#1233=EDGE_CURVE('',#1521,#1521,#57,.T.);
#1234=EDGE_CURVE('',#1522,#1522,#58,.T.);
#1235=EDGE_CURVE('',#1516,#1514,#1858,.F.);
#1236=EDGE_CURVE('',#1515,#1513,#1859,.F.);
#1237=EDGE_CURVE('',#1523,#1523,#14,.T.);
#1238=EDGE_CURVE('',#1524,#1524,#59,.T.);
#1239=EDGE_CURVE('',#1525,#1525,#60,.T.);
#1240=EDGE_CURVE('',#1526,#1526,#15,.T.);
#1241=EDGE_CURVE('',#1527,#1527,#61,.T.);
#1242=EDGE_CURVE('',#1528,#1528,#62,.T.);
#1243=EDGE_CURVE('',#1529,#1529,#63,.T.);
#1244=EDGE_CURVE('',#1530,#1530,#64,.T.);
#1245=EDGE_CURVE('',#1531,#1531,#16,.T.);
#1246=EDGE_CURVE('',#1532,#1532,#17,.T.);
#1247=EDGE_CURVE('',#1532,#1531,#65,.T.);
#1248=EDGE_CURVE('',#1531,#1532,#66,.T.);
#1249=EDGE_CURVE('',#1533,#1533,#67,.T.);
#1250=EDGE_CURVE('',#1534,#1534,#68,.T.);
#1251=EDGE_CURVE('',#1535,#1535,#69,.T.);
#1252=EDGE_CURVE('',#1536,#1537,#1860,.T.);
#1253=EDGE_CURVE('',#1538,#1536,#1861,.T.);
#1254=EDGE_CURVE('',#1539,#1538,#1862,.T.);
#1255=EDGE_CURVE('',#1539,#1540,#1863,.T.);
#1256=EDGE_CURVE('',#1541,#1540,#1864,.T.);
#1257=EDGE_CURVE('',#1537,#1541,#1865,.T.);
#1258=EDGE_CURVE('',#1542,#1543,#1866,.T.);
#1259=EDGE_CURVE('',#1542,#1544,#1867,.T.);
#1260=EDGE_CURVE('',#1544,#1545,#1868,.T.);
#1261=EDGE_CURVE('',#1545,#1543,#1869,.T.);
#1262=EDGE_CURVE('',#1546,#1547,#1870,.T.);
#1263=EDGE_CURVE('',#1546,#1548,#1871,.T.);
#1264=EDGE_CURVE('',#1548,#1549,#1872,.T.);
#1265=EDGE_CURVE('',#1550,#1549,#1873,.T.);
#1266=EDGE_CURVE('',#1551,#1550,#1874,.T.);
#1267=EDGE_CURVE('',#1547,#1551,#1875,.T.);
#1268=EDGE_CURVE('',#1544,#1552,#1876,.T.);
#1269=EDGE_CURVE('',#1552,#1553,#1877,.T.);
#1270=EDGE_CURVE('',#1553,#1545,#1878,.T.);
#1271=EDGE_CURVE('',#1554,#1555,#1879,.T.);
#1272=EDGE_CURVE('',#1555,#1556,#1880,.T.);
#1273=EDGE_CURVE('',#1557,#1556,#1881,.T.);
#1274=EDGE_CURVE('',#1558,#1557,#1882,.T.);
#1275=EDGE_CURVE('',#1558,#1559,#1883,.T.);
#1276=EDGE_CURVE('',#1554,#1559,#1884,.T.);
#1277=EDGE_CURVE('',#1541,#1557,#1885,.T.);
#1278=EDGE_CURVE('',#1540,#1558,#1886,.T.);
#1279=EDGE_CURVE('',#1539,#1559,#1887,.T.);
#1280=EDGE_CURVE('',#1556,#1553,#1888,.F.);
#1281=EDGE_CURVE('',#1552,#1546,#1889,.F.);
#1282=EDGE_CURVE('',#1537,#1547,#1890,.T.);
#1283=EDGE_CURVE('',#1543,#1554,#1891,.F.);
#1284=EDGE_CURVE('',#1538,#1550,#1892,.T.);
#1285=EDGE_CURVE('',#1549,#1542,#1893,.F.);
#1286=EDGE_CURVE('',#1551,#1536,#1894,.T.);
#1287=EDGE_CURVE('',#1560,#1560,#70,.T.);
#1288=EDGE_CURVE('',#1561,#1561,#71,.T.);
#1289=EDGE_CURVE('',#1562,#1562,#72,.T.);
#1290=EDGE_CURVE('',#1544,#1548,#1895,.F.);
#1291=EDGE_CURVE('',#1555,#1545,#1896,.F.);
#1292=VERTEX_POINT('',#4145);
#1293=VERTEX_POINT('',#4146);
#1294=VERTEX_POINT('',#4148);
#1295=VERTEX_POINT('',#4150);
#1296=VERTEX_POINT('',#4152);
#1297=VERTEX_POINT('',#4154);
#1298=VERTEX_POINT('',#4156);
#1299=VERTEX_POINT('',#4158);
#1300=VERTEX_POINT('',#4161);
#1301=VERTEX_POINT('',#4162);
#1302=VERTEX_POINT('',#4164);
#1303=VERTEX_POINT('',#4166);
#1304=VERTEX_POINT('',#4170);
#1305=VERTEX_POINT('',#4171);
#1306=VERTEX_POINT('',#4173);
#1307=VERTEX_POINT('',#4175);
#1308=VERTEX_POINT('',#4178);
#1309=VERTEX_POINT('',#4179);
#1310=VERTEX_POINT('',#4181);
#1311=VERTEX_POINT('',#4183);
#1312=VERTEX_POINT('',#4185);
#1313=VERTEX_POINT('',#4187);
#1314=VERTEX_POINT('',#4189);
#1315=VERTEX_POINT('',#4191);
#1316=VERTEX_POINT('',#4211);
#1317=VERTEX_POINT('',#4213);
#1318=VERTEX_POINT('',#4217);
#1319=VERTEX_POINT('',#4221);
#1320=VERTEX_POINT('',#4228);
#1321=VERTEX_POINT('',#4230);
#1322=VERTEX_POINT('',#4234);
#1323=VERTEX_POINT('',#4238);
#1324=VERTEX_POINT('',#4246);
#1325=VERTEX_POINT('',#4247);
#1326=VERTEX_POINT('',#4249);
#1327=VERTEX_POINT('',#4251);
#1328=VERTEX_POINT('',#4253);
#1329=VERTEX_POINT('',#4255);
#1330=VERTEX_POINT('',#4257);
#1331=VERTEX_POINT('',#4259);
#1332=VERTEX_POINT('',#4262);
#1333=VERTEX_POINT('',#4263);
#1334=VERTEX_POINT('',#4265);
#1335=VERTEX_POINT('',#4267);
#1336=VERTEX_POINT('',#4271);
#1337=VERTEX_POINT('',#4273);
#1338=VERTEX_POINT('',#4276);
#1339=VERTEX_POINT('',#4277);
#1340=VERTEX_POINT('',#4279);
#1341=VERTEX_POINT('',#4281);
#1342=VERTEX_POINT('',#4284);
#1343=VERTEX_POINT('',#4285);
#1344=VERTEX_POINT('',#4287);
#1345=VERTEX_POINT('',#4289);
#1346=VERTEX_POINT('',#4293);
#1347=VERTEX_POINT('',#4294);
#1348=VERTEX_POINT('',#4296);
#1349=VERTEX_POINT('',#4298);
#1350=VERTEX_POINT('',#4302);
#1351=VERTEX_POINT('',#4304);
#1352=VERTEX_POINT('',#4315);
#1353=VERTEX_POINT('',#4317);
#1354=VERTEX_POINT('',#4321);
#1355=VERTEX_POINT('',#4322);
#1356=VERTEX_POINT('',#4328);
#1357=VERTEX_POINT('',#4330);
#1358=VERTEX_POINT('',#4342);
#1359=VERTEX_POINT('',#4344);
#1360=VERTEX_POINT('',#4348);
#1361=VERTEX_POINT('',#4352);
#1362=VERTEX_POINT('',#4359);
#1363=VERTEX_POINT('',#4361);
#1364=VERTEX_POINT('',#4365);
#1365=VERTEX_POINT('',#4369);
#1366=VERTEX_POINT('',#4377);
#1367=VERTEX_POINT('',#4378);
#1368=VERTEX_POINT('',#4380);
#1369=VERTEX_POINT('',#4382);
#1370=VERTEX_POINT('',#4384);
#1371=VERTEX_POINT('',#4386);
#1372=VERTEX_POINT('',#4388);
#1373=VERTEX_POINT('',#4390);
#1374=VERTEX_POINT('',#4393);
#1375=VERTEX_POINT('',#4394);
#1376=VERTEX_POINT('',#4396);
#1377=VERTEX_POINT('',#4398);
#1378=VERTEX_POINT('',#4402);
#1379=VERTEX_POINT('',#4403);
#1380=VERTEX_POINT('',#4405);
#1381=VERTEX_POINT('',#4407);
#1382=VERTEX_POINT('',#4409);
#1383=VERTEX_POINT('',#4411);
#1384=VERTEX_POINT('',#4413);
#1385=VERTEX_POINT('',#4415);
#1386=VERTEX_POINT('',#4418);
#1387=VERTEX_POINT('',#4419);
#1388=VERTEX_POINT('',#4421);
#1389=VERTEX_POINT('',#4423);
#1390=VERTEX_POINT('',#4443);
#1391=VERTEX_POINT('',#4445);
#1392=VERTEX_POINT('',#4449);
#1393=VERTEX_POINT('',#4453);
#1394=VERTEX_POINT('',#4460);
#1395=VERTEX_POINT('',#4462);
#1396=VERTEX_POINT('',#4466);
#1397=VERTEX_POINT('',#4470);
#1398=VERTEX_POINT('',#4478);
#1399=VERTEX_POINT('',#4479);
#1400=VERTEX_POINT('',#4481);
#1401=VERTEX_POINT('',#4483);
#1402=VERTEX_POINT('',#4487);
#1403=VERTEX_POINT('',#4488);
#1404=VERTEX_POINT('',#4490);
#1405=VERTEX_POINT('',#4492);
#1406=VERTEX_POINT('',#4496);
#1407=VERTEX_POINT('',#4498);
#1408=VERTEX_POINT('',#4502);
#1409=VERTEX_POINT('',#4504);
#1410=VERTEX_POINT('',#4508);
#1411=VERTEX_POINT('',#4510);
#1412=VERTEX_POINT('',#4514);
#1413=VERTEX_POINT('',#4516);
#1414=VERTEX_POINT('',#4518);
#1415=VERTEX_POINT('',#4520);
#1416=VERTEX_POINT('',#4522);
#1417=VERTEX_POINT('',#4524);
#1418=VERTEX_POINT('',#4526);
#1419=VERTEX_POINT('',#4528);
#1420=VERTEX_POINT('',#4531);
#1421=VERTEX_POINT('',#4533);
#1422=VERTEX_POINT('',#4535);
#1423=VERTEX_POINT('',#4537);
#1424=VERTEX_POINT('',#4539);
#1425=VERTEX_POINT('',#4541);
#1426=VERTEX_POINT('',#4543);
#1427=VERTEX_POINT('',#4545);
#1428=VERTEX_POINT('',#4547);
#1429=VERTEX_POINT('',#4550);
#1430=VERTEX_POINT('',#4563);
#1431=VERTEX_POINT('',#4565);
#1432=VERTEX_POINT('',#4568);
#1433=VERTEX_POINT('',#4581);
#1434=VERTEX_POINT('',#4736);
#1435=VERTEX_POINT('',#4737);
#1436=VERTEX_POINT('',#4739);
#1437=VERTEX_POINT('',#4742);
#1438=VERTEX_POINT('',#4744);
#1439=VERTEX_POINT('',#4746);
#1440=VERTEX_POINT('',#4748);
#1441=VERTEX_POINT('',#4750);
#1442=VERTEX_POINT('',#4752);
#1443=VERTEX_POINT('',#4754);
#1444=VERTEX_POINT('',#4756);
#1445=VERTEX_POINT('',#4758);
#1446=VERTEX_POINT('',#4761);
#1447=VERTEX_POINT('',#4763);
#1448=VERTEX_POINT('',#4765);
#1449=VERTEX_POINT('',#4767);
#1450=VERTEX_POINT('',#4769);
#1451=VERTEX_POINT('',#4811);
#1452=VERTEX_POINT('',#4812);
#1453=VERTEX_POINT('',#4814);
#1454=VERTEX_POINT('',#4816);
#1455=VERTEX_POINT('',#4819);
#1456=VERTEX_POINT('',#4820);
#1457=VERTEX_POINT('',#4822);
#1458=VERTEX_POINT('',#4824);
#1459=VERTEX_POINT('',#4827);
#1460=VERTEX_POINT('',#4828);
#1461=VERTEX_POINT('',#4830);
#1462=VERTEX_POINT('',#4832);
#1463=VERTEX_POINT('',#4836);
#1464=VERTEX_POINT('',#4837);
#1465=VERTEX_POINT('',#4839);
#1466=VERTEX_POINT('',#4841);
#1467=VERTEX_POINT('',#4844);
#1468=VERTEX_POINT('',#4845);
#1469=VERTEX_POINT('',#4848);
#1470=VERTEX_POINT('',#4850);
#1471=VERTEX_POINT('',#4852);
#1472=VERTEX_POINT('',#4854);
#1473=VERTEX_POINT('',#4858);
#1474=VERTEX_POINT('',#4862);
#1475=VERTEX_POINT('',#4864);
#1476=VERTEX_POINT('',#4868);
#1477=VERTEX_POINT('',#4870);
#1478=VERTEX_POINT('',#4876);
#1479=VERTEX_POINT('',#4885);
#1480=VERTEX_POINT('',#4887);
#1481=VERTEX_POINT('',#4891);
#1482=VERTEX_POINT('',#4893);
#1483=VERTEX_POINT('',#4900);
#1484=VERTEX_POINT('',#4903);
#1485=VERTEX_POINT('',#4907);
#1486=VERTEX_POINT('',#4909);
#1487=VERTEX_POINT('',#4913);
#1488=VERTEX_POINT('',#4917);
#1489=VERTEX_POINT('',#4924);
#1490=VERTEX_POINT('',#4926);
#1491=VERTEX_POINT('',#4930);
#1492=VERTEX_POINT('',#4934);
#1493=VERTEX_POINT('',#4942);
#1494=VERTEX_POINT('',#4943);
#1495=VERTEX_POINT('',#4945);
#1496=VERTEX_POINT('',#4947);
#1497=VERTEX_POINT('',#4951);
#1498=VERTEX_POINT('',#4953);
#1499=VERTEX_POINT('',#4957);
#1500=VERTEX_POINT('',#4958);
#1501=VERTEX_POINT('',#4960);
#1502=VERTEX_POINT('',#4962);
#1503=VERTEX_POINT('',#4964);
#1504=VERTEX_POINT('',#4967);
#1505=VERTEX_POINT('',#4971);
#1506=VERTEX_POINT('',#4972);
#1507=VERTEX_POINT('',#4974);
#1508=VERTEX_POINT('',#4976);
#1509=VERTEX_POINT('',#4978);
#1510=VERTEX_POINT('',#4981);
#1511=VERTEX_POINT('',#4985);
#1512=VERTEX_POINT('',#4987);
#1513=VERTEX_POINT('',#4994);
#1514=VERTEX_POINT('',#4998);
#1515=VERTEX_POINT('',#4999);
#1516=VERTEX_POINT('',#5007);
#1517=VERTEX_POINT('',#5011);
#1518=VERTEX_POINT('',#5013);
#1519=VERTEX_POINT('',#5015);
#1520=VERTEX_POINT('',#5018);
#1521=VERTEX_POINT('',#5022);
#1522=VERTEX_POINT('',#5026);
#1523=VERTEX_POINT('',#5047);
#1524=VERTEX_POINT('',#5049);
#1525=VERTEX_POINT('',#5052);
#1526=VERTEX_POINT('',#5065);
#1527=VERTEX_POINT('',#5220);
#1528=VERTEX_POINT('',#5223);
#1529=VERTEX_POINT('',#5226);
#1530=VERTEX_POINT('',#5229);
#1531=VERTEX_POINT('',#5242);
#1532=VERTEX_POINT('',#5255);
#1533=VERTEX_POINT('',#5263);
#1534=VERTEX_POINT('',#5265);
#1535=VERTEX_POINT('',#5267);
#1536=VERTEX_POINT('',#5269);
#1537=VERTEX_POINT('',#5270);
#1538=VERTEX_POINT('',#5272);
#1539=VERTEX_POINT('',#5274);
#1540=VERTEX_POINT('',#5276);
#1541=VERTEX_POINT('',#5278);
#1542=VERTEX_POINT('',#5282);
#1543=VERTEX_POINT('',#5283);
#1544=VERTEX_POINT('',#5285);
#1545=VERTEX_POINT('',#5287);
#1546=VERTEX_POINT('',#5291);
#1547=VERTEX_POINT('',#5292);
#1548=VERTEX_POINT('',#5294);
#1549=VERTEX_POINT('',#5296);
#1550=VERTEX_POINT('',#5298);
#1551=VERTEX_POINT('',#5300);
#1552=VERTEX_POINT('',#5304);
#1553=VERTEX_POINT('',#5306);
#1554=VERTEX_POINT('',#5310);
#1555=VERTEX_POINT('',#5311);
#1556=VERTEX_POINT('',#5313);
#1557=VERTEX_POINT('',#5315);
#1558=VERTEX_POINT('',#5317);
#1559=VERTEX_POINT('',#5319);
#1560=VERTEX_POINT('',#5339);
#1561=VERTEX_POINT('',#5343);
#1562=VERTEX_POINT('',#5347);
#1563=LINE('',#4144,#1897);
#1564=LINE('',#4147,#1898);
#1565=LINE('',#4149,#1899);
#1566=LINE('',#4151,#1900);
#1567=LINE('',#4153,#1901);
#1568=LINE('',#4155,#1902);
#1569=LINE('',#4157,#1903);
#1570=LINE('',#4159,#1904);
#1571=LINE('',#4160,#1905);
#1572=LINE('',#4163,#1906);
#1573=LINE('',#4165,#1907);
#1574=LINE('',#4167,#1908);
#1575=LINE('',#4169,#1909);
#1576=LINE('',#4172,#1910);
#1577=LINE('',#4174,#1911);
#1578=LINE('',#4176,#1912);
#1579=LINE('',#4177,#1913);
#1580=LINE('',#4180,#1914);
#1581=LINE('',#4182,#1915);
#1582=LINE('',#4184,#1916);
#1583=LINE('',#4186,#1917);
#1584=LINE('',#4188,#1918);
#1585=LINE('',#4190,#1919);
#1586=LINE('',#4192,#1920);
#1587=LINE('',#4194,#1921);
#1588=LINE('',#4195,#1922);
#1589=LINE('',#4197,#1923);
#1590=LINE('',#4198,#1924);
#1591=LINE('',#4201,#1925);
#1592=LINE('',#4202,#1926);
#1593=LINE('',#4205,#1927);
#1594=LINE('',#4207,#1928);
#1595=LINE('',#4210,#1929);
#1596=LINE('',#4212,#1930);
#1597=LINE('',#4214,#1931);
#1598=LINE('',#4216,#1932);
#1599=LINE('',#4218,#1933);
#1600=LINE('',#4220,#1934);
#1601=LINE('',#4222,#1935);
#1602=LINE('',#4224,#1936);
#1603=LINE('',#4227,#1937);
#1604=LINE('',#4229,#1938);
#1605=LINE('',#4231,#1939);
#1606=LINE('',#4233,#1940);
#1607=LINE('',#4235,#1941);
#1608=LINE('',#4237,#1942);
#1609=LINE('',#4239,#1943);
#1610=LINE('',#4241,#1944);
#1611=LINE('',#4245,#1945);
#1612=LINE('',#4248,#1946);
#1613=LINE('',#4250,#1947);
#1614=LINE('',#4252,#1948);
#1615=LINE('',#4254,#1949);
#1616=LINE('',#4256,#1950);
#1617=LINE('',#4258,#1951);
#1618=LINE('',#4260,#1952);
#1619=LINE('',#4261,#1953);
#1620=LINE('',#4264,#1954);
#1621=LINE('',#4266,#1955);
#1622=LINE('',#4268,#1956);
#1623=LINE('',#4270,#1957);
#1624=LINE('',#4272,#1958);
#1625=LINE('',#4274,#1959);
#1626=LINE('',#4275,#1960);
#1627=LINE('',#4278,#1961);
#1628=LINE('',#4280,#1962);
#1629=LINE('',#4282,#1963);
#1630=LINE('',#4283,#1964);
#1631=LINE('',#4286,#1965);
#1632=LINE('',#4288,#1966);
#1633=LINE('',#4290,#1967);
#1634=LINE('',#4295,#1968);
#1635=LINE('',#4299,#1969);
#1636=LINE('',#4306,#1970);
#1637=LINE('',#4307,#1971);
#1638=LINE('',#4309,#1972);
#1639=LINE('',#4311,#1973);
#1640=LINE('',#4314,#1974);
#1641=LINE('',#4316,#1975);
#1642=LINE('',#4318,#1976);
#1643=LINE('',#4320,#1977);
#1644=LINE('',#4323,#1978);
#1645=LINE('',#4324,#1979);
#1646=LINE('',#4325,#1980);
#1647=LINE('',#4327,#1981);
#1648=LINE('',#4329,#1982);
#1649=LINE('',#4331,#1983);
#1650=LINE('',#4333,#1984);
#1651=LINE('',#4334,#1985);
#1652=LINE('',#4338,#1986);
#1653=LINE('',#4341,#1987);
#1654=LINE('',#4343,#1988);
#1655=LINE('',#4345,#1989);
#1656=LINE('',#4347,#1990);
#1657=LINE('',#4349,#1991);
#1658=LINE('',#4351,#1992);
#1659=LINE('',#4353,#1993);
#1660=LINE('',#4355,#1994);
#1661=LINE('',#4358,#1995);
#1662=LINE('',#4360,#1996);
#1663=LINE('',#4362,#1997);
#1664=LINE('',#4364,#1998);
#1665=LINE('',#4366,#1999);
#1666=LINE('',#4368,#2000);
#1667=LINE('',#4370,#2001);
#1668=LINE('',#4372,#2002);
#1669=LINE('',#4376,#2003);
#1670=LINE('',#4379,#2004);
#1671=LINE('',#4381,#2005);
#1672=LINE('',#4383,#2006);
#1673=LINE('',#4385,#2007);
#1674=LINE('',#4387,#2008);
#1675=LINE('',#4389,#2009);
#1676=LINE('',#4391,#2010);
#1677=LINE('',#4392,#2011);
#1678=LINE('',#4395,#2012);
#1679=LINE('',#4397,#2013);
#1680=LINE('',#4399,#2014);
#1681=LINE('',#4401,#2015);
#1682=LINE('',#4404,#2016);
#1683=LINE('',#4406,#2017);
#1684=LINE('',#4408,#2018);
#1685=LINE('',#4410,#2019);
#1686=LINE('',#4412,#2020);
#1687=LINE('',#4414,#2021);
#1688=LINE('',#4416,#2022);
#1689=LINE('',#4417,#2023);
#1690=LINE('',#4420,#2024);
#1691=LINE('',#4422,#2025);
#1692=LINE('',#4424,#2026);
#1693=LINE('',#4426,#2027);
#1694=LINE('',#4427,#2028);
#1695=LINE('',#4429,#2029);
#1696=LINE('',#4431,#2030);
#1697=LINE('',#4433,#2031);
#1698=LINE('',#4434,#2032);
#1699=LINE('',#4436,#2033);
#1700=LINE('',#4437,#2034);
#1701=LINE('',#4442,#2035);
#1702=LINE('',#4444,#2036);
#1703=LINE('',#4446,#2037);
#1704=LINE('',#4448,#2038);
#1705=LINE('',#4450,#2039);
#1706=LINE('',#4452,#2040);
#1707=LINE('',#4454,#2041);
#1708=LINE('',#4456,#2042);
#1709=LINE('',#4459,#2043);
#1710=LINE('',#4461,#2044);
#1711=LINE('',#4463,#2045);
#1712=LINE('',#4465,#2046);
#1713=LINE('',#4467,#2047);
#1714=LINE('',#4469,#2048);
#1715=LINE('',#4471,#2049);
#1716=LINE('',#4473,#2050);
#1717=LINE('',#4477,#2051);
#1718=LINE('',#4482,#2052);
#1719=LINE('',#4486,#2053);
#1720=LINE('',#4491,#2054);
#1721=LINE('',#4495,#2055);
#1722=LINE('',#4497,#2056);
#1723=LINE('',#4499,#2057);
#1724=LINE('',#4501,#2058);
#1725=LINE('',#4503,#2059);
#1726=LINE('',#4505,#2060);
#1727=LINE('',#4509,#2061);
#1728=LINE('',#4513,#2062);
#1729=LINE('',#4517,#2063);
#1730=LINE('',#4521,#2064);
#1731=LINE('',#4525,#2065);
#1732=LINE('',#4529,#2066);
#1733=LINE('',#4530,#2067);
#1734=LINE('',#4534,#2068);
#1735=LINE('',#4538,#2069);
#1736=LINE('',#4542,#2070);
#1737=LINE('',#4546,#2071);
#1738=LINE('',#4735,#2072);
#1739=LINE('',#4740,#2073);
#1740=LINE('',#4743,#2074);
#1741=LINE('',#4747,#2075);
#1742=LINE('',#4751,#2076);
#1743=LINE('',#4755,#2077);
#1744=LINE('',#4759,#2078);
#1745=LINE('',#4760,#2079);
#1746=LINE('',#4764,#2080);
#1747=LINE('',#4768,#2081);
#1748=LINE('',#4772,#2082);
#1749=LINE('',#4775,#2083);
#1750=LINE('',#4777,#2084);
#1751=LINE('',#4779,#2085);
#1752=LINE('',#4781,#2086);
#1753=LINE('',#4783,#2087);
#1754=LINE('',#4785,#2088);
#1755=LINE('',#4787,#2089);
#1756=LINE('',#4789,#2090);
#1757=LINE('',#4791,#2091);
#1758=LINE('',#4793,#2092);
#1759=LINE('',#4795,#2093);
#1760=LINE('',#4797,#2094);
#1761=LINE('',#4799,#2095);
#1762=LINE('',#4801,#2096);
#1763=LINE('',#4803,#2097);
#1764=LINE('',#4805,#2098);
#1765=LINE('',#4810,#2099);
#1766=LINE('',#4813,#2100);
#1767=LINE('',#4815,#2101);
#1768=LINE('',#4817,#2102);
#1769=LINE('',#4818,#2103);
#1770=LINE('',#4821,#2104);
#1771=LINE('',#4823,#2105);
#1772=LINE('',#4825,#2106);
#1773=LINE('',#4826,#2107);
#1774=LINE('',#4829,#2108);
#1775=LINE('',#4831,#2109);
#1776=LINE('',#4833,#2110);
#1777=LINE('',#4835,#2111);
#1778=LINE('',#4838,#2112);
#1779=LINE('',#4840,#2113);
#1780=LINE('',#4842,#2114);
#1781=LINE('',#4843,#2115);
#1782=LINE('',#4846,#2116);
#1783=LINE('',#4847,#2117);
#1784=LINE('',#4849,#2118);
#1785=LINE('',#4851,#2119);
#1786=LINE('',#4853,#2120);
#1787=LINE('',#4855,#2121);
#1788=LINE('',#4857,#2122);
#1789=LINE('',#4859,#2123);
#1790=LINE('',#4861,#2124);
#1791=LINE('',#4863,#2125);
#1792=LINE('',#4865,#2126);
#1793=LINE('',#4867,#2127);
#1794=LINE('',#4869,#2128);
#1795=LINE('',#4871,#2129);
#1796=LINE('',#4873,#2130);
#1797=LINE('',#4875,#2131);
#1798=LINE('',#4877,#2132);
#1799=LINE('',#4879,#2133);
#1800=LINE('',#4880,#2134);
#1801=LINE('',#4884,#2135);
#1802=LINE('',#4886,#2136);
#1803=LINE('',#4888,#2137);
#1804=LINE('',#4890,#2138);
#1805=LINE('',#4892,#2139);
#1806=LINE('',#4894,#2140);
#1807=LINE('',#4906,#2141);
#1808=LINE('',#4908,#2142);
#1809=LINE('',#4910,#2143);
#1810=LINE('',#4912,#2144);
#1811=LINE('',#4914,#2145);
#1812=LINE('',#4916,#2146);
#1813=LINE('',#4918,#2147);
#1814=LINE('',#4920,#2148);
#1815=LINE('',#4923,#2149);
#1816=LINE('',#4925,#2150);
#1817=LINE('',#4927,#2151);
#1818=LINE('',#4929,#2152);
#1819=LINE('',#4931,#2153);
#1820=LINE('',#4933,#2154);
#1821=LINE('',#4935,#2155);
#1822=LINE('',#4937,#2156);
#1823=LINE('',#4941,#2157);
#1824=LINE('',#4944,#2158);
#1825=LINE('',#4946,#2159);
#1826=LINE('',#4948,#2160);
#1827=LINE('',#4950,#2161);
#1828=LINE('',#4952,#2162);
#1829=LINE('',#4954,#2163);
#1830=LINE('',#4956,#2164);
#1831=LINE('',#4959,#2165);
#1832=LINE('',#4961,#2166);
#1833=LINE('',#4963,#2167);
#1834=LINE('',#4965,#2168);
#1835=LINE('',#4966,#2169);
#1836=LINE('',#4968,#2170);
#1837=LINE('',#4970,#2171);
#1838=LINE('',#4973,#2172);
#1839=LINE('',#4975,#2173);
#1840=LINE('',#4977,#2174);
#1841=LINE('',#4979,#2175);
#1842=LINE('',#4980,#2176);
#1843=LINE('',#4982,#2177);
#1844=LINE('',#4984,#2178);
#1845=LINE('',#4986,#2179);
#1846=LINE('',#4988,#2180);
#1847=LINE('',#4990,#2181);
#1848=LINE('',#4991,#2182);
#1849=LINE('',#4993,#2183);
#1850=LINE('',#4995,#2184);
#1851=LINE('',#4997,#2185);
#1852=LINE('',#5000,#2186);
#1853=LINE('',#5001,#2187);
#1854=LINE('',#5003,#2188);
#1855=LINE('',#5004,#2189);
#1856=LINE('',#5006,#2190);
#1857=LINE('',#5008,#2191);
#1858=LINE('',#5029,#2192);
#1859=LINE('',#5032,#2193);
#1860=LINE('',#5268,#2194);
#1861=LINE('',#5271,#2195);
#1862=LINE('',#5273,#2196);
#1863=LINE('',#5275,#2197);
#1864=LINE('',#5277,#2198);
#1865=LINE('',#5279,#2199);
#1866=LINE('',#5281,#2200);
#1867=LINE('',#5284,#2201);
#1868=LINE('',#5286,#2202);
#1869=LINE('',#5288,#2203);
#1870=LINE('',#5290,#2204);
#1871=LINE('',#5293,#2205);
#1872=LINE('',#5295,#2206);
#1873=LINE('',#5297,#2207);
#1874=LINE('',#5299,#2208);
#1875=LINE('',#5301,#2209);
#1876=LINE('',#5303,#2210);
#1877=LINE('',#5305,#2211);
#1878=LINE('',#5307,#2212);
#1879=LINE('',#5309,#2213);
#1880=LINE('',#5312,#2214);
#1881=LINE('',#5314,#2215);
#1882=LINE('',#5316,#2216);
#1883=LINE('',#5318,#2217);
#1884=LINE('',#5320,#2218);
#1885=LINE('',#5322,#2219);
#1886=LINE('',#5323,#2220);
#1887=LINE('',#5325,#2221);
#1888=LINE('',#5327,#2222);
#1889=LINE('',#5328,#2223);
#1890=LINE('',#5329,#2224);
#1891=LINE('',#5331,#2225);
#1892=LINE('',#5332,#2226);
#1893=LINE('',#5333,#2227);
#1894=LINE('',#5335,#2228);
#1895=LINE('',#5350,#2229);
#1896=LINE('',#5353,#2230);
#1897=VECTOR('',#3336,1.);
#1898=VECTOR('',#3337,1.);
#1899=VECTOR('',#3338,1.);
#1900=VECTOR('',#3339,1.);
#1901=VECTOR('',#3340,1.);
#1902=VECTOR('',#3341,1.);
#1903=VECTOR('',#3342,1.);
#1904=VECTOR('',#3343,1.);
#1905=VECTOR('',#3344,1.);
#1906=VECTOR('',#3345,1.);
#1907=VECTOR('',#3346,1.);
#1908=VECTOR('',#3347,1.);
#1909=VECTOR('',#3350,1.);
#1910=VECTOR('',#3351,1.);
#1911=VECTOR('',#3352,1.);
#1912=VECTOR('',#3353,1.);
#1913=VECTOR('',#3354,1.);
#1914=VECTOR('',#3355,1.);
#1915=VECTOR('',#3356,1.);
#1916=VECTOR('',#3357,1.);
#1917=VECTOR('',#3358,1.);
#1918=VECTOR('',#3359,1.);
#1919=VECTOR('',#3360,1.);
#1920=VECTOR('',#3361,1.);
#1921=VECTOR('',#3364,1.);
#1922=VECTOR('',#3365,1.);
#1923=VECTOR('',#3368,1.);
#1924=VECTOR('',#3369,1.);
#1925=VECTOR('',#3374,1.);
#1926=VECTOR('',#3375,1.);
#1927=VECTOR('',#3380,1.);
#1928=VECTOR('',#3383,1.);
#1929=VECTOR('',#3388,1.);
#1930=VECTOR('',#3389,1.);
#1931=VECTOR('',#3390,1.);
#1932=VECTOR('',#3393,1.);
#1933=VECTOR('',#3394,1.);
#1934=VECTOR('',#3397,1.);
#1935=VECTOR('',#3398,1.);
#1936=VECTOR('',#3401,1.);
#1937=VECTOR('',#3406,1.);
#1938=VECTOR('',#3407,1.);
#1939=VECTOR('',#3408,1.);
#1940=VECTOR('',#3411,1.);
#1941=VECTOR('',#3412,1.);
#1942=VECTOR('',#3415,1.);
#1943=VECTOR('',#3416,1.);
#1944=VECTOR('',#3419,1.);
#1945=VECTOR('',#3426,1.);
#1946=VECTOR('',#3427,1.);
#1947=VECTOR('',#3428,1.);
#1948=VECTOR('',#3429,1.);
#1949=VECTOR('',#3430,1.);
#1950=VECTOR('',#3431,1.);
#1951=VECTOR('',#3432,1.);
#1952=VECTOR('',#3433,1.);
#1953=VECTOR('',#3434,1.);
#1954=VECTOR('',#3435,1.);
#1955=VECTOR('',#3436,1.);
#1956=VECTOR('',#3437,1.);
#1957=VECTOR('',#3440,1.);
#1958=VECTOR('',#3441,1.);
#1959=VECTOR('',#3442,1.);
#1960=VECTOR('',#3443,1.);
#1961=VECTOR('',#3444,1.);
#1962=VECTOR('',#3445,1.);
#1963=VECTOR('',#3446,1.);
#1964=VECTOR('',#3447,1.);
#1965=VECTOR('',#3448,1.);
#1966=VECTOR('',#3449,1.);
#1967=VECTOR('',#3450,1.);
#1968=VECTOR('',#3455,1.);
#1969=VECTOR('',#3458,1.);
#1970=VECTOR('',#3467,1.);
#1971=VECTOR('',#3468,1.);
#1972=VECTOR('',#3471,1.);
#1973=VECTOR('',#3474,1.);
#1974=VECTOR('',#3479,1.);
#1975=VECTOR('',#3480,1.);
#1976=VECTOR('',#3481,1.);
#1977=VECTOR('',#3484,1.);
#1978=VECTOR('',#3485,1.);
#1979=VECTOR('',#3486,1.);
#1980=VECTOR('',#3487,1.);
#1981=VECTOR('',#3490,1.);
#1982=VECTOR('',#3491,1.);
#1983=VECTOR('',#3492,1.);
#1984=VECTOR('',#3495,1.);
#1985=VECTOR('',#3496,1.);
#1986=VECTOR('',#3503,1.);
#1987=VECTOR('',#3508,1.);
#1988=VECTOR('',#3509,1.);
#1989=VECTOR('',#3510,1.);
#1990=VECTOR('',#3513,1.);
#1991=VECTOR('',#3514,1.);
#1992=VECTOR('',#3517,1.);
#1993=VECTOR('',#3518,1.);
#1994=VECTOR('',#3521,1.);
#1995=VECTOR('',#3526,1.);
#1996=VECTOR('',#3527,1.);
#1997=VECTOR('',#3528,1.);
#1998=VECTOR('',#3531,1.);
#1999=VECTOR('',#3532,1.);
#2000=VECTOR('',#3535,1.);
#2001=VECTOR('',#3536,1.);
#2002=VECTOR('',#3539,1.);
#2003=VECTOR('',#3546,1.);
#2004=VECTOR('',#3547,1.);
#2005=VECTOR('',#3548,1.);
#2006=VECTOR('',#3549,1.);
#2007=VECTOR('',#3550,1.);
#2008=VECTOR('',#3551,1.);
#2009=VECTOR('',#3552,1.);
#2010=VECTOR('',#3553,1.);
#2011=VECTOR('',#3554,1.);
#2012=VECTOR('',#3555,1.);
#2013=VECTOR('',#3556,1.);
#2014=VECTOR('',#3557,1.);
#2015=VECTOR('',#3560,1.);
#2016=VECTOR('',#3561,1.);
#2017=VECTOR('',#3562,1.);
#2018=VECTOR('',#3563,1.);
#2019=VECTOR('',#3564,1.);
#2020=VECTOR('',#3565,1.);
#2021=VECTOR('',#3566,1.);
#2022=VECTOR('',#3567,1.);
#2023=VECTOR('',#3568,1.);
#2024=VECTOR('',#3569,1.);
#2025=VECTOR('',#3570,1.);
#2026=VECTOR('',#3571,1.);
#2027=VECTOR('',#3574,1.);
#2028=VECTOR('',#3575,1.);
#2029=VECTOR('',#3578,1.);
#2030=VECTOR('',#3581,1.);
#2031=VECTOR('',#3584,1.);
#2032=VECTOR('',#3585,1.);
#2033=VECTOR('',#3588,1.);
#2034=VECTOR('',#3589,1.);
#2035=VECTOR('',#3598,1.);
#2036=VECTOR('',#3599,1.);
#2037=VECTOR('',#3600,1.);
#2038=VECTOR('',#3603,1.);
#2039=VECTOR('',#3604,1.);
#2040=VECTOR('',#3607,1.);
#2041=VECTOR('',#3608,1.);
#2042=VECTOR('',#3611,1.);
#2043=VECTOR('',#3616,1.);
#2044=VECTOR('',#3617,1.);
#2045=VECTOR('',#3618,1.);
#2046=VECTOR('',#3621,1.);
#2047=VECTOR('',#3622,1.);
#2048=VECTOR('',#3625,1.);
#2049=VECTOR('',#3626,1.);
#2050=VECTOR('',#3629,1.);
#2051=VECTOR('',#3636,1.);
#2052=VECTOR('',#3639,1.);
#2053=VECTOR('',#3644,1.);
#2054=VECTOR('',#3647,1.);
#2055=VECTOR('',#3652,1.);
#2056=VECTOR('',#3653,1.);
#2057=VECTOR('',#3654,1.);
#2058=VECTOR('',#3657,1.);
#2059=VECTOR('',#3658,1.);
#2060=VECTOR('',#3659,1.);
#2061=VECTOR('',#3664,1.);
#2062=VECTOR('',#3669,1.);
#2063=VECTOR('',#3672,1.);
#2064=VECTOR('',#3675,1.);
#2065=VECTOR('',#3678,1.);
#2066=VECTOR('',#3681,1.);
#2067=VECTOR('',#3682,1.);
#2068=VECTOR('',#3685,1.);
#2069=VECTOR('',#3688,1.);
#2070=VECTOR('',#3691,1.);
#2071=VECTOR('',#3694,1.);
#2072=VECTOR('',#3711,1.);
#2073=VECTOR('',#3714,1.);
#2074=VECTOR('',#3717,1.);
#2075=VECTOR('',#3720,1.);
#2076=VECTOR('',#3723,1.);
#2077=VECTOR('',#3726,1.);
#2078=VECTOR('',#3729,1.);
#2079=VECTOR('',#3730,1.);
#2080=VECTOR('',#3733,1.);
#2081=VECTOR('',#3736,1.);
#2082=VECTOR('',#3741,1.);
#2083=VECTOR('',#3746,1.);
#2084=VECTOR('',#3749,1.);
#2085=VECTOR('',#3752,1.);
#2086=VECTOR('',#3755,1.);
#2087=VECTOR('',#3758,1.);
#2088=VECTOR('',#3761,1.);
#2089=VECTOR('',#3764,1.);
#2090=VECTOR('',#3767,1.);
#2091=VECTOR('',#3770,1.);
#2092=VECTOR('',#3773,1.);
#2093=VECTOR('',#3776,1.);
#2094=VECTOR('',#3779,1.);
#2095=VECTOR('',#3782,1.);
#2096=VECTOR('',#3785,1.);
#2097=VECTOR('',#3788,1.);
#2098=VECTOR('',#3791,1.);
#2099=VECTOR('',#3800,1.);
#2100=VECTOR('',#3801,1.);
#2101=VECTOR('',#3802,1.);
#2102=VECTOR('',#3803,1.);
#2103=VECTOR('',#3804,1.);
#2104=VECTOR('',#3805,1.);
#2105=VECTOR('',#3806,1.);
#2106=VECTOR('',#3807,1.);
#2107=VECTOR('',#3808,1.);
#2108=VECTOR('',#3809,1.);
#2109=VECTOR('',#3810,1.);
#2110=VECTOR('',#3811,1.);
#2111=VECTOR('',#3814,1.);
#2112=VECTOR('',#3815,1.);
#2113=VECTOR('',#3816,1.);
#2114=VECTOR('',#3817,1.);
#2115=VECTOR('',#3818,1.);
#2116=VECTOR('',#3819,1.);
#2117=VECTOR('',#3820,1.);
#2118=VECTOR('',#3821,1.);
#2119=VECTOR('',#3822,1.);
#2120=VECTOR('',#3823,1.);
#2121=VECTOR('',#3824,1.);
#2122=VECTOR('',#3827,1.);
#2123=VECTOR('',#3828,1.);
#2124=VECTOR('',#3831,1.);
#2125=VECTOR('',#3832,1.);
#2126=VECTOR('',#3833,1.);
#2127=VECTOR('',#3836,1.);
#2128=VECTOR('',#3837,1.);
#2129=VECTOR('',#3838,1.);
#2130=VECTOR('',#3841,1.);
#2131=VECTOR('',#3844,1.);
#2132=VECTOR('',#3845,1.);
#2133=VECTOR('',#3848,1.);
#2134=VECTOR('',#3849,1.);
#2135=VECTOR('',#3856,1.);
#2136=VECTOR('',#3857,1.);
#2137=VECTOR('',#3858,1.);
#2138=VECTOR('',#3861,1.);
#2139=VECTOR('',#3862,1.);
#2140=VECTOR('',#3863,1.);
#2141=VECTOR('',#3882,1.);
#2142=VECTOR('',#3883,1.);
#2143=VECTOR('',#3884,1.);
#2144=VECTOR('',#3887,1.);
#2145=VECTOR('',#3888,1.);
#2146=VECTOR('',#3891,1.);
#2147=VECTOR('',#3892,1.);
#2148=VECTOR('',#3895,1.);
#2149=VECTOR('',#3900,1.);
#2150=VECTOR('',#3901,1.);
#2151=VECTOR('',#3902,1.);
#2152=VECTOR('',#3905,1.);
#2153=VECTOR('',#3906,1.);
#2154=VECTOR('',#3909,1.);
#2155=VECTOR('',#3910,1.);
#2156=VECTOR('',#3913,1.);
#2157=VECTOR('',#3920,1.);
#2158=VECTOR('',#3921,1.);
#2159=VECTOR('',#3922,1.);
#2160=VECTOR('',#3923,1.);
#2161=VECTOR('',#3926,1.);
#2162=VECTOR('',#3927,1.);
#2163=VECTOR('',#3928,1.);
#2164=VECTOR('',#3931,1.);
#2165=VECTOR('',#3932,1.);
#2166=VECTOR('',#3933,1.);
#2167=VECTOR('',#3934,1.);
#2168=VECTOR('',#3935,1.);
#2169=VECTOR('',#3936,1.);
#2170=VECTOR('',#3937,1.);
#2171=VECTOR('',#3940,1.);
#2172=VECTOR('',#3941,1.);
#2173=VECTOR('',#3942,1.);
#2174=VECTOR('',#3943,1.);
#2175=VECTOR('',#3944,1.);
#2176=VECTOR('',#3945,1.);
#2177=VECTOR('',#3946,1.);
#2178=VECTOR('',#3949,1.);
#2179=VECTOR('',#3950,1.);
#2180=VECTOR('',#3951,1.);
#2181=VECTOR('',#3954,1.);
#2182=VECTOR('',#3955,1.);
#2183=VECTOR('',#3958,1.);
#2184=VECTOR('',#3959,1.);
#2185=VECTOR('',#3962,1.);
#2186=VECTOR('',#3963,1.);
#2187=VECTOR('',#3964,1.);
#2188=VECTOR('',#3967,1.);
#2189=VECTOR('',#3968,1.);
#2190=VECTOR('',#3971,1.);
#2191=VECTOR('',#3972,1.);
#2192=VECTOR('',#4001,1.);
#2193=VECTOR('',#4006,1.);
#2194=VECTOR('',#4059,1.);
#2195=VECTOR('',#4060,1.);
#2196=VECTOR('',#4061,1.);
#2197=VECTOR('',#4062,1.);
#2198=VECTOR('',#4063,1.);
#2199=VECTOR('',#4064,1.);
#2200=VECTOR('',#4067,1.);
#2201=VECTOR('',#4068,1.);
#2202=VECTOR('',#4069,1.);
#2203=VECTOR('',#4070,1.);
#2204=VECTOR('',#4073,1.);
#2205=VECTOR('',#4074,1.);
#2206=VECTOR('',#4075,1.);
#2207=VECTOR('',#4076,1.);
#2208=VECTOR('',#4077,1.);
#2209=VECTOR('',#4078,1.);
#2210=VECTOR('',#4081,1.);
#2211=VECTOR('',#4082,1.);
#2212=VECTOR('',#4083,1.);
#2213=VECTOR('',#4086,1.);
#2214=VECTOR('',#4087,1.);
#2215=VECTOR('',#4088,1.);
#2216=VECTOR('',#4089,1.);
#2217=VECTOR('',#4090,1.);
#2218=VECTOR('',#4091,1.);
#2219=VECTOR('',#4094,1.);
#2220=VECTOR('',#4095,1.);
#2221=VECTOR('',#4098,1.);
#2222=VECTOR('',#4101,1.);
#2223=VECTOR('',#4102,1.);
#2224=VECTOR('',#4103,1.);
#2225=VECTOR('',#4106,1.);
#2226=VECTOR('',#4107,1.);
#2227=VECTOR('',#4108,1.);
#2228=VECTOR('',#4111,1.);
#2229=VECTOR('',#4134,1.);
#2230=VECTOR('',#4139,1.);
#2231=EDGE_LOOP('',(#107,#108,#109,#110,#111,#112,#113,#114));
#2232=EDGE_LOOP('',(#115,#116,#117,#118));
#2233=EDGE_LOOP('',(#119,#120,#121,#122));
#2234=EDGE_LOOP('',(#123,#124,#125,#126,#127,#128,#129,#130));
#2235=EDGE_LOOP('',(#131,#132,#133,#134));
#2236=EDGE_LOOP('',(#135,#136,#137,#138));
#2237=EDGE_LOOP('',(#139,#140,#141,#142));
#2238=EDGE_LOOP('',(#143,#144,#145,#146));
#2239=EDGE_LOOP('',(#147,#148,#149,#150));
#2240=EDGE_LOOP('',(#151,#152,#153,#154));
#2241=EDGE_LOOP('',(#155,#156,#157,#158));
#2242=EDGE_LOOP('',(#159,#160,#161,#162));
#2243=EDGE_LOOP('',(#163,#164,#165,#166));
#2244=EDGE_LOOP('',(#167,#168,#169,#170));
#2245=EDGE_LOOP('',(#171,#172,#173,#174));
#2246=EDGE_LOOP('',(#175,#176,#177,#178));
#2247=EDGE_LOOP('',(#179,#180,#181,#182));
#2248=EDGE_LOOP('',(#183,#184,#185,#186));
#2249=EDGE_LOOP('',(#187,#188,#189,#190));
#2250=EDGE_LOOP('',(#191,#192,#193,#194));
#2251=EDGE_LOOP('',(#195,#196,#197,#198));
#2252=EDGE_LOOP('',(#199,#200,#201,#202));
#2253=EDGE_LOOP('',(#203,#204,#205,#206,#207,#208,#209,#210));
#2254=EDGE_LOOP('',(#211,#212,#213,#214));
#2255=EDGE_LOOP('',(#215,#216,#217,#218));
#2256=EDGE_LOOP('',(#219,#220,#221,#222));
#2257=EDGE_LOOP('',(#223,#224,#225,#226));
#2258=EDGE_LOOP('',(#227,#228,#229,#230));
#2259=EDGE_LOOP('',(#231));
#2260=EDGE_LOOP('',(#232));
#2261=EDGE_LOOP('',(#233,#234,#235,#236));
#2262=EDGE_LOOP('',(#237));
#2263=EDGE_LOOP('',(#238,#239,#240,#241));
#2264=EDGE_LOOP('',(#242,#243,#244,#245));
#2265=EDGE_LOOP('',(#246));
#2266=EDGE_LOOP('',(#247,#248,#249,#250));
#2267=EDGE_LOOP('',(#251,#252,#253,#254));
#2268=EDGE_LOOP('',(#255,#256,#257,#258,#259,#260,#261,#262));
#2269=EDGE_LOOP('',(#263,#264,#265,#266));
#2270=EDGE_LOOP('',(#267,#268,#269,#270));
#2271=EDGE_LOOP('',(#271,#272,#273,#274));
#2272=EDGE_LOOP('',(#275,#276,#277,#278));
#2273=EDGE_LOOP('',(#279,#280,#281,#282));
#2274=EDGE_LOOP('',(#283,#284,#285,#286));
#2275=EDGE_LOOP('',(#287,#288,#289,#290));
#2276=EDGE_LOOP('',(#291,#292,#293,#294));
#2277=EDGE_LOOP('',(#295,#296,#297,#298));
#2278=EDGE_LOOP('',(#299,#300,#301,#302));
#2279=EDGE_LOOP('',(#303,#304,#305,#306));
#2280=EDGE_LOOP('',(#307,#308,#309,#310));
#2281=EDGE_LOOP('',(#311,#312,#313,#314));
#2282=EDGE_LOOP('',(#315,#316,#317,#318));
#2283=EDGE_LOOP('',(#319,#320,#321,#322));
#2284=EDGE_LOOP('',(#323,#324,#325,#326));
#2285=EDGE_LOOP('',(#327,#328,#329,#330,#331,#332,#333,#334));
#2286=EDGE_LOOP('',(#335,#336,#337,#338));
#2287=EDGE_LOOP('',(#339,#340,#341,#342,#343,#344,#345,#346));
#2288=EDGE_LOOP('',(#347,#348,#349,#350));
#2289=EDGE_LOOP('',(#351,#352,#353,#354));
#2290=EDGE_LOOP('',(#355,#356,#357,#358));
#2291=EDGE_LOOP('',(#359,#360,#361,#362));
#2292=EDGE_LOOP('',(#363,#364,#365,#366));
#2293=EDGE_LOOP('',(#367,#368,#369,#370));
#2294=EDGE_LOOP('',(#371,#372,#373,#374));
#2295=EDGE_LOOP('',(#375,#376,#377,#378));
#2296=EDGE_LOOP('',(#379,#380,#381,#382));
#2297=EDGE_LOOP('',(#383,#384,#385,#386));
#2298=EDGE_LOOP('',(#387,#388,#389,#390));
#2299=EDGE_LOOP('',(#391,#392,#393,#394));
#2300=EDGE_LOOP('',(#395,#396,#397,#398));
#2301=EDGE_LOOP('',(#399,#400,#401,#402));
#2302=EDGE_LOOP('',(#403,#404,#405,#406));
#2303=EDGE_LOOP('',(#407,#408,#409,#410));
#2304=EDGE_LOOP('',(#411,#412,#413,#414));
#2305=EDGE_LOOP('',(#415,#416,#417,#418));
#2306=EDGE_LOOP('',(#419,#420,#421,#422));
#2307=EDGE_LOOP('',(#423,#424,#425,#426));
#2308=EDGE_LOOP('',(#427,#428,#429,#430));
#2309=EDGE_LOOP('',(#431,#432,#433,#434));
#2310=EDGE_LOOP('',(#435,#436,#437,#438));
#2311=EDGE_LOOP('',(#439,#440,#441,#442));
#2312=EDGE_LOOP('',(#443,#444,#445,#446,#447,#448,#449,#450,#451,#452,#453,
#454,#455,#456,#457,#458,#459,#460,#461,#462,#463,#464,#465,#466));
#2313=EDGE_LOOP('',(#467));
#2314=EDGE_LOOP('',(#468));
#2315=EDGE_LOOP('',(#469));
#2316=EDGE_LOOP('',(#470));
#2317=EDGE_LOOP('',(#471));
#2318=EDGE_LOOP('',(#472));
#2319=EDGE_LOOP('',(#473));
#2320=EDGE_LOOP('',(#474));
#2321=EDGE_LOOP('',(#475,#476,#477,#478,#479,#480,#481,#482,#483,#484,#485,
#486,#487,#488,#489,#490,#491,#492,#493,#494,#495,#496,#497,#498));
#2322=EDGE_LOOP('',(#499));
#2323=EDGE_LOOP('',(#500,#501,#502,#503));
#2324=EDGE_LOOP('',(#504));
#2325=EDGE_LOOP('',(#505,#506,#507,#508));
#2326=EDGE_LOOP('',(#509,#510,#511,#512));
#2327=EDGE_LOOP('',(#513,#514,#515,#516));
#2328=EDGE_LOOP('',(#517,#518,#519,#520));
#2329=EDGE_LOOP('',(#521,#522,#523,#524));
#2330=EDGE_LOOP('',(#525,#526,#527,#528));
#2331=EDGE_LOOP('',(#529,#530,#531,#532));
#2332=EDGE_LOOP('',(#533,#534,#535,#536));
#2333=EDGE_LOOP('',(#537,#538,#539,#540));
#2334=EDGE_LOOP('',(#541,#542,#543,#544));
#2335=EDGE_LOOP('',(#545,#546,#547,#548));
#2336=EDGE_LOOP('',(#549,#550,#551,#552));
#2337=EDGE_LOOP('',(#553,#554,#555,#556));
#2338=EDGE_LOOP('',(#557,#558,#559,#560));
#2339=EDGE_LOOP('',(#561,#562,#563,#564));
#2340=EDGE_LOOP('',(#565,#566,#567,#568));
#2341=EDGE_LOOP('',(#569,#570,#571,#572));
#2342=EDGE_LOOP('',(#573,#574,#575,#576));
#2343=EDGE_LOOP('',(#577,#578,#579,#580));
#2344=EDGE_LOOP('',(#581,#582,#583,#584));
#2345=EDGE_LOOP('',(#585,#586,#587,#588));
#2346=EDGE_LOOP('',(#589,#590,#591,#592));
#2347=EDGE_LOOP('',(#593,#594,#595,#596,#597,#598,#599,#600));
#2348=EDGE_LOOP('',(#601,#602,#603,#604));
#2349=EDGE_LOOP('',(#605,#606,#607,#608));
#2350=EDGE_LOOP('',(#609,#610,#611,#612));
#2351=EDGE_LOOP('',(#613,#614,#615,#616));
#2352=EDGE_LOOP('',(#617,#618,#619,#620));
#2353=EDGE_LOOP('',(#621,#622,#623,#624,#625,#626,#627,#628));
#2354=EDGE_LOOP('',(#629,#630,#631,#632));
#2355=EDGE_LOOP('',(#633,#634,#635,#636));
#2356=EDGE_LOOP('',(#637,#638,#639,#640));
#2357=EDGE_LOOP('',(#641,#642,#643,#644));
#2358=EDGE_LOOP('',(#645,#646,#647,#648));
#2359=EDGE_LOOP('',(#649));
#2360=EDGE_LOOP('',(#650,#651,#652,#653));
#2361=EDGE_LOOP('',(#654));
#2362=EDGE_LOOP('',(#655,#656,#657,#658));
#2363=EDGE_LOOP('',(#659));
#2364=EDGE_LOOP('',(#660));
#2365=EDGE_LOOP('',(#661,#662,#663,#664));
#2366=EDGE_LOOP('',(#665,#666,#667,#668));
#2367=EDGE_LOOP('',(#669,#670,#671,#672));
#2368=EDGE_LOOP('',(#673,#674,#675,#676));
#2369=EDGE_LOOP('',(#677,#678,#679,#680));
#2370=EDGE_LOOP('',(#681,#682,#683,#684));
#2371=EDGE_LOOP('',(#685,#686,#687,#688));
#2372=EDGE_LOOP('',(#689,#690,#691,#692));
#2373=EDGE_LOOP('',(#693,#694,#695,#696));
#2374=EDGE_LOOP('',(#697,#698,#699,#700));
#2375=EDGE_LOOP('',(#701,#702,#703,#704));
#2376=EDGE_LOOP('',(#705,#706,#707,#708));
#2377=EDGE_LOOP('',(#709,#710,#711,#712,#713,#714,#715,#716));
#2378=EDGE_LOOP('',(#717,#718,#719,#720,#721,#722,#723,#724));
#2379=EDGE_LOOP('',(#725,#726,#727,#728));
#2380=EDGE_LOOP('',(#729,#730,#731,#732));
#2381=EDGE_LOOP('',(#733,#734,#735,#736,#737,#738));
#2382=EDGE_LOOP('',(#739,#740,#741,#742));
#2383=EDGE_LOOP('',(#743,#744,#745,#746));
#2384=EDGE_LOOP('',(#747,#748,#749,#750,#751,#752));
#2385=EDGE_LOOP('',(#753));
#2386=EDGE_LOOP('',(#754));
#2387=EDGE_LOOP('',(#755));
#2388=EDGE_LOOP('',(#756,#757,#758,#759,#760,#761));
#2389=EDGE_LOOP('',(#762));
#2390=EDGE_LOOP('',(#763));
#2391=EDGE_LOOP('',(#764));
#2392=EDGE_LOOP('',(#765));
#2393=EDGE_LOOP('',(#766));
#2394=EDGE_LOOP('',(#767));
#2395=EDGE_LOOP('',(#768));
#2396=EDGE_LOOP('',(#769));
#2397=EDGE_LOOP('',(#770));
#2398=EDGE_LOOP('',(#771,#772,#773,#774));
#2399=EDGE_LOOP('',(#775,#776,#777,#778));
#2400=EDGE_LOOP('',(#779,#780,#781,#782));
#2401=EDGE_LOOP('',(#783,#784,#785,#786));
#2402=EDGE_LOOP('',(#787));
#2403=EDGE_LOOP('',(#788));
#2404=EDGE_LOOP('',(#789));
#2405=EDGE_LOOP('',(#790));
#2406=EDGE_LOOP('',(#791));
#2407=EDGE_LOOP('',(#792));
#2408=EDGE_LOOP('',(#793));
#2409=EDGE_LOOP('',(#794));
#2410=EDGE_LOOP('',(#795));
#2411=EDGE_LOOP('',(#796));
#2412=EDGE_LOOP('',(#797));
#2413=EDGE_LOOP('',(#798));
#2414=EDGE_LOOP('',(#799));
#2415=EDGE_LOOP('',(#800));
#2416=EDGE_LOOP('',(#801));
#2417=EDGE_LOOP('',(#802));
#2418=EDGE_LOOP('',(#803));
#2419=EDGE_LOOP('',(#804,#805));
#2420=EDGE_LOOP('',(#806));
#2421=EDGE_LOOP('',(#807,#808,#809,#810));
#2422=EDGE_LOOP('',(#811));
#2423=EDGE_LOOP('',(#812));
#2424=EDGE_LOOP('',(#813));
#2425=EDGE_LOOP('',(#814,#815,#816,#817,#818,#819));
#2426=EDGE_LOOP('',(#820,#821,#822,#823));
#2427=EDGE_LOOP('',(#824,#825,#826,#827,#828,#829));
#2428=EDGE_LOOP('',(#830,#831,#832,#833));
#2429=EDGE_LOOP('',(#834,#835,#836,#837,#838,#839));
#2430=EDGE_LOOP('',(#840,#841,#842,#843));
#2431=EDGE_LOOP('',(#844,#845,#846,#847));
#2432=EDGE_LOOP('',(#848,#849,#850,#851,#852,#853,#854,#855));
#2433=EDGE_LOOP('',(#856,#857,#858,#859,#860,#861,#862,#863));
#2434=EDGE_LOOP('',(#864,#865,#866,#867));
#2435=EDGE_LOOP('',(#868,#869,#870,#871));
#2436=EDGE_LOOP('',(#872));
#2437=EDGE_LOOP('',(#873));
#2438=EDGE_LOOP('',(#874));
#2439=EDGE_LOOP('',(#875));
#2440=EDGE_LOOP('',(#876));
#2441=EDGE_LOOP('',(#877));
#2442=EDGE_LOOP('',(#878));
#2443=EDGE_LOOP('',(#879));
#2444=EDGE_LOOP('',(#880));
#2445=EDGE_LOOP('',(#881,#882,#883,#884));
#2446=EDGE_LOOP('',(#885,#886,#887,#888));
#2447=EDGE_LOOP('',(#889,#890,#891,#892));
#2448=EDGE_LOOP('',(#893,#894,#895,#896));
#2449=FACE_BOUND('',#2231,.T.);
#2450=FACE_BOUND('',#2232,.T.);
#2451=FACE_BOUND('',#2233,.T.);
#2452=FACE_BOUND('',#2234,.T.);
#2453=FACE_BOUND('',#2235,.T.);
#2454=FACE_BOUND('',#2236,.T.);
#2455=FACE_BOUND('',#2237,.T.);
#2456=FACE_BOUND('',#2238,.T.);
#2457=FACE_BOUND('',#2239,.T.);
#2458=FACE_BOUND('',#2240,.T.);
#2459=FACE_BOUND('',#2241,.T.);
#2460=FACE_BOUND('',#2242,.T.);
#2461=FACE_BOUND('',#2243,.T.);
#2462=FACE_BOUND('',#2244,.T.);
#2463=FACE_BOUND('',#2245,.T.);
#2464=FACE_BOUND('',#2246,.T.);
#2465=FACE_BOUND('',#2247,.T.);
#2466=FACE_BOUND('',#2248,.T.);
#2467=FACE_BOUND('',#2249,.T.);
#2468=FACE_BOUND('',#2250,.T.);
#2469=FACE_BOUND('',#2251,.T.);
#2470=FACE_BOUND('',#2252,.T.);
#2471=FACE_BOUND('',#2253,.T.);
#2472=FACE_BOUND('',#2254,.T.);
#2473=FACE_BOUND('',#2255,.T.);
#2474=FACE_BOUND('',#2256,.T.);
#2475=FACE_BOUND('',#2257,.T.);
#2476=FACE_BOUND('',#2258,.T.);
#2477=FACE_BOUND('',#2259,.T.);
#2478=FACE_BOUND('',#2260,.T.);
#2479=FACE_BOUND('',#2261,.T.);
#2480=FACE_BOUND('',#2262,.T.);
#2481=FACE_BOUND('',#2263,.T.);
#2482=FACE_BOUND('',#2264,.T.);
#2483=FACE_BOUND('',#2265,.T.);
#2484=FACE_BOUND('',#2266,.T.);
#2485=FACE_BOUND('',#2267,.T.);
#2486=FACE_BOUND('',#2268,.T.);
#2487=FACE_BOUND('',#2269,.T.);
#2488=FACE_BOUND('',#2270,.T.);
#2489=FACE_BOUND('',#2271,.T.);
#2490=FACE_BOUND('',#2272,.T.);
#2491=FACE_BOUND('',#2273,.T.);
#2492=FACE_BOUND('',#2274,.T.);
#2493=FACE_BOUND('',#2275,.T.);
#2494=FACE_BOUND('',#2276,.T.);
#2495=FACE_BOUND('',#2277,.T.);
#2496=FACE_BOUND('',#2278,.T.);
#2497=FACE_BOUND('',#2279,.T.);
#2498=FACE_BOUND('',#2280,.T.);
#2499=FACE_BOUND('',#2281,.T.);
#2500=FACE_BOUND('',#2282,.T.);
#2501=FACE_BOUND('',#2283,.T.);
#2502=FACE_BOUND('',#2284,.T.);
#2503=FACE_BOUND('',#2285,.T.);
#2504=FACE_BOUND('',#2286,.T.);
#2505=FACE_BOUND('',#2287,.T.);
#2506=FACE_BOUND('',#2288,.T.);
#2507=FACE_BOUND('',#2289,.T.);
#2508=FACE_BOUND('',#2290,.T.);
#2509=FACE_BOUND('',#2291,.T.);
#2510=FACE_BOUND('',#2292,.T.);
#2511=FACE_BOUND('',#2293,.T.);
#2512=FACE_BOUND('',#2294,.T.);
#2513=FACE_BOUND('',#2295,.T.);
#2514=FACE_BOUND('',#2296,.T.);
#2515=FACE_BOUND('',#2297,.T.);
#2516=FACE_BOUND('',#2298,.T.);
#2517=FACE_BOUND('',#2299,.T.);
#2518=FACE_BOUND('',#2300,.T.);
#2519=FACE_BOUND('',#2301,.T.);
#2520=FACE_BOUND('',#2302,.T.);
#2521=FACE_BOUND('',#2303,.T.);
#2522=FACE_BOUND('',#2304,.T.);
#2523=FACE_BOUND('',#2305,.T.);
#2524=FACE_BOUND('',#2306,.T.);
#2525=FACE_BOUND('',#2307,.T.);
#2526=FACE_BOUND('',#2308,.T.);
#2527=FACE_BOUND('',#2309,.T.);
#2528=FACE_BOUND('',#2310,.T.);
#2529=FACE_BOUND('',#2311,.T.);
#2530=FACE_BOUND('',#2312,.T.);
#2531=FACE_BOUND('',#2313,.T.);
#2532=FACE_BOUND('',#2314,.T.);
#2533=FACE_BOUND('',#2315,.T.);
#2534=FACE_BOUND('',#2316,.T.);
#2535=FACE_BOUND('',#2317,.T.);
#2536=FACE_BOUND('',#2318,.T.);
#2537=FACE_BOUND('',#2319,.T.);
#2538=FACE_BOUND('',#2320,.T.);
#2539=FACE_BOUND('',#2321,.T.);
#2540=FACE_BOUND('',#2322,.T.);
#2541=FACE_BOUND('',#2323,.T.);
#2542=FACE_BOUND('',#2324,.T.);
#2543=FACE_BOUND('',#2325,.T.);
#2544=FACE_BOUND('',#2326,.T.);
#2545=FACE_BOUND('',#2327,.T.);
#2546=FACE_BOUND('',#2328,.T.);
#2547=FACE_BOUND('',#2329,.T.);
#2548=FACE_BOUND('',#2330,.T.);
#2549=FACE_BOUND('',#2331,.T.);
#2550=FACE_BOUND('',#2332,.T.);
#2551=FACE_BOUND('',#2333,.T.);
#2552=FACE_BOUND('',#2334,.T.);
#2553=FACE_BOUND('',#2335,.T.);
#2554=FACE_BOUND('',#2336,.T.);
#2555=FACE_BOUND('',#2337,.T.);
#2556=FACE_BOUND('',#2338,.T.);
#2557=FACE_BOUND('',#2339,.T.);
#2558=FACE_BOUND('',#2340,.T.);
#2559=FACE_BOUND('',#2341,.T.);
#2560=FACE_BOUND('',#2342,.T.);
#2561=FACE_BOUND('',#2343,.T.);
#2562=FACE_BOUND('',#2344,.T.);
#2563=FACE_BOUND('',#2345,.T.);
#2564=FACE_BOUND('',#2346,.T.);
#2565=FACE_BOUND('',#2347,.T.);
#2566=FACE_BOUND('',#2348,.T.);
#2567=FACE_BOUND('',#2349,.T.);
#2568=FACE_BOUND('',#2350,.T.);
#2569=FACE_BOUND('',#2351,.T.);
#2570=FACE_BOUND('',#2352,.T.);
#2571=FACE_BOUND('',#2353,.T.);
#2572=FACE_BOUND('',#2354,.T.);
#2573=FACE_BOUND('',#2355,.T.);
#2574=FACE_BOUND('',#2356,.T.);
#2575=FACE_BOUND('',#2357,.T.);
#2576=FACE_BOUND('',#2358,.T.);
#2577=FACE_BOUND('',#2359,.T.);
#2578=FACE_BOUND('',#2360,.T.);
#2579=FACE_BOUND('',#2361,.T.);
#2580=FACE_BOUND('',#2362,.T.);
#2581=FACE_BOUND('',#2363,.T.);
#2582=FACE_BOUND('',#2364,.T.);
#2583=FACE_BOUND('',#2365,.T.);
#2584=FACE_BOUND('',#2366,.T.);
#2585=FACE_BOUND('',#2367,.T.);
#2586=FACE_BOUND('',#2368,.T.);
#2587=FACE_BOUND('',#2369,.T.);
#2588=FACE_BOUND('',#2370,.T.);
#2589=FACE_BOUND('',#2371,.T.);
#2590=FACE_BOUND('',#2372,.T.);
#2591=FACE_BOUND('',#2373,.T.);
#2592=FACE_BOUND('',#2374,.T.);
#2593=FACE_BOUND('',#2375,.T.);
#2594=FACE_BOUND('',#2376,.T.);
#2595=FACE_BOUND('',#2377,.T.);
#2596=FACE_BOUND('',#2378,.T.);
#2597=FACE_BOUND('',#2379,.T.);
#2598=FACE_BOUND('',#2380,.T.);
#2599=FACE_BOUND('',#2381,.T.);
#2600=FACE_BOUND('',#2382,.T.);
#2601=FACE_BOUND('',#2383,.T.);
#2602=FACE_BOUND('',#2384,.T.);
#2603=FACE_BOUND('',#2385,.T.);
#2604=FACE_BOUND('',#2386,.T.);
#2605=FACE_BOUND('',#2387,.T.);
#2606=FACE_BOUND('',#2388,.T.);
#2607=FACE_BOUND('',#2389,.T.);
#2608=FACE_BOUND('',#2390,.T.);
#2609=FACE_BOUND('',#2391,.T.);
#2610=FACE_BOUND('',#2392,.T.);
#2611=FACE_BOUND('',#2393,.T.);
#2612=FACE_BOUND('',#2394,.T.);
#2613=FACE_BOUND('',#2395,.T.);
#2614=FACE_BOUND('',#2396,.T.);
#2615=FACE_BOUND('',#2397,.T.);
#2616=FACE_BOUND('',#2398,.T.);
#2617=FACE_BOUND('',#2399,.T.);
#2618=FACE_BOUND('',#2400,.T.);
#2619=FACE_BOUND('',#2401,.T.);
#2620=FACE_BOUND('',#2402,.T.);
#2621=FACE_BOUND('',#2403,.T.);
#2622=FACE_BOUND('',#2404,.T.);
#2623=FACE_BOUND('',#2405,.T.);
#2624=FACE_BOUND('',#2406,.T.);
#2625=FACE_BOUND('',#2407,.T.);
#2626=FACE_BOUND('',#2408,.T.);
#2627=FACE_BOUND('',#2409,.T.);
#2628=FACE_BOUND('',#2410,.T.);
#2629=FACE_BOUND('',#2411,.T.);
#2630=FACE_BOUND('',#2412,.T.);
#2631=FACE_BOUND('',#2413,.T.);
#2632=FACE_BOUND('',#2414,.T.);
#2633=FACE_BOUND('',#2415,.T.);
#2634=FACE_BOUND('',#2416,.T.);
#2635=FACE_BOUND('',#2417,.T.);
#2636=FACE_BOUND('',#2418,.T.);
#2637=FACE_BOUND('',#2419,.T.);
#2638=FACE_BOUND('',#2420,.T.);
#2639=FACE_BOUND('',#2421,.T.);
#2640=FACE_BOUND('',#2422,.T.);
#2641=FACE_BOUND('',#2423,.T.);
#2642=FACE_BOUND('',#2424,.T.);
#2643=FACE_BOUND('',#2425,.T.);
#2644=FACE_BOUND('',#2426,.T.);
#2645=FACE_BOUND('',#2427,.T.);
#2646=FACE_BOUND('',#2428,.T.);
#2647=FACE_BOUND('',#2429,.T.);
#2648=FACE_BOUND('',#2430,.T.);
#2649=FACE_BOUND('',#2431,.T.);
#2650=FACE_BOUND('',#2432,.T.);
#2651=FACE_BOUND('',#2433,.T.);
#2652=FACE_BOUND('',#2434,.T.);
#2653=FACE_BOUND('',#2435,.T.);
#2654=FACE_BOUND('',#2436,.T.);
#2655=FACE_BOUND('',#2437,.T.);
#2656=FACE_BOUND('',#2438,.T.);
#2657=FACE_BOUND('',#2439,.T.);
#2658=FACE_BOUND('',#2440,.T.);
#2659=FACE_BOUND('',#2441,.T.);
#2660=FACE_BOUND('',#2442,.T.);
#2661=FACE_BOUND('',#2443,.T.);
#2662=FACE_BOUND('',#2444,.T.);
#2663=FACE_BOUND('',#2445,.T.);
#2664=FACE_BOUND('',#2446,.T.);
#2665=FACE_BOUND('',#2447,.T.);
#2666=FACE_BOUND('',#2448,.T.);
#2667=PLANE('',#3095);
#2668=PLANE('',#3096);
#2669=PLANE('',#3097);
#2670=PLANE('',#3098);
#2671=PLANE('',#3099);
#2672=PLANE('',#3100);
#2673=PLANE('',#3101);
#2674=PLANE('',#3102);
#2675=PLANE('',#3103);
#2676=PLANE('',#3104);
#2677=PLANE('',#3105);
#2678=PLANE('',#3106);
#2679=PLANE('',#3107);
#2680=PLANE('',#3108);
#2681=PLANE('',#3109);
#2682=PLANE('',#3110);
#2683=PLANE('',#3111);
#2684=PLANE('',#3112);
#2685=PLANE('',#3113);
#2686=PLANE('',#3114);
#2687=PLANE('',#3116);
#2688=PLANE('',#3117);
#2689=PLANE('',#3124);
#2690=PLANE('',#3125);
#2691=PLANE('',#3126);
#2692=PLANE('',#3127);
#2693=PLANE('',#3128);
#2694=PLANE('',#3129);
#2695=PLANE('',#3130);
#2696=PLANE('',#3131);
#2697=PLANE('',#3132);
#2698=PLANE('',#3133);
#2699=PLANE('',#3134);
#2700=PLANE('',#3135);
#2701=PLANE('',#3136);
#2702=PLANE('',#3137);
#2703=PLANE('',#3138);
#2704=PLANE('',#3139);
#2705=PLANE('',#3140);
#2706=PLANE('',#3141);
#2707=PLANE('',#3142);
#2708=PLANE('',#3143);
#2709=PLANE('',#3144);
#2710=PLANE('',#3145);
#2711=PLANE('',#3147);
#2712=PLANE('',#3148);
#2713=PLANE('',#3149);
#2714=PLANE('',#3150);
#2715=PLANE('',#3151);
#2716=PLANE('',#3152);
#2717=PLANE('',#3153);
#2718=PLANE('',#3154);
#2719=PLANE('',#3155);
#2720=PLANE('',#3156);
#2721=PLANE('',#3157);
#2722=PLANE('',#3158);
#2723=PLANE('',#3159);
#2724=PLANE('',#3160);
#2725=PLANE('',#3161);
#2726=PLANE('',#3162);
#2727=PLANE('',#3163);
#2728=PLANE('',#3164);
#2729=PLANE('',#3165);
#2730=PLANE('',#3166);
#2731=PLANE('',#3168);
#2732=PLANE('',#3171);
#2733=PLANE('',#3174);
#2734=PLANE('',#3175);
#2735=PLANE('',#3176);
#2736=PLANE('',#3192);
#2737=PLANE('',#3194);
#2738=PLANE('',#3205);
#2739=PLANE('',#3206);
#2740=PLANE('',#3207);
#2741=PLANE('',#3208);
#2742=PLANE('',#3209);
#2743=PLANE('',#3210);
#2744=PLANE('',#3211);
#2745=PLANE('',#3212);
#2746=PLANE('',#3213);
#2747=PLANE('',#3214);
#2748=PLANE('',#3215);
#2749=PLANE('',#3216);
#2750=PLANE('',#3217);
#2751=PLANE('',#3218);
#2752=PLANE('',#3219);
#2753=PLANE('',#3220);
#2754=PLANE('',#3221);
#2755=PLANE('',#3222);
#2756=PLANE('',#3223);
#2757=PLANE('',#3224);
#2758=PLANE('',#3226);
#2759=PLANE('',#3227);
#2760=PLANE('',#3228);
#2761=PLANE('',#3229);
#2762=PLANE('',#3230);
#2763=PLANE('',#3231);
#2764=PLANE('',#3232);
#2765=PLANE('',#3233);
#2766=PLANE('',#3234);
#2767=PLANE('',#3235);
#2768=PLANE('',#3236);
#2769=PLANE('',#3237);
#2770=PLANE('',#3241);
#2771=PLANE('',#3243);
#2772=PLANE('',#3246);
#2773=PLANE('',#3247);
#2774=PLANE('',#3248);
#2775=PLANE('',#3249);
#2776=PLANE('',#3250);
#2777=PLANE('',#3251);
#2778=PLANE('',#3252);
#2779=PLANE('',#3253);
#2780=PLANE('',#3254);
#2781=PLANE('',#3255);
#2782=PLANE('',#3257);
#2783=PLANE('',#3258);
#2784=PLANE('',#3259);
#2785=PLANE('',#3260);
#2786=PLANE('',#3261);
#2787=PLANE('',#3262);
#2788=PLANE('',#3263);
#2789=PLANE('',#3264);
#2790=PLANE('',#3265);
#2791=PLANE('',#3266);
#2792=PLANE('',#3267);
#2793=PLANE('',#3273);
#2794=PLANE('',#3276);
#2795=PLANE('',#3279);
#2796=PLANE('',#3280);
#2797=PLANE('',#3281);
#2798=PLANE('',#3282);
#2799=PLANE('',#3283);
#2800=PLANE('',#3287);
#2801=PLANE('',#3289);
#2802=PLANE('',#3292);
#2803=PLANE('',#3294);
#2804=PLANE('',#3296);
#2805=PLANE('',#3300);
#2806=PLANE('',#3305);
#2807=PLANE('',#3309);
#2808=PLANE('',#3310);
#2809=PLANE('',#3311);
#2810=PLANE('',#3312);
#2811=PLANE('',#3313);
#2812=PLANE('',#3314);
#2813=PLANE('',#3315);
#2814=PLANE('',#3316);
#2815=PLANE('',#3317);
#2816=PLANE('',#3318);
#2817=PLANE('',#3321);
#2818=PLANE('',#3324);
#2819=PLANE('',#3327);
#2820=PLANE('',#3328);
#2821=PLANE('',#3329);
#2822=PLANE('',#3330);
#2823=PLANE('',#3331);
#2824=ADVANCED_FACE('',(#2449,#2450),#2667,.F.);
#2825=ADVANCED_FACE('',(#2451,#2452),#2668,.F.);
#2826=ADVANCED_FACE('',(#2453),#2669,.T.);
#2827=ADVANCED_FACE('',(#2454),#2670,.F.);
#2828=ADVANCED_FACE('',(#2455),#2671,.F.);
#2829=ADVANCED_FACE('',(#2456),#2672,.F.);
#2830=ADVANCED_FACE('',(#2457),#2673,.T.);
#2831=ADVANCED_FACE('',(#2458),#2674,.T.);
#2832=ADVANCED_FACE('',(#2459),#2675,.F.);
#2833=ADVANCED_FACE('',(#2460),#2676,.T.);
#2834=ADVANCED_FACE('',(#2461),#2677,.T.);
#2835=ADVANCED_FACE('',(#2462),#2678,.F.);
#2836=ADVANCED_FACE('',(#2463),#2679,.F.);
#2837=ADVANCED_FACE('',(#2464),#2680,.T.);
#2838=ADVANCED_FACE('',(#2465),#2681,.T.);
#2839=ADVANCED_FACE('',(#2466),#2682,.T.);
#2840=ADVANCED_FACE('',(#2467),#2683,.F.);
#2841=ADVANCED_FACE('',(#2468),#2684,.F.);
#2842=ADVANCED_FACE('',(#2469),#2685,.T.);
#2843=ADVANCED_FACE('',(#2470),#2686,.T.);
#2844=ADVANCED_FACE('',(#2471,#2472),#2687,.T.);
#2845=ADVANCED_FACE('',(#2473,#2474,#2475),#2688,.T.);
#2846=ADVANCED_FACE('',(#2476),#73,.T.);
#2847=ADVANCED_FACE('',(#2477,#2478),#74,.F.);
#2848=ADVANCED_FACE('',(#2479),#2689,.F.);
#2849=ADVANCED_FACE('',(#2480,#2481),#2690,.F.);
#2850=ADVANCED_FACE('',(#2482),#2691,.T.);
#2851=ADVANCED_FACE('',(#2483,#2484),#2692,.T.);
#2852=ADVANCED_FACE('',(#2485),#2693,.T.);
#2853=ADVANCED_FACE('',(#2486),#2694,.F.);
#2854=ADVANCED_FACE('',(#2487),#2695,.F.);
#2855=ADVANCED_FACE('',(#2488),#2696,.T.);
#2856=ADVANCED_FACE('',(#2489),#2697,.F.);
#2857=ADVANCED_FACE('',(#2490),#2698,.T.);
#2858=ADVANCED_FACE('',(#2491),#2699,.T.);
#2859=ADVANCED_FACE('',(#2492),#2700,.F.);
#2860=ADVANCED_FACE('',(#2493),#2701,.T.);
#2861=ADVANCED_FACE('',(#2494),#2702,.F.);
#2862=ADVANCED_FACE('',(#2495),#2703,.F.);
#2863=ADVANCED_FACE('',(#2496),#2704,.T.);
#2864=ADVANCED_FACE('',(#2497),#2705,.T.);
#2865=ADVANCED_FACE('',(#2498),#2706,.T.);
#2866=ADVANCED_FACE('',(#2499),#2707,.F.);
#2867=ADVANCED_FACE('',(#2500),#2708,.F.);
#2868=ADVANCED_FACE('',(#2501),#2709,.T.);
#2869=ADVANCED_FACE('',(#2502),#2710,.T.);
#2870=ADVANCED_FACE('',(#2503,#2504),#2711,.T.);
#2871=ADVANCED_FACE('',(#2505,#2506),#2712,.T.);
#2872=ADVANCED_FACE('',(#2507),#2713,.T.);
#2873=ADVANCED_FACE('',(#2508),#2714,.F.);
#2874=ADVANCED_FACE('',(#2509),#2715,.T.);
#2875=ADVANCED_FACE('',(#2510),#2716,.T.);
#2876=ADVANCED_FACE('',(#2511),#2717,.F.);
#2877=ADVANCED_FACE('',(#2512),#2718,.T.);
#2878=ADVANCED_FACE('',(#2513),#2719,.F.);
#2879=ADVANCED_FACE('',(#2514),#2720,.F.);
#2880=ADVANCED_FACE('',(#2515),#2721,.T.);
#2881=ADVANCED_FACE('',(#2516),#2722,.F.);
#2882=ADVANCED_FACE('',(#2517),#2723,.F.);
#2883=ADVANCED_FACE('',(#2518),#2724,.T.);
#2884=ADVANCED_FACE('',(#2519),#2725,.T.);
#2885=ADVANCED_FACE('',(#2520),#2726,.T.);
#2886=ADVANCED_FACE('',(#2521),#2727,.F.);
#2887=ADVANCED_FACE('',(#2522),#2728,.F.);
#2888=ADVANCED_FACE('',(#2523),#2729,.T.);
#2889=ADVANCED_FACE('',(#2524),#2730,.T.);
#2890=ADVANCED_FACE('',(#2525),#2731,.F.);
#2891=ADVANCED_FACE('',(#2526),#2732,.F.);
#2892=ADVANCED_FACE('',(#2527),#2733,.F.);
#2893=ADVANCED_FACE('',(#2528),#2734,.F.);
#2894=ADVANCED_FACE('',(#2529),#2735,.T.);
#2895=ADVANCED_FACE('',(#2530,#2531),#75,.F.);
#2896=ADVANCED_FACE('',(#2532,#2533),#76,.T.);
#2897=ADVANCED_FACE('',(#2534,#2535),#2736,.T.);
#2898=ADVANCED_FACE('',(#2536),#2737,.F.);
#2899=ADVANCED_FACE('',(#2537,#2538),#10,.T.);
#2900=ADVANCED_FACE('',(#2539,#2540),#77,.T.);
#2901=ADVANCED_FACE('',(#2541),#2738,.T.);
#2902=ADVANCED_FACE('',(#2542),#2739,.T.);
#2903=ADVANCED_FACE('',(#2543),#2740,.T.);
#2904=ADVANCED_FACE('',(#2544),#2741,.T.);
#2905=ADVANCED_FACE('',(#2545),#2742,.T.);
#2906=ADVANCED_FACE('',(#2546),#2743,.T.);
#2907=ADVANCED_FACE('',(#2547),#2744,.F.);
#2908=ADVANCED_FACE('',(#2548),#2745,.F.);
#2909=ADVANCED_FACE('',(#2549),#2746,.F.);
#2910=ADVANCED_FACE('',(#2550),#2747,.F.);
#2911=ADVANCED_FACE('',(#2551),#2748,.F.);
#2912=ADVANCED_FACE('',(#2552),#2749,.T.);
#2913=ADVANCED_FACE('',(#2553),#2750,.F.);
#2914=ADVANCED_FACE('',(#2554),#2751,.F.);
#2915=ADVANCED_FACE('',(#2555),#2752,.F.);
#2916=ADVANCED_FACE('',(#2556),#2753,.T.);
#2917=ADVANCED_FACE('',(#2557),#2754,.F.);
#2918=ADVANCED_FACE('',(#2558),#2755,.T.);
#2919=ADVANCED_FACE('',(#2559),#2756,.T.);
#2920=ADVANCED_FACE('',(#2560),#2757,.T.);
#2921=ADVANCED_FACE('',(#2561,#2562,#2563),#2758,.T.);
#2922=ADVANCED_FACE('',(#2564,#2565),#2759,.F.);
#2923=ADVANCED_FACE('',(#2566),#2760,.T.);
#2924=ADVANCED_FACE('',(#2567),#2761,.T.);
#2925=ADVANCED_FACE('',(#2568),#2762,.F.);
#2926=ADVANCED_FACE('',(#2569),#2763,.T.);
#2927=ADVANCED_FACE('',(#2570),#2764,.F.);
#2928=ADVANCED_FACE('',(#2571),#2765,.F.);
#2929=ADVANCED_FACE('',(#2572),#2766,.F.);
#2930=ADVANCED_FACE('',(#2573),#2767,.F.);
#2931=ADVANCED_FACE('',(#2574),#2768,.T.);
#2932=ADVANCED_FACE('',(#2575),#2769,.F.);
#2933=ADVANCED_FACE('',(#2576),#78,.T.);
#2934=ADVANCED_FACE('',(#2577,#2578),#2770,.T.);
#2935=ADVANCED_FACE('',(#2579,#2580),#2771,.F.);
#2936=ADVANCED_FACE('',(#2581,#2582),#79,.F.);
#2937=ADVANCED_FACE('',(#2583),#2772,.T.);
#2938=ADVANCED_FACE('',(#2584),#2773,.F.);
#2939=ADVANCED_FACE('',(#2585),#2774,.F.);
#2940=ADVANCED_FACE('',(#2586),#2775,.T.);
#2941=ADVANCED_FACE('',(#2587),#2776,.T.);
#2942=ADVANCED_FACE('',(#2588),#2777,.T.);
#2943=ADVANCED_FACE('',(#2589),#2778,.F.);
#2944=ADVANCED_FACE('',(#2590),#2779,.F.);
#2945=ADVANCED_FACE('',(#2591),#2780,.T.);
#2946=ADVANCED_FACE('',(#2592),#2781,.T.);
#2947=ADVANCED_FACE('',(#2593),#2782,.T.);
#2948=ADVANCED_FACE('',(#2594),#2783,.T.);
#2949=ADVANCED_FACE('',(#2595),#2784,.T.);
#2950=ADVANCED_FACE('',(#2596),#2785,.T.);
#2951=ADVANCED_FACE('',(#2597),#2786,.F.);
#2952=ADVANCED_FACE('',(#2598),#2787,.T.);
#2953=ADVANCED_FACE('',(#2599),#2788,.T.);
#2954=ADVANCED_FACE('',(#2600),#2789,.F.);
#2955=ADVANCED_FACE('',(#2601),#2790,.F.);
#2956=ADVANCED_FACE('',(#2602),#2791,.T.);
#2957=ADVANCED_FACE('',(#2603,#2604,#2605,#2606),#2792,.F.);
#2958=ADVANCED_FACE('',(#2607,#2608),#80,.T.);
#2959=ADVANCED_FACE('',(#2609),#2793,.T.);
#2960=ADVANCED_FACE('',(#2610,#2611),#81,.T.);
#2961=ADVANCED_FACE('',(#2612),#2794,.T.);
#2962=ADVANCED_FACE('',(#2613,#2614),#82,.T.);
#2963=ADVANCED_FACE('',(#2615),#2795,.T.);
#2964=ADVANCED_FACE('',(#2616),#2796,.F.);
#2965=ADVANCED_FACE('',(#2617),#2797,.F.);
#2966=ADVANCED_FACE('',(#2618),#2798,.T.);
#2967=ADVANCED_FACE('',(#2619),#2799,.T.);
#2968=ADVANCED_FACE('',(#2620,#2621),#83,.T.);
#2969=ADVANCED_FACE('',(#2622,#2623),#2800,.T.);
#2970=ADVANCED_FACE('',(#2624),#2801,.F.);
#2971=ADVANCED_FACE('',(#2625,#2626),#11,.T.);
#2972=ADVANCED_FACE('',(#2627,#2628),#84,.T.);
#2973=ADVANCED_FACE('',(#2629,#2630),#2802,.T.);
#2974=ADVANCED_FACE('',(#2631),#2803,.T.);
#2975=ADVANCED_FACE('',(#2632),#2804,.F.);
#2976=ADVANCED_FACE('',(#2633,#2634),#85,.T.);
#2977=ADVANCED_FACE('',(#2635,#2636),#86,.T.);
#2978=ADVANCED_FACE('',(#2637),#2805,.T.);
#2979=ADVANCED_FACE('',(#2638,#2639),#87,.T.);
#2980=ADVANCED_FACE('',(#2640,#2641,#2642,#2643),#2806,.T.);
#2981=ADVANCED_FACE('',(#2644),#2807,.T.);
#2982=ADVANCED_FACE('',(#2645),#2808,.T.);
#2983=ADVANCED_FACE('',(#2646),#2809,.T.);
#2984=ADVANCED_FACE('',(#2647),#2810,.T.);
#2985=ADVANCED_FACE('',(#2648),#2811,.T.);
#2986=ADVANCED_FACE('',(#2649),#2812,.F.);
#2987=ADVANCED_FACE('',(#2650),#2813,.T.);
#2988=ADVANCED_FACE('',(#2651),#2814,.T.);
#2989=ADVANCED_FACE('',(#2652),#2815,.T.);
#2990=ADVANCED_FACE('',(#2653),#2816,.T.);
#2991=ADVANCED_FACE('',(#2654,#2655),#88,.F.);
#2992=ADVANCED_FACE('',(#2656),#2817,.T.);
#2993=ADVANCED_FACE('',(#2657,#2658),#89,.F.);
#2994=ADVANCED_FACE('',(#2659),#2818,.T.);
#2995=ADVANCED_FACE('',(#2660,#2661),#90,.F.);
#2996=ADVANCED_FACE('',(#2662),#2819,.T.);
#2997=ADVANCED_FACE('',(#2663),#2820,.T.);
#2998=ADVANCED_FACE('',(#2664),#2821,.T.);
#2999=ADVANCED_FACE('',(#2665),#2822,.F.);
#3000=ADVANCED_FACE('',(#2666),#2823,.F.);
#3001=CLOSED_SHELL('',(#2824,#2825,#2826,#2827,#2828,#2829,#2830,#2831,
#2832,#2833,#2834,#2835,#2836,#2837,#2838,#2839,#2840,#2841,#2842,#2843));
#3002=CLOSED_SHELL('',(#2844,#2845,#2846,#2847,#2848,#2849,#2850,#2851,
#2852,#2853,#2854,#2855,#2856,#2857,#2858,#2859,#2860,#2861,#2862,#2863,
#2864,#2865,#2866,#2867,#2868,#2869));
#3003=CLOSED_SHELL('',(#2870,#2871,#2872,#2873,#2874,#2875,#2876,#2877,
#2878,#2879,#2880,#2881,#2882,#2883,#2884,#2885,#2886,#2887,#2888,#2889));
#3004=CLOSED_SHELL('',(#2890,#2891,#2892,#2893,#2894,#2895,#2896,#2897,
#2898,#2899,#2900,#2901,#2902,#2903,#2904,#2905,#2906,#2907,#2908,#2909,
#2910,#2911,#2912,#2913,#2914,#2915,#2916,#2917,#2918,#2919,#2920));
#3005=CLOSED_SHELL('',(#2921,#2922,#2923,#2924,#2925,#2926,#2927,#2928,
#2929,#2930,#2931,#2932,#2933,#2934,#2935,#2936,#2937,#2938,#2939,#2940,
#2941,#2942,#2943,#2944,#2945,#2946));
#3006=CLOSED_SHELL('',(#2947,#2948,#2949,#2950,#2951,#2952,#2953,#2954,
#2955,#2956,#2957,#2958,#2959,#2960,#2961,#2962,#2963,#2964,#2965,#2966,
#2967));
#3007=CLOSED_SHELL('',(#2968,#2969,#2970,#2971,#2972,#2973,#2974,#2975,
#2976,#2977,#2978,#2979));
#3008=CLOSED_SHELL('',(#2980,#2981,#2982,#2983,#2984,#2985,#2986,#2987,
#2988,#2989,#2990,#2991,#2992,#2993,#2994,#2995,#2996,#2997,#2998,#2999,
#3000));
#3009=STYLED_ITEM('',(#3017),#3070);
#3010=STYLED_ITEM('',(#3018),#3071);
#3011=STYLED_ITEM('',(#3019),#3072);
#3012=STYLED_ITEM('',(#3020),#3073);
#3013=STYLED_ITEM('',(#3021),#3074);
#3014=STYLED_ITEM('',(#3022),#3075);
#3015=STYLED_ITEM('',(#3023),#3076);
#3016=STYLED_ITEM('',(#3024),#3077);
#3017=PRESENTATION_STYLE_ASSIGNMENT((#3025));
#3018=PRESENTATION_STYLE_ASSIGNMENT((#3026));
#3019=PRESENTATION_STYLE_ASSIGNMENT((#3027));
#3020=PRESENTATION_STYLE_ASSIGNMENT((#3028));
#3021=PRESENTATION_STYLE_ASSIGNMENT((#3029));
#3022=PRESENTATION_STYLE_ASSIGNMENT((#3030));
#3023=PRESENTATION_STYLE_ASSIGNMENT((#3031));
#3024=PRESENTATION_STYLE_ASSIGNMENT((#3032));
#3025=SURFACE_STYLE_USAGE(.BOTH.,#3033);
#3026=SURFACE_STYLE_USAGE(.BOTH.,#3034);
#3027=SURFACE_STYLE_USAGE(.BOTH.,#3035);
#3028=SURFACE_STYLE_USAGE(.BOTH.,#3036);
#3029=SURFACE_STYLE_USAGE(.BOTH.,#3037);
#3030=SURFACE_STYLE_USAGE(.BOTH.,#3038);
#3031=SURFACE_STYLE_USAGE(.BOTH.,#3039);
#3032=SURFACE_STYLE_USAGE(.BOTH.,#3040);
#3033=SURFACE_SIDE_STYLE('',(#3041));
#3034=SURFACE_SIDE_STYLE('',(#3042));
#3035=SURFACE_SIDE_STYLE('',(#3043));
#3036=SURFACE_SIDE_STYLE('',(#3044));
#3037=SURFACE_SIDE_STYLE('',(#3045));
#3038=SURFACE_SIDE_STYLE('',(#3046));
#3039=SURFACE_SIDE_STYLE('',(#3047));
#3040=SURFACE_SIDE_STYLE('',(#3048));
#3041=SURFACE_STYLE_FILL_AREA(#3049);
#3042=SURFACE_STYLE_FILL_AREA(#3050);
#3043=SURFACE_STYLE_FILL_AREA(#3051);
#3044=SURFACE_STYLE_FILL_AREA(#3052);
#3045=SURFACE_STYLE_FILL_AREA(#3053);
#3046=SURFACE_STYLE_FILL_AREA(#3054);
#3047=SURFACE_STYLE_FILL_AREA(#3055);
#3048=SURFACE_STYLE_FILL_AREA(#3056);
#3049=FILL_AREA_STYLE('',(#3057));
#3050=FILL_AREA_STYLE('',(#3058));
#3051=FILL_AREA_STYLE('',(#3059));
#3052=FILL_AREA_STYLE('',(#3060));
#3053=FILL_AREA_STYLE('',(#3061));
#3054=FILL_AREA_STYLE('',(#3062));
#3055=FILL_AREA_STYLE('',(#3063));
#3056=FILL_AREA_STYLE('',(#3064));
#3057=FILL_AREA_STYLE_COLOUR('',#3065);
#3058=FILL_AREA_STYLE_COLOUR('',#3066);
#3059=FILL_AREA_STYLE_COLOUR('',#3065);
#3060=FILL_AREA_STYLE_COLOUR('',#3067);
#3061=FILL_AREA_STYLE_COLOUR('',#3066);
#3062=FILL_AREA_STYLE_COLOUR('',#3068);
#3063=FILL_AREA_STYLE_COLOUR('',#3069);
#3064=FILL_AREA_STYLE_COLOUR('',#3068);
#3065=COLOUR_RGB('',0.647058823529412,0.647058823529412,0.647058823529412);
#3066=COLOUR_RGB('',0.615686274509804,0.811764705882353,0.929411764705882);
#3067=COLOUR_RGB('',0.768627450980392,0.886274509803922,0.952941176470588);
#3068=COLOUR_RGB('',0.917647058823529,0.917647058823529,0.917647058823529);
#3069=COLOUR_RGB('',0.972549019607843,0.529411764705882,0.00392156862745098);
#3070=MANIFOLD_SOLID_BREP('Part 1',#3001);
#3071=MANIFOLD_SOLID_BREP('Part 1',#3002);
#3072=MANIFOLD_SOLID_BREP('Part 1',#3003);
#3073=MANIFOLD_SOLID_BREP('Part 1',#3004);
#3074=MANIFOLD_SOLID_BREP('Part 1',#3005);
#3075=MANIFOLD_SOLID_BREP('Part 1',#3006);
#3076=MANIFOLD_SOLID_BREP('Part 1',#3007);
#3077=MANIFOLD_SOLID_BREP('Part 1',#3008);
#3078=SHAPE_DEFINITION_REPRESENTATION(#5403,#3086);
#3079=SHAPE_DEFINITION_REPRESENTATION(#5404,#3087);
#3080=SHAPE_DEFINITION_REPRESENTATION(#5405,#3088);
#3081=SHAPE_DEFINITION_REPRESENTATION(#5406,#3089);
#3082=SHAPE_DEFINITION_REPRESENTATION(#5407,#3090);
#3083=SHAPE_DEFINITION_REPRESENTATION(#5408,#3091);
#3084=SHAPE_DEFINITION_REPRESENTATION(#5409,#3092);
#3085=SHAPE_DEFINITION_REPRESENTATION(#5410,#3093);
#3086=SHAPE_REPRESENTATION('Part 1',(#3094),#5363);
#3087=SHAPE_REPRESENTATION('Part 1',(#3115),#5364);
#3088=SHAPE_REPRESENTATION('Part 1',(#3146),#5365);
#3089=SHAPE_REPRESENTATION('Part 1',(#3167),#5366);
#3090=SHAPE_REPRESENTATION('Part 1',(#3225),#5367);
#3091=SHAPE_REPRESENTATION('Part 1',(#3256),#5368);
#3092=SHAPE_REPRESENTATION('Part 1',(#3284),#5369);
#3093=SHAPE_REPRESENTATION('Part 1',(#3304),#5370);
#3094=AXIS2_PLACEMENT_3D('',#4142,#3332,#3333);
#3095=AXIS2_PLACEMENT_3D('',#4143,#3334,#3335);
#3096=AXIS2_PLACEMENT_3D('',#4168,#3348,#3349);
#3097=AXIS2_PLACEMENT_3D('',#4193,#3362,#3363);
#3098=AXIS2_PLACEMENT_3D('',#4196,#3366,#3367);
#3099=AXIS2_PLACEMENT_3D('',#4199,#3370,#3371);
#3100=AXIS2_PLACEMENT_3D('',#4200,#3372,#3373);
#3101=AXIS2_PLACEMENT_3D('',#4203,#3376,#3377);
#3102=AXIS2_PLACEMENT_3D('',#4204,#3378,#3379);
#3103=AXIS2_PLACEMENT_3D('',#4206,#3381,#3382);
#3104=AXIS2_PLACEMENT_3D('',#4208,#3384,#3385);
#3105=AXIS2_PLACEMENT_3D('',#4209,#3386,#3387);
#3106=AXIS2_PLACEMENT_3D('',#4215,#3391,#3392);
#3107=AXIS2_PLACEMENT_3D('',#4219,#3395,#3396);
#3108=AXIS2_PLACEMENT_3D('',#4223,#3399,#3400);
#3109=AXIS2_PLACEMENT_3D('',#4225,#3402,#3403);
#3110=AXIS2_PLACEMENT_3D('',#4226,#3404,#3405);
#3111=AXIS2_PLACEMENT_3D('',#4232,#3409,#3410);
#3112=AXIS2_PLACEMENT_3D('',#4236,#3413,#3414);
#3113=AXIS2_PLACEMENT_3D('',#4240,#3417,#3418);
#3114=AXIS2_PLACEMENT_3D('',#4242,#3420,#3421);
#3115=AXIS2_PLACEMENT_3D('',#4243,#3422,#3423);
#3116=AXIS2_PLACEMENT_3D('',#4244,#3424,#3425);
#3117=AXIS2_PLACEMENT_3D('',#4269,#3438,#3439);
#3118=AXIS2_PLACEMENT_3D('',#4291,#3451,#3452);
#3119=AXIS2_PLACEMENT_3D('',#4292,#3453,#3454);
#3120=AXIS2_PLACEMENT_3D('',#4297,#3456,#3457);
#3121=AXIS2_PLACEMENT_3D('',#4300,#3459,#3460);
#3122=AXIS2_PLACEMENT_3D('',#4301,#3461,#3462);
#3123=AXIS2_PLACEMENT_3D('',#4303,#3463,#3464);
#3124=AXIS2_PLACEMENT_3D('',#4305,#3465,#3466);
#3125=AXIS2_PLACEMENT_3D('',#4308,#3469,#3470);
#3126=AXIS2_PLACEMENT_3D('',#4310,#3472,#3473);
#3127=AXIS2_PLACEMENT_3D('',#4312,#3475,#3476);
#3128=AXIS2_PLACEMENT_3D('',#4313,#3477,#3478);
#3129=AXIS2_PLACEMENT_3D('',#4319,#3482,#3483);
#3130=AXIS2_PLACEMENT_3D('',#4326,#3488,#3489);
#3131=AXIS2_PLACEMENT_3D('',#4332,#3493,#3494);
#3132=AXIS2_PLACEMENT_3D('',#4335,#3497,#3498);
#3133=AXIS2_PLACEMENT_3D('',#4336,#3499,#3500);
#3134=AXIS2_PLACEMENT_3D('',#4337,#3501,#3502);
#3135=AXIS2_PLACEMENT_3D('',#4339,#3504,#3505);
#3136=AXIS2_PLACEMENT_3D('',#4340,#3506,#3507);
#3137=AXIS2_PLACEMENT_3D('',#4346,#3511,#3512);
#3138=AXIS2_PLACEMENT_3D('',#4350,#3515,#3516);
#3139=AXIS2_PLACEMENT_3D('',#4354,#3519,#3520);
#3140=AXIS2_PLACEMENT_3D('',#4356,#3522,#3523);
#3141=AXIS2_PLACEMENT_3D('',#4357,#3524,#3525);
#3142=AXIS2_PLACEMENT_3D('',#4363,#3529,#3530);
#3143=AXIS2_PLACEMENT_3D('',#4367,#3533,#3534);
#3144=AXIS2_PLACEMENT_3D('',#4371,#3537,#3538);
#3145=AXIS2_PLACEMENT_3D('',#4373,#3540,#3541);
#3146=AXIS2_PLACEMENT_3D('',#4374,#3542,#3543);
#3147=AXIS2_PLACEMENT_3D('',#4375,#3544,#3545);
#3148=AXIS2_PLACEMENT_3D('',#4400,#3558,#3559);
#3149=AXIS2_PLACEMENT_3D('',#4425,#3572,#3573);
#3150=AXIS2_PLACEMENT_3D('',#4428,#3576,#3577);
#3151=AXIS2_PLACEMENT_3D('',#4430,#3579,#3580);
#3152=AXIS2_PLACEMENT_3D('',#4432,#3582,#3583);
#3153=AXIS2_PLACEMENT_3D('',#4435,#3586,#3587);
#3154=AXIS2_PLACEMENT_3D('',#4438,#3590,#3591);
#3155=AXIS2_PLACEMENT_3D('',#4439,#3592,#3593);
#3156=AXIS2_PLACEMENT_3D('',#4440,#3594,#3595);
#3157=AXIS2_PLACEMENT_3D('',#4441,#3596,#3597);
#3158=AXIS2_PLACEMENT_3D('',#4447,#3601,#3602);
#3159=AXIS2_PLACEMENT_3D('',#4451,#3605,#3606);
#3160=AXIS2_PLACEMENT_3D('',#4455,#3609,#3610);
#3161=AXIS2_PLACEMENT_3D('',#4457,#3612,#3613);
#3162=AXIS2_PLACEMENT_3D('',#4458,#3614,#3615);
#3163=AXIS2_PLACEMENT_3D('',#4464,#3619,#3620);
#3164=AXIS2_PLACEMENT_3D('',#4468,#3623,#3624);
#3165=AXIS2_PLACEMENT_3D('',#4472,#3627,#3628);
#3166=AXIS2_PLACEMENT_3D('',#4474,#3630,#3631);
#3167=AXIS2_PLACEMENT_3D('',#4475,#3632,#3633);
#3168=AXIS2_PLACEMENT_3D('',#4476,#3634,#3635);
#3169=AXIS2_PLACEMENT_3D('',#4480,#3637,#3638);
#3170=AXIS2_PLACEMENT_3D('',#4484,#3640,#3641);
#3171=AXIS2_PLACEMENT_3D('',#4485,#3642,#3643);
#3172=AXIS2_PLACEMENT_3D('',#4489,#3645,#3646);
#3173=AXIS2_PLACEMENT_3D('',#4493,#3648,#3649);
#3174=AXIS2_PLACEMENT_3D('',#4494,#3650,#3651);
#3175=AXIS2_PLACEMENT_3D('',#4500,#3655,#3656);
#3176=AXIS2_PLACEMENT_3D('',#4506,#3660,#3661);
#3177=AXIS2_PLACEMENT_3D('',#4507,#3662,#3663);
#3178=AXIS2_PLACEMENT_3D('',#4511,#3665,#3666);
#3179=AXIS2_PLACEMENT_3D('',#4512,#3667,#3668);
#3180=AXIS2_PLACEMENT_3D('',#4515,#3670,#3671);
#3181=AXIS2_PLACEMENT_3D('',#4519,#3673,#3674);
#3182=AXIS2_PLACEMENT_3D('',#4523,#3676,#3677);
#3183=AXIS2_PLACEMENT_3D('',#4527,#3679,#3680);
#3184=AXIS2_PLACEMENT_3D('',#4532,#3683,#3684);
#3185=AXIS2_PLACEMENT_3D('',#4536,#3686,#3687);
#3186=AXIS2_PLACEMENT_3D('',#4540,#3689,#3690);
#3187=AXIS2_PLACEMENT_3D('',#4544,#3692,#3693);
#3188=AXIS2_PLACEMENT_3D('',#4548,#3695,#3696);
#3189=AXIS2_PLACEMENT_3D('',#4549,#3697,#3698);
#3190=AXIS2_PLACEMENT_3D('',#4551,#3699,#3700);
#3191=AXIS2_PLACEMENT_3D('',#4564,#3701,#3702);
#3192=AXIS2_PLACEMENT_3D('',#4566,#3703,#3704);
#3193=AXIS2_PLACEMENT_3D('',#4567,#3705,#3706);
#3194=AXIS2_PLACEMENT_3D('',#4569,#3707,#3708);
#3195=AXIS2_PLACEMENT_3D('',#4734,#3709,#3710);
#3196=AXIS2_PLACEMENT_3D('',#4738,#3712,#3713);
#3197=AXIS2_PLACEMENT_3D('',#4741,#3715,#3716);
#3198=AXIS2_PLACEMENT_3D('',#4745,#3718,#3719);
#3199=AXIS2_PLACEMENT_3D('',#4749,#3721,#3722);
#3200=AXIS2_PLACEMENT_3D('',#4753,#3724,#3725);
#3201=AXIS2_PLACEMENT_3D('',#4757,#3727,#3728);
#3202=AXIS2_PLACEMENT_3D('',#4762,#3731,#3732);
#3203=AXIS2_PLACEMENT_3D('',#4766,#3734,#3735);
#3204=AXIS2_PLACEMENT_3D('',#4770,#3737,#3738);
#3205=AXIS2_PLACEMENT_3D('',#4771,#3739,#3740);
#3206=AXIS2_PLACEMENT_3D('',#4773,#3742,#3743);
#3207=AXIS2_PLACEMENT_3D('',#4774,#3744,#3745);
#3208=AXIS2_PLACEMENT_3D('',#4776,#3747,#3748);
#3209=AXIS2_PLACEMENT_3D('',#4778,#3750,#3751);
#3210=AXIS2_PLACEMENT_3D('',#4780,#3753,#3754);
#3211=AXIS2_PLACEMENT_3D('',#4782,#3756,#3757);
#3212=AXIS2_PLACEMENT_3D('',#4784,#3759,#3760);
#3213=AXIS2_PLACEMENT_3D('',#4786,#3762,#3763);
#3214=AXIS2_PLACEMENT_3D('',#4788,#3765,#3766);
#3215=AXIS2_PLACEMENT_3D('',#4790,#3768,#3769);
#3216=AXIS2_PLACEMENT_3D('',#4792,#3771,#3772);
#3217=AXIS2_PLACEMENT_3D('',#4794,#3774,#3775);
#3218=AXIS2_PLACEMENT_3D('',#4796,#3777,#3778);
#3219=AXIS2_PLACEMENT_3D('',#4798,#3780,#3781);
#3220=AXIS2_PLACEMENT_3D('',#4800,#3783,#3784);
#3221=AXIS2_PLACEMENT_3D('',#4802,#3786,#3787);
#3222=AXIS2_PLACEMENT_3D('',#4804,#3789,#3790);
#3223=AXIS2_PLACEMENT_3D('',#4806,#3792,#3793);
#3224=AXIS2_PLACEMENT_3D('',#4807,#3794,#3795);
#3225=AXIS2_PLACEMENT_3D('',#4808,#3796,#3797);
#3226=AXIS2_PLACEMENT_3D('',#4809,#3798,#3799);
#3227=AXIS2_PLACEMENT_3D('',#4834,#3812,#3813);
#3228=AXIS2_PLACEMENT_3D('',#4856,#3825,#3826);
#3229=AXIS2_PLACEMENT_3D('',#4860,#3829,#3830);
#3230=AXIS2_PLACEMENT_3D('',#4866,#3834,#3835);
#3231=AXIS2_PLACEMENT_3D('',#4872,#3839,#3840);
#3232=AXIS2_PLACEMENT_3D('',#4874,#3842,#3843);
#3233=AXIS2_PLACEMENT_3D('',#4878,#3846,#3847);
#3234=AXIS2_PLACEMENT_3D('',#4881,#3850,#3851);
#3235=AXIS2_PLACEMENT_3D('',#4882,#3852,#3853);
#3236=AXIS2_PLACEMENT_3D('',#4883,#3854,#3855);
#3237=AXIS2_PLACEMENT_3D('',#4889,#3859,#3860);
#3238=AXIS2_PLACEMENT_3D('',#4895,#3864,#3865);
#3239=AXIS2_PLACEMENT_3D('',#4896,#3866,#3867);
#3240=AXIS2_PLACEMENT_3D('',#4897,#3868,#3869);
#3241=AXIS2_PLACEMENT_3D('',#4898,#3870,#3871);
#3242=AXIS2_PLACEMENT_3D('',#4899,#3872,#3873);
#3243=AXIS2_PLACEMENT_3D('',#4901,#3874,#3875);
#3244=AXIS2_PLACEMENT_3D('',#4902,#3876,#3877);
#3245=AXIS2_PLACEMENT_3D('',#4904,#3878,#3879);
#3246=AXIS2_PLACEMENT_3D('',#4905,#3880,#3881);
#3247=AXIS2_PLACEMENT_3D('',#4911,#3885,#3886);
#3248=AXIS2_PLACEMENT_3D('',#4915,#3889,#3890);
#3249=AXIS2_PLACEMENT_3D('',#4919,#3893,#3894);
#3250=AXIS2_PLACEMENT_3D('',#4921,#3896,#3897);
#3251=AXIS2_PLACEMENT_3D('',#4922,#3898,#3899);
#3252=AXIS2_PLACEMENT_3D('',#4928,#3903,#3904);
#3253=AXIS2_PLACEMENT_3D('',#4932,#3907,#3908);
#3254=AXIS2_PLACEMENT_3D('',#4936,#3911,#3912);
#3255=AXIS2_PLACEMENT_3D('',#4938,#3914,#3915);
#3256=AXIS2_PLACEMENT_3D('',#4939,#3916,#3917);
#3257=AXIS2_PLACEMENT_3D('',#4940,#3918,#3919);
#3258=AXIS2_PLACEMENT_3D('',#4949,#3924,#3925);
#3259=AXIS2_PLACEMENT_3D('',#4955,#3929,#3930);
#3260=AXIS2_PLACEMENT_3D('',#4969,#3938,#3939);
#3261=AXIS2_PLACEMENT_3D('',#4983,#3947,#3948);
#3262=AXIS2_PLACEMENT_3D('',#4989,#3952,#3953);
#3263=AXIS2_PLACEMENT_3D('',#4992,#3956,#3957);
#3264=AXIS2_PLACEMENT_3D('',#4996,#3960,#3961);
#3265=AXIS2_PLACEMENT_3D('',#5002,#3965,#3966);
#3266=AXIS2_PLACEMENT_3D('',#5005,#3969,#3970);
#3267=AXIS2_PLACEMENT_3D('',#5009,#3973,#3974);
#3268=AXIS2_PLACEMENT_3D('',#5010,#3975,#3976);
#3269=AXIS2_PLACEMENT_3D('',#5012,#3977,#3978);
#3270=AXIS2_PLACEMENT_3D('',#5014,#3979,#3980);
#3271=AXIS2_PLACEMENT_3D('',#5016,#3981,#3982);
#3272=AXIS2_PLACEMENT_3D('',#5017,#3983,#3984);
#3273=AXIS2_PLACEMENT_3D('',#5019,#3985,#3986);
#3274=AXIS2_PLACEMENT_3D('',#5020,#3987,#3988);
#3275=AXIS2_PLACEMENT_3D('',#5021,#3989,#3990);
#3276=AXIS2_PLACEMENT_3D('',#5023,#3991,#3992);
#3277=AXIS2_PLACEMENT_3D('',#5024,#3993,#3994);
#3278=AXIS2_PLACEMENT_3D('',#5025,#3995,#3996);
#3279=AXIS2_PLACEMENT_3D('',#5027,#3997,#3998);
#3280=AXIS2_PLACEMENT_3D('',#5028,#3999,#4000);
#3281=AXIS2_PLACEMENT_3D('',#5030,#4002,#4003);
#3282=AXIS2_PLACEMENT_3D('',#5031,#4004,#4005);
#3283=AXIS2_PLACEMENT_3D('',#5033,#4007,#4008);
#3284=AXIS2_PLACEMENT_3D('',#5034,#4009,#4010);
#3285=AXIS2_PLACEMENT_3D('',#5035,#4011,#4012);
#3286=AXIS2_PLACEMENT_3D('',#5048,#4013,#4014);
#3287=AXIS2_PLACEMENT_3D('',#5050,#4015,#4016);
#3288=AXIS2_PLACEMENT_3D('',#5051,#4017,#4018);
#3289=AXIS2_PLACEMENT_3D('',#5053,#4019,#4020);
#3290=AXIS2_PLACEMENT_3D('',#5218,#4021,#4022);
#3291=AXIS2_PLACEMENT_3D('',#5219,#4023,#4024);
#3292=AXIS2_PLACEMENT_3D('',#5221,#4025,#4026);
#3293=AXIS2_PLACEMENT_3D('',#5222,#4027,#4028);
#3294=AXIS2_PLACEMENT_3D('',#5224,#4029,#4030);
#3295=AXIS2_PLACEMENT_3D('',#5225,#4031,#4032);
#3296=AXIS2_PLACEMENT_3D('',#5227,#4033,#4034);
#3297=AXIS2_PLACEMENT_3D('',#5228,#4035,#4036);
#3298=AXIS2_PLACEMENT_3D('',#5230,#4037,#4038);
#3299=AXIS2_PLACEMENT_3D('',#5243,#4039,#4040);
#3300=AXIS2_PLACEMENT_3D('',#5256,#4041,#4042);
#3301=AXIS2_PLACEMENT_3D('',#5257,#4043,#4044);
#3302=AXIS2_PLACEMENT_3D('',#5258,#4045,#4046);
#3303=AXIS2_PLACEMENT_3D('',#5259,#4047,#4048);
#3304=AXIS2_PLACEMENT_3D('',#5260,#4049,#4050);
#3305=AXIS2_PLACEMENT_3D('',#5261,#4051,#4052);
#3306=AXIS2_PLACEMENT_3D('',#5262,#4053,#4054);
#3307=AXIS2_PLACEMENT_3D('',#5264,#4055,#4056);
#3308=AXIS2_PLACEMENT_3D('',#5266,#4057,#4058);
#3309=AXIS2_PLACEMENT_3D('',#5280,#4065,#4066);
#3310=AXIS2_PLACEMENT_3D('',#5289,#4071,#4072);
#3311=AXIS2_PLACEMENT_3D('',#5302,#4079,#4080);
#3312=AXIS2_PLACEMENT_3D('',#5308,#4084,#4085);
#3313=AXIS2_PLACEMENT_3D('',#5321,#4092,#4093);
#3314=AXIS2_PLACEMENT_3D('',#5324,#4096,#4097);
#3315=AXIS2_PLACEMENT_3D('',#5326,#4099,#4100);
#3316=AXIS2_PLACEMENT_3D('',#5330,#4104,#4105);
#3317=AXIS2_PLACEMENT_3D('',#5334,#4109,#4110);
#3318=AXIS2_PLACEMENT_3D('',#5336,#4112,#4113);
#3319=AXIS2_PLACEMENT_3D('',#5337,#4114,#4115);
#3320=AXIS2_PLACEMENT_3D('',#5338,#4116,#4117);
#3321=AXIS2_PLACEMENT_3D('',#5340,#4118,#4119);
#3322=AXIS2_PLACEMENT_3D('',#5341,#4120,#4121);
#3323=AXIS2_PLACEMENT_3D('',#5342,#4122,#4123);
#3324=AXIS2_PLACEMENT_3D('',#5344,#4124,#4125);
#3325=AXIS2_PLACEMENT_3D('',#5345,#4126,#4127);
#3326=AXIS2_PLACEMENT_3D('',#5346,#4128,#4129);
#3327=AXIS2_PLACEMENT_3D('',#5348,#4130,#4131);
#3328=AXIS2_PLACEMENT_3D('',#5349,#4132,#4133);
#3329=AXIS2_PLACEMENT_3D('',#5351,#4135,#4136);
#3330=AXIS2_PLACEMENT_3D('',#5352,#4137,#4138);
#3331=AXIS2_PLACEMENT_3D('',#5354,#4140,#4141);
#3332=DIRECTION('',(0.,0.,1.));
#3333=DIRECTION('',(1.,0.,0.));
#3334=DIRECTION('',(6.12323399573677E-17,-1.,0.));
#3335=DIRECTION('',(6.12323399573677E-17,1.23259516440783E-32,-1.));
#3336=DIRECTION('',(6.12323399573677E-17,1.23259516440783E-32,-1.));
#3337=DIRECTION('',(1.,6.12323399573677E-17,6.12323399573677E-17));
#3338=DIRECTION('',(6.12323399573677E-17,1.23259516440783E-32,-1.));
#3339=DIRECTION('',(-1.,-6.12323399573677E-17,-6.12323399573677E-17));
#3340=DIRECTION('',(6.12323399573677E-17,1.23259516440783E-32,-1.));
#3341=DIRECTION('',(-1.,-6.12323399573677E-17,-6.12323399573677E-17));
#3342=DIRECTION('',(6.12323399573677E-17,1.23259516440783E-32,-1.));
#3343=DIRECTION('',(-1.,-6.12323399573677E-17,-6.12323399573677E-17));
#3344=DIRECTION('',(4.52759801072798E-16,1.91469898708961E-32,1.));
#3345=DIRECTION('',(-1.,-6.12323399573677E-17,-6.12323399573677E-17));
#3346=DIRECTION('',(1.95763730557715E-16,3.41051911340886E-33,1.));
#3347=DIRECTION('',(-1.,-6.12323399573677E-17,-6.12323399573677E-17));
#3348=DIRECTION('',(-6.12323399573677E-17,1.,0.));
#3349=DIRECTION('',(1.,6.12323399573677E-17,6.12323399573677E-17));
#3350=DIRECTION('',(-1.,-6.12323399573677E-17,-6.12323399573677E-17));
#3351=DIRECTION('',(6.12323399573677E-17,1.23259516440783E-32,-1.));
#3352=DIRECTION('',(-1.,-6.12323399573677E-17,-6.12323399573677E-17));
#3353=DIRECTION('',(6.12323399573677E-17,1.23259516440783E-32,-1.));
#3354=DIRECTION('',(-6.12323399573677E-17,-1.23259516440783E-32,1.));
#3355=DIRECTION('',(-1.,-6.12323399573677E-17,-6.12323399573677E-17));
#3356=DIRECTION('',(-6.12323399573677E-17,-1.23259516440783E-32,1.));
#3357=DIRECTION('',(-1.,-6.12323399573677E-17,-6.12323399573677E-17));
#3358=DIRECTION('',(-6.12323399573677E-17,-1.23259516440783E-32,1.));
#3359=DIRECTION('',(-1.,-6.12323399573677E-17,-6.12323399573677E-17));
#3360=DIRECTION('',(6.12323399573677E-17,1.23259516440783E-32,-1.));
#3361=DIRECTION('',(-1.,-6.12323399573677E-17,-6.12323399573677E-17));
#3362=DIRECTION('',(-6.12323399573677E-17,-1.23259516440783E-32,1.));
#3363=DIRECTION('',(6.12323399573677E-17,-1.,0.));
#3364=DIRECTION('',(-6.12323399573677E-17,1.,0.));
#3365=DIRECTION('',(-6.12323399573677E-17,1.,0.));
#3366=DIRECTION('',(6.12323399573677E-17,1.23259516440783E-32,-1.));
#3367=DIRECTION('',(1.,6.12323399573677E-17,6.12323399573677E-17));
#3368=DIRECTION('',(6.12323399573677E-17,-1.,0.));
#3369=DIRECTION('',(6.12323399573677E-17,-1.,0.));
#3370=DIRECTION('',(1.,6.12323399573677E-17,6.12323399573677E-17));
#3371=DIRECTION('',(6.12323399573677E-17,-1.,0.));
#3372=DIRECTION('',(6.12323399573677E-17,1.23259516440783E-32,-1.));
#3373=DIRECTION('',(1.,6.12323399573677E-17,6.12323399573677E-17));
#3374=DIRECTION('',(6.12323399573677E-17,-1.,0.));
#3375=DIRECTION('',(6.12323399573677E-17,-1.,0.));
#3376=DIRECTION('',(1.,6.12323399573677E-17,6.12323399573677E-17));
#3377=DIRECTION('',(6.12323399573677E-17,-1.,0.));
#3378=DIRECTION('',(1.,6.12323399573677E-17,6.12323399573677E-17));
#3379=DIRECTION('',(6.12323399573677E-17,-1.,0.));
#3380=DIRECTION('',(6.12323399573677E-17,-1.,0.));
#3381=DIRECTION('',(1.,6.12323399573677E-17,6.12323399573677E-17));
#3382=DIRECTION('',(6.12323399573677E-17,-1.,0.));
#3383=DIRECTION('',(6.12323399573677E-17,-1.,0.));
#3384=DIRECTION('',(6.12323399573677E-17,1.23259516440783E-32,-1.));
#3385=DIRECTION('',(1.,6.12323399573677E-17,6.12323399573677E-17));
#3386=DIRECTION('',(-1.,-6.12323399573677E-17,4.52759801072798E-16));
#3387=DIRECTION('',(4.52759801072798E-16,6.12323399573677E-17,1.));
#3388=DIRECTION('',(-6.12323399573677E-17,1.,0.));
#3389=DIRECTION('',(4.52759801072798E-16,1.91469898708961E-32,1.));
#3390=DIRECTION('',(-6.12323399573677E-17,1.,0.));
#3391=DIRECTION('',(6.12323399573677E-17,1.23259516440783E-32,-1.));
#3392=DIRECTION('',(-6.12323399573677E-17,1.,0.));
#3393=DIRECTION('',(-6.12323399573677E-17,1.,0.));
#3394=DIRECTION('',(-1.,-6.12323399573677E-17,-6.12323399573677E-17));
#3395=DIRECTION('',(-1.,-6.12323399573677E-17,1.95763730557715E-16));
#3396=DIRECTION('',(1.95763730557715E-16,6.12323399573677E-17,1.));
#3397=DIRECTION('',(-6.12323399573677E-17,1.,0.));
#3398=DIRECTION('',(1.95763730557715E-16,3.41051911340886E-33,1.));
#3399=DIRECTION('',(6.12323399573677E-17,1.23259516440783E-32,-1.));
#3400=DIRECTION('',(-6.12323399573677E-17,1.,0.));
#3401=DIRECTION('',(-1.,-6.12323399573677E-17,-6.12323399573677E-17));
#3402=DIRECTION('',(-6.12323399573677E-17,1.,0.));
#3403=DIRECTION('',(-6.12323399573677E-17,-1.23259516440783E-32,1.));
#3404=DIRECTION('',(1.,6.12323399573677E-17,6.12323399573677E-17));
#3405=DIRECTION('',(6.12323399573677E-17,-6.12323399573677E-17,-1.));
#3406=DIRECTION('',(-6.12323399573677E-17,1.,0.));
#3407=DIRECTION('',(6.12323399573677E-17,1.23259516440783E-32,-1.));
#3408=DIRECTION('',(-6.12323399573677E-17,1.,0.));
#3409=DIRECTION('',(6.12323399573677E-17,1.23259516440783E-32,-1.));
#3410=DIRECTION('',(-6.12323399573677E-17,1.,0.));
#3411=DIRECTION('',(-6.12323399573677E-17,1.,0.));
#3412=DIRECTION('',(-1.,-6.12323399573677E-17,-6.12323399573677E-17));
#3413=DIRECTION('',(1.,6.12323399573677E-17,6.12323399573677E-17));
#3414=DIRECTION('',(6.12323399573677E-17,-6.12323399573677E-17,-1.));
#3415=DIRECTION('',(-6.12323399573677E-17,1.,0.));
#3416=DIRECTION('',(6.12323399573677E-17,1.23259516440783E-32,-1.));
#3417=DIRECTION('',(6.12323399573677E-17,1.23259516440783E-32,-1.));
#3418=DIRECTION('',(-6.12323399573677E-17,1.,0.));
#3419=DIRECTION('',(-1.,-6.12323399573677E-17,-6.12323399573677E-17));
#3420=DIRECTION('',(6.12323399573677E-17,-1.,0.));
#3421=DIRECTION('',(6.12323399573677E-17,1.23259516440783E-32,-1.));
#3422=DIRECTION('',(0.,0.,1.));
#3423=DIRECTION('',(1.,0.,0.));
#3424=DIRECTION('',(-6.12323399573677E-17,-1.6326809185664E-16,1.));
#3425=DIRECTION('',(9.99728730475654E-33,-1.,-1.6326809185664E-16));
#3426=DIRECTION('',(1.,0.,6.12323399573677E-17));
#3427=DIRECTION('',(-9.99728730475654E-33,1.,1.6326809185664E-16));
#3428=DIRECTION('',(-1.,0.,-6.12323399573677E-17));
#3429=DIRECTION('',(-9.99728730475654E-33,1.,1.6326809185664E-16));
#3430=DIRECTION('',(-1.,0.,-6.12323399573677E-17));
#3431=DIRECTION('',(-9.99728730475654E-33,1.,1.6326809185664E-16));
#3432=DIRECTION('',(-1.,0.,-6.12323399573677E-17));
#3433=DIRECTION('',(-9.99728730475654E-33,1.,1.6326809185664E-16));
#3434=DIRECTION('',(-1.,0.,-6.12323399573677E-17));
#3435=DIRECTION('',(2.56996070515082E-16,-1.,-1.6326809185664E-16));
#3436=DIRECTION('',(-1.,0.,-6.12323399573677E-17));
#3437=DIRECTION('',(3.85494105772624E-16,-1.,-1.6326809185664E-16));
#3438=DIRECTION('',(1.,0.,6.12323399573677E-17));
#3439=DIRECTION('',(6.12323399573677E-17,0.,-1.));
#3440=DIRECTION('',(6.12323399573677E-17,0.,-1.));
#3441=DIRECTION('',(6.12323399573677E-17,0.,-1.));
#3442=DIRECTION('',(1.69953884180861E-32,-1.,-2.77555756156289E-16));
#3443=DIRECTION('',(0.,1.,0.));
#3444=DIRECTION('',(-6.12323399573677E-17,0.,1.));
#3445=DIRECTION('',(0.,1.,0.));
#3446=DIRECTION('',(-6.12323399573677E-17,0.,1.));
#3447=DIRECTION('',(1.93129413841888E-32,-1.,-3.1540426835942E-16));
#3448=DIRECTION('',(6.12323399573677E-17,0.,-1.));
#3449=DIRECTION('',(0.,-1.,0.));
#3450=DIRECTION('',(6.12323399573677E-17,0.,-1.));
#3451=DIRECTION('',(-6.12323399573677E-17,0.,1.));
#3452=DIRECTION('',(1.,0.,6.12323399573677E-17));
#3453=DIRECTION('',(6.12323399573677E-17,0.,-1.));
#3454=DIRECTION('',(-1.,0.,-6.12323399573677E-17));
#3455=DIRECTION('',(-6.12323399573677E-17,0.,1.));
#3456=DIRECTION('',(6.12323399573677E-17,0.,-1.));
#3457=DIRECTION('',(-1.,0.,-6.12323399573677E-17));
#3458=DIRECTION('',(-6.12323399573677E-17,0.,1.));
#3459=DIRECTION('',(6.12323399573677E-17,0.,-1.));
#3460=DIRECTION('',(-1.,0.,-6.12323399573677E-17));
#3461=DIRECTION('',(6.12323399573677E-17,0.,-1.));
#3462=DIRECTION('',(-1.,0.,-6.12323399573677E-17));
#3463=DIRECTION('',(6.12323399573677E-17,0.,-1.));
#3464=DIRECTION('',(-1.,0.,-6.12323399573677E-17));
#3465=DIRECTION('',(0.,-1.,0.));
#3466=DIRECTION('',(-1.,0.,-6.12323399573677E-17));
#3467=DIRECTION('',(1.,0.,6.12323399573677E-17));
#3468=DIRECTION('',(1.,0.,6.12323399573677E-17));
#3469=DIRECTION('',(6.12323399573677E-17,0.,-1.));
#3470=DIRECTION('',(0.,1.,0.));
#3471=DIRECTION('',(1.,0.,6.12323399573677E-17));
#3472=DIRECTION('',(0.,-1.,0.));
#3473=DIRECTION('',(-1.,0.,-6.12323399573677E-17));
#3474=DIRECTION('',(1.,0.,6.12323399573677E-17));
#3475=DIRECTION('',(6.12323399573677E-17,0.,-1.));
#3476=DIRECTION('',(0.,1.,0.));
#3477=DIRECTION('',(6.12323399573677E-17,2.77555756156289E-16,-1.));
#3478=DIRECTION('',(-1.69953884180861E-32,1.,2.77555756156289E-16));
#3479=DIRECTION('',(-1.,0.,-6.12323399573677E-17));
#3480=DIRECTION('',(-1.,0.,-6.12323399573677E-17));
#3481=DIRECTION('',(1.69953884180861E-32,-1.,-2.77555756156289E-16));
#3482=DIRECTION('',(0.,1.,0.));
#3483=DIRECTION('',(1.,0.,6.12323399573677E-17));
#3484=DIRECTION('',(1.,0.,6.12323399573677E-17));
#3485=DIRECTION('',(-6.12323399573677E-17,0.,1.));
#3486=DIRECTION('',(6.12323399573677E-17,0.,-1.));
#3487=DIRECTION('',(-6.12323399573677E-17,0.,1.));
#3488=DIRECTION('',(6.12323399573677E-17,0.,-1.));
#3489=DIRECTION('',(-1.,0.,-6.12323399573677E-17));
#3490=DIRECTION('',(0.,-1.,0.));
#3491=DIRECTION('',(1.,0.,6.12323399573677E-17));
#3492=DIRECTION('',(0.,-1.,0.));
#3493=DIRECTION('',(0.,-1.,0.));
#3494=DIRECTION('',(6.12323399573677E-17,0.,-1.));
#3495=DIRECTION('',(-6.12323399573677E-17,0.,1.));
#3496=DIRECTION('',(-6.12323399573677E-17,0.,1.));
#3497=DIRECTION('',(1.,0.,6.12323399573677E-17));
#3498=DIRECTION('',(6.12323399573677E-17,0.,-1.));
#3499=DIRECTION('',(1.,0.,6.12323399573677E-17));
#3500=DIRECTION('',(6.12323399573677E-17,0.,-1.));
#3501=DIRECTION('',(0.,1.,0.));
#3502=DIRECTION('',(1.,0.,6.12323399573677E-17));
#3503=DIRECTION('',(6.12323399573677E-17,0.,-1.));
#3504=DIRECTION('',(1.,0.,6.12323399573677E-17));
#3505=DIRECTION('',(6.12323399573677E-17,0.,-1.));
#3506=DIRECTION('',(0.,-1.,0.));
#3507=DIRECTION('',(-1.,0.,-6.12323399573677E-17));
#3508=DIRECTION('',(1.,0.,6.12323399573677E-17));
#3509=DIRECTION('',(6.12323399573677E-17,0.,-1.));
#3510=DIRECTION('',(1.,0.,6.12323399573677E-17));
#3511=DIRECTION('',(-6.12323399573677E-17,-3.1540426835942E-16,1.));
#3512=DIRECTION('',(1.93129413841888E-32,-1.,-3.1540426835942E-16));
#3513=DIRECTION('',(1.,0.,6.12323399573677E-17));
#3514=DIRECTION('',(1.93129413841888E-32,-1.,-3.1540426835942E-16));
#3515=DIRECTION('',(0.,-1.,0.));
#3516=DIRECTION('',(-1.,0.,-6.12323399573677E-17));
#3517=DIRECTION('',(1.,0.,6.12323399573677E-17));
#3518=DIRECTION('',(6.12323399573677E-17,0.,-1.));
#3519=DIRECTION('',(-6.12323399573677E-17,0.,1.));
#3520=DIRECTION('',(1.,0.,6.12323399573677E-17));
#3521=DIRECTION('',(0.,-1.,0.));
#3522=DIRECTION('',(1.,0.,6.12323399573677E-17));
#3523=DIRECTION('',(6.12323399573677E-17,0.,-1.));
#3524=DIRECTION('',(-1.,-2.56996070515082E-16,-6.12323399573677E-17));
#3525=DIRECTION('',(-2.56996070515082E-16,1.,-1.57364707574871E-32));
#3526=DIRECTION('',(-6.12323399573677E-17,-1.6326809185664E-16,1.));
#3527=DIRECTION('',(2.56996070515082E-16,-1.,-1.6326809185664E-16));
#3528=DIRECTION('',(-6.12323399573677E-17,-1.6326809185664E-16,1.));
#3529=DIRECTION('',(-9.99728730475654E-33,1.,1.6326809185664E-16));
#3530=DIRECTION('',(-6.12323399573677E-17,-1.6326809185664E-16,1.));
#3531=DIRECTION('',(-6.12323399573677E-17,-1.6326809185664E-16,1.));
#3532=DIRECTION('',(-1.,0.,-6.12323399573677E-17));
#3533=DIRECTION('',(-1.,-3.85494105772624E-16,-6.12323399573677E-17));
#3534=DIRECTION('',(-3.85494105772624E-16,1.,-2.36047061362307E-32));
#3535=DIRECTION('',(-6.12323399573677E-17,-1.6326809185664E-16,1.));
#3536=DIRECTION('',(3.85494105772624E-16,-1.,-1.6326809185664E-16));
#3537=DIRECTION('',(-9.99728730475654E-33,1.,1.6326809185664E-16));
#3538=DIRECTION('',(-6.12323399573677E-17,-1.6326809185664E-16,1.));
#3539=DIRECTION('',(-1.,0.,-6.12323399573677E-17));
#3540=DIRECTION('',(-6.12323399573677E-17,-1.6326809185664E-16,1.));
#3541=DIRECTION('',(9.99728730475654E-33,-1.,-1.6326809185664E-16));
#3542=DIRECTION('',(0.,0.,1.));
#3543=DIRECTION('',(1.,0.,0.));
#3544=DIRECTION('',(6.12323399573677E-17,1.,0.));
#3545=DIRECTION('',(-6.12323399573677E-17,1.23259516440783E-32,-1.));
#3546=DIRECTION('',(-6.12323399573677E-17,1.23259516440783E-32,-1.));
#3547=DIRECTION('',(1.,-6.12323399573677E-17,-6.12323399573677E-17));
#3548=DIRECTION('',(-6.12323399573677E-17,1.23259516440783E-32,-1.));
#3549=DIRECTION('',(1.,-6.12323399573677E-17,-6.12323399573677E-17));
#3550=DIRECTION('',(-6.12323399573677E-17,1.23259516440783E-32,-1.));
#3551=DIRECTION('',(1.,-6.12323399573677E-17,-6.12323399573677E-17));
#3552=DIRECTION('',(-6.12323399573677E-17,1.23259516440783E-32,-1.));
#3553=DIRECTION('',(-1.,6.12323399573677E-17,6.12323399573677E-17));
#3554=DIRECTION('',(1.,-6.12323399573677E-17,-6.12323399573677E-17));
#3555=DIRECTION('',(-6.12323399573677E-17,1.23259516440783E-32,-1.));
#3556=DIRECTION('',(1.,-6.12323399573677E-17,-6.12323399573677E-17));
#3557=DIRECTION('',(-3.38788096113657E-16,2.93213400621645E-32,-1.));
#3558=DIRECTION('',(-6.12323399573677E-17,-1.,0.));
#3559=DIRECTION('',(-1.,6.12323399573677E-17,6.12323399573677E-17));
#3560=DIRECTION('',(1.,-6.12323399573677E-17,-6.12323399573677E-17));
#3561=DIRECTION('',(-6.12323399573677E-17,1.23259516440783E-32,-1.));
#3562=DIRECTION('',(1.,-6.12323399573677E-17,-6.12323399573677E-17));
#3563=DIRECTION('',(6.12323399573677E-17,-1.23259516440783E-32,1.));
#3564=DIRECTION('',(1.,-6.12323399573677E-17,-6.12323399573677E-17));
#3565=DIRECTION('',(6.12323399573677E-17,-1.23259516440783E-32,1.));
#3566=DIRECTION('',(1.,-6.12323399573677E-17,-6.12323399573677E-17));
#3567=DIRECTION('',(6.12323399573677E-17,-1.23259516440783E-32,1.));
#3568=DIRECTION('',(1.,-6.12323399573677E-17,-6.12323399573677E-17));
#3569=DIRECTION('',(6.12323399573677E-17,-1.23259516440783E-32,1.));
#3570=DIRECTION('',(1.,-6.12323399573677E-17,-6.12323399573677E-17));
#3571=DIRECTION('',(-6.72656953001736E-17,-4.45771626533472E-33,1.));
#3572=DIRECTION('',(-6.12323399573677E-17,1.23259516440783E-32,-1.));
#3573=DIRECTION('',(-1.,6.12323399573677E-17,6.12323399573677E-17));
#3574=DIRECTION('',(6.12323399573677E-17,1.,0.));
#3575=DIRECTION('',(6.12323399573677E-17,1.,0.));
#3576=DIRECTION('',(-1.,6.12323399573677E-17,6.12323399573677E-17));
#3577=DIRECTION('',(6.12323399573677E-17,1.,0.));
#3578=DIRECTION('',(6.12323399573677E-17,1.,0.));
#3579=DIRECTION('',(-1.,6.12323399573677E-17,6.12323399573677E-17));
#3580=DIRECTION('',(6.12323399573677E-17,1.,0.));
#3581=DIRECTION('',(6.12323399573677E-17,1.,0.));
#3582=DIRECTION('',(-1.,6.12323399573677E-17,6.12323399573677E-17));
#3583=DIRECTION('',(6.12323399573677E-17,1.,0.));
#3584=DIRECTION('',(6.12323399573677E-17,1.,0.));
#3585=DIRECTION('',(-6.12323399573677E-17,-1.,0.));
#3586=DIRECTION('',(-1.,6.12323399573677E-17,6.12323399573677E-17));
#3587=DIRECTION('',(6.12323399573677E-17,1.,0.));
#3588=DIRECTION('',(6.12323399573677E-17,1.,0.));
#3589=DIRECTION('',(-6.12323399573677E-17,-1.,0.));
#3590=DIRECTION('',(6.12323399573677E-17,-1.23259516440783E-32,1.));
#3591=DIRECTION('',(6.12323399573677E-17,1.,0.));
#3592=DIRECTION('',(-6.12323399573677E-17,1.23259516440783E-32,-1.));
#3593=DIRECTION('',(-1.,6.12323399573677E-17,6.12323399573677E-17));
#3594=DIRECTION('',(-6.12323399573677E-17,1.23259516440783E-32,-1.));
#3595=DIRECTION('',(-1.,6.12323399573677E-17,6.12323399573677E-17));
#3596=DIRECTION('',(1.,-6.12323399573677E-17,-6.12323399573677E-17));
#3597=DIRECTION('',(-6.12323399573677E-17,-6.12323399573677E-17,-1.));
#3598=DIRECTION('',(-6.12323399573677E-17,-1.,0.));
#3599=DIRECTION('',(6.12323399573677E-17,-1.23259516440783E-32,1.));
#3600=DIRECTION('',(-6.12323399573677E-17,-1.,0.));
#3601=DIRECTION('',(-6.12323399573677E-17,1.23259516440783E-32,-1.));
#3602=DIRECTION('',(-6.12323399573677E-17,-1.,0.));
#3603=DIRECTION('',(-6.12323399573677E-17,-1.,0.));
#3604=DIRECTION('',(1.,-6.12323399573677E-17,-6.12323399573677E-17));
#3605=DIRECTION('',(1.,-6.12323399573677E-17,6.72656953001736E-17));
#3606=DIRECTION('',(6.72656953001736E-17,-6.12323399573677E-17,-1.));
#3607=DIRECTION('',(-6.12323399573677E-17,-1.,0.));
#3608=DIRECTION('',(-6.72656953001736E-17,-4.45771626533472E-33,1.));
#3609=DIRECTION('',(-6.12323399573677E-17,1.23259516440783E-32,-1.));
#3610=DIRECTION('',(-6.12323399573677E-17,-1.,0.));
#3611=DIRECTION('',(1.,-6.12323399573677E-17,-6.12323399573677E-17));
#3612=DIRECTION('',(-6.12323399573677E-17,-1.,0.));
#3613=DIRECTION('',(6.12323399573677E-17,-1.23259516440783E-32,1.));
#3614=DIRECTION('',(-1.,6.12323399573677E-17,6.12323399573677E-17));
#3615=DIRECTION('',(6.12323399573677E-17,6.12323399573677E-17,1.));
#3616=DIRECTION('',(-6.12323399573677E-17,-1.,0.));
#3617=DIRECTION('',(-6.12323399573677E-17,1.23259516440783E-32,-1.));
#3618=DIRECTION('',(-6.12323399573677E-17,-1.,0.));
#3619=DIRECTION('',(-6.12323399573677E-17,1.23259516440783E-32,-1.));
#3620=DIRECTION('',(-6.12323399573677E-17,-1.,0.));
#3621=DIRECTION('',(-6.12323399573677E-17,-1.,0.));
#3622=DIRECTION('',(1.,-6.12323399573677E-17,-6.12323399573677E-17));
#3623=DIRECTION('',(-1.,6.12323399573677E-17,3.38788096113657E-16));
#3624=DIRECTION('',(3.38788096113657E-16,6.12323399573676E-17,1.));
#3625=DIRECTION('',(-6.12323399573677E-17,-1.,0.));
#3626=DIRECTION('',(-3.38788096113657E-16,2.93213400621645E-32,-1.));
#3627=DIRECTION('',(-6.12323399573677E-17,1.23259516440783E-32,-1.));
#3628=DIRECTION('',(-6.12323399573677E-17,-1.,0.));
#3629=DIRECTION('',(1.,-6.12323399573677E-17,-6.12323399573677E-17));
#3630=DIRECTION('',(6.12323399573677E-17,1.,0.));
#3631=DIRECTION('',(-6.12323399573677E-17,1.23259516440783E-32,-1.));
#3632=DIRECTION('',(0.,0.,1.));
#3633=DIRECTION('',(1.,0.,0.));
#3634=DIRECTION('',(0.,0.,1.));
#3635=DIRECTION('',(1.,0.,0.));
#3636=DIRECTION('',(0.975640558607318,0.2193752502002,0.));
#3637=DIRECTION('',(0.,0.,1.));
#3638=DIRECTION('',(1.,0.,0.));
#3639=DIRECTION('',(0.375,0.927024810886958,0.));
#3640=DIRECTION('',(0.,0.,1.));
#3641=DIRECTION('',(1.,0.,0.));
#3642=DIRECTION('',(0.,0.,1.));
#3643=DIRECTION('',(1.,0.,0.));
#3644=DIRECTION('',(-0.992348449515854,-0.123468841184655,0.));
#3645=DIRECTION('',(0.,0.,1.));
#3646=DIRECTION('',(1.,0.,0.));
#3647=DIRECTION('',(-0.375,-0.927024810886958,0.));
#3648=DIRECTION('',(0.,0.,1.));
#3649=DIRECTION('',(1.,0.,0.));
#3650=DIRECTION('',(-0.927024810886958,0.375,0.));
#3651=DIRECTION('',(-0.375,-0.927024810886958,0.));
#3652=DIRECTION('',(0.,0.,1.));
#3653=DIRECTION('',(-0.375,-0.927024810886958,0.));
#3654=DIRECTION('',(0.,0.,1.));
#3655=DIRECTION('',(0.927024810886958,-0.375,0.));
#3656=DIRECTION('',(0.375,0.927024810886958,0.));
#3657=DIRECTION('',(0.,0.,1.));
#3658=DIRECTION('',(0.375,0.927024810886958,0.));
#3659=DIRECTION('',(0.,0.,1.));
#3660=DIRECTION('',(0.,0.,1.));
#3661=DIRECTION('',(1.,0.,0.));
#3662=DIRECTION('',(0.,0.,1.));
#3663=DIRECTION('',(1.,0.,0.));
#3664=DIRECTION('',(-0.375,0.927024810886958,0.));
#3665=DIRECTION('',(0.,0.,1.));
#3666=DIRECTION('',(1.,0.,0.));
#3667=DIRECTION('',(0.,0.,-1.));
#3668=DIRECTION('',(-1.,0.,0.));
#3669=DIRECTION('',(0.,0.,1.));
#3670=DIRECTION('',(-0.0981075944057345,0.436319722130367,-0.894427190999916));
#3671=DIRECTION('',(0.196215188811468,-0.872639444260732,-0.447213595499959));
#3672=DIRECTION('',(0.,0.,1.));
#3673=DIRECTION('',(0.,0.,1.));
#3674=DIRECTION('',(1.,0.,0.));
#3675=DIRECTION('',(0.,0.,1.));
#3676=DIRECTION('',(0.,0.,1.));
#3677=DIRECTION('',(1.,0.,0.));
#3678=DIRECTION('',(0.,0.,1.));
#3679=DIRECTION('',(0.,0.,1.));
#3680=DIRECTION('',(1.,0.,0.));
#3681=DIRECTION('',(0.,0.,1.));
#3682=DIRECTION('',(0.,0.,1.));
#3683=DIRECTION('',(0.0552169443984029,-0.443791718096794,-0.894427190999916));
#3684=DIRECTION('',(-0.110433888796806,0.887583436193587,-0.447213595499959));
#3685=DIRECTION('',(0.,0.,1.));
#3686=DIRECTION('',(0.,0.,1.));
#3687=DIRECTION('',(1.,0.,0.));
#3688=DIRECTION('',(0.,0.,1.));
#3689=DIRECTION('',(0.,0.,1.));
#3690=DIRECTION('',(1.,0.,0.));
#3691=DIRECTION('',(0.,0.,1.));
#3692=DIRECTION('',(0.,0.,1.));
#3693=DIRECTION('',(1.,0.,0.));
#3694=DIRECTION('',(0.,0.,1.));
#3695=DIRECTION('',(0.,0.,1.));
#3696=DIRECTION('',(1.,0.,0.));
#3697=DIRECTION('',(0.,0.,1.));
#3698=DIRECTION('',(1.,0.,0.));
#3699=DIRECTION('',(0.,0.,-1.));
#3700=DIRECTION('',(-1.,0.,0.));
#3701=DIRECTION('',(0.,0.,1.));
#3702=DIRECTION('',(1.,0.,0.));
#3703=DIRECTION('',(0.,0.,1.));
#3704=DIRECTION('',(1.,0.,0.));
#3705=DIRECTION('',(0.,0.,1.));
#3706=DIRECTION('',(1.,0.,0.));
#3707=DIRECTION('',(0.,0.,1.));
#3708=DIRECTION('',(1.,0.,0.));
#3709=DIRECTION('',(0.,0.,-1.));
#3710=DIRECTION('',(-1.,0.,0.));
#3711=DIRECTION('',(0.,0.,1.));
#3712=DIRECTION('',(-0.0981075944057345,0.436319722130367,-0.894427190999916));
#3713=DIRECTION('',(0.196215188811468,-0.872639444260732,-0.447213595499959));
#3714=DIRECTION('',(0.,0.,1.));
#3715=DIRECTION('',(0.,0.,1.));
#3716=DIRECTION('',(1.,0.,0.));
#3717=DIRECTION('',(0.,0.,1.));
#3718=DIRECTION('',(0.,0.,1.));
#3719=DIRECTION('',(1.,0.,0.));
#3720=DIRECTION('',(0.,0.,1.));
#3721=DIRECTION('',(0.,0.,1.));
#3722=DIRECTION('',(1.,0.,0.));
#3723=DIRECTION('',(0.,0.,1.));
#3724=DIRECTION('',(0.,0.,1.));
#3725=DIRECTION('',(1.,0.,0.));
#3726=DIRECTION('',(0.,0.,1.));
#3727=DIRECTION('',(0.0552169443984029,-0.443791718096794,-0.894427190999916));
#3728=DIRECTION('',(-0.110433888796806,0.887583436193587,-0.447213595499959));
#3729=DIRECTION('',(0.,0.,1.));
#3730=DIRECTION('',(0.,0.,1.));
#3731=DIRECTION('',(0.,0.,1.));
#3732=DIRECTION('',(1.,0.,0.));
#3733=DIRECTION('',(0.,0.,1.));
#3734=DIRECTION('',(0.,0.,1.));
#3735=DIRECTION('',(1.,0.,0.));
#3736=DIRECTION('',(0.,0.,1.));
#3737=DIRECTION('',(0.,0.,1.));
#3738=DIRECTION('',(1.,0.,0.));
#3739=DIRECTION('',(0.,0.,1.));
#3740=DIRECTION('',(1.,0.,0.));
#3741=DIRECTION('',(0.375,-0.927024810886958,0.));
#3742=DIRECTION('',(0.,0.,1.));
#3743=DIRECTION('',(1.,0.,0.));
#3744=DIRECTION('',(-0.927024810886958,-0.375,0.));
#3745=DIRECTION('',(0.375,-0.927024810886958,0.));
#3746=DIRECTION('',(0.375,-0.927024810886958,0.));
#3747=DIRECTION('',(0.,0.,1.));
#3748=DIRECTION('',(1.,0.,0.));
#3749=DIRECTION('',(-0.625,0.7806247497998,0.));
#3750=DIRECTION('',(0.927024810886958,0.375,0.));
#3751=DIRECTION('',(-0.375,0.927024810886958,0.));
#3752=DIRECTION('',(-0.375,0.927024810886958,0.));
#3753=DIRECTION('',(0.,0.,1.));
#3754=DIRECTION('',(1.,0.,0.));
#3755=DIRECTION('',(0.625,-0.7806247497998,0.));
#3756=DIRECTION('',(0.7806247497998,0.625,0.));
#3757=DIRECTION('',(-0.625,0.7806247497998,0.));
#3758=DIRECTION('',(-0.625,0.7806247497998,0.));
#3759=DIRECTION('',(0.,0.,1.));
#3760=DIRECTION('',(1.,0.,0.));
#3761=DIRECTION('',(-0.997297512969417,-0.0734688411846551,0.));
#3762=DIRECTION('',(-0.7806247497998,-0.625,0.));
#3763=DIRECTION('',(0.625,-0.7806247497998,0.));
#3764=DIRECTION('',(0.625,-0.7806247497998,0.));
#3765=DIRECTION('',(0.,0.,1.));
#3766=DIRECTION('',(1.,0.,0.));
#3767=DIRECTION('',(0.985551634679594,0.1693752502002,0.));
#3768=DIRECTION('',(-0.123468841184655,0.992348449515853,0.));
#3769=DIRECTION('',(-0.992348449515854,-0.123468841184655,0.));
#3770=DIRECTION('',(0.992348449515854,0.123468841184655,0.));
#3771=DIRECTION('',(-0.0734688411846551,0.997297512969417,0.));
#3772=DIRECTION('',(-0.997297512969417,-0.0734688411846551,0.));
#3773=DIRECTION('',(-0.997297512969417,-0.0734688411846551,0.));
#3774=DIRECTION('',(0.,0.,-1.));
#3775=DIRECTION('',(1.,0.,0.));
#3776=DIRECTION('',(0.991962633292629,-0.126531158815345,0.));
#3777=DIRECTION('',(-0.126531158815345,-0.991962633292629,0.));
#3778=DIRECTION('',(0.991962633292629,-0.126531158815345,0.));
#3779=DIRECTION('',(-0.98442088499864,0.125569160732852,-0.123076833934504));
#3780=DIRECTION('',(0.2193752502002,-0.975640558607318,0.));
#3781=DIRECTION('',(0.975640558607318,0.2193752502002,0.));
#3782=DIRECTION('',(-0.975640558607318,-0.2193752502002,0.));
#3783=DIRECTION('',(0.1693752502002,-0.985551634679594,0.));
#3784=DIRECTION('',(0.985551634679594,0.1693752502002,0.));
#3785=DIRECTION('',(0.985551634679594,0.1693752502002,0.));
#3786=DIRECTION('',(0.,0.,-1.));
#3787=DIRECTION('',(1.,0.,0.));
#3788=DIRECTION('',(0.999530952347,-0.0306247497997998,0.));
#3789=DIRECTION('',(-0.0306247497997998,-0.999530952347,0.));
#3790=DIRECTION('',(0.999530952347,-0.0306247497997998,0.));
#3791=DIRECTION('',(0.991864179420627,-0.0303898466163709,-0.123620009726902));
#3792=DIRECTION('',(-0.0981075944057345,0.436319722130367,-0.894427190999916));
#3793=DIRECTION('',(-0.975640558607318,-0.2193752502002,0.));
#3794=DIRECTION('',(0.0552169443984029,-0.443791718096794,-0.894427190999916));
#3795=DIRECTION('',(0.992348449515854,0.123468841184655,0.));
#3796=DIRECTION('',(0.,0.,1.));
#3797=DIRECTION('',(1.,0.,0.));
#3798=DIRECTION('',(-1.,0.,6.12323399573677E-17));
#3799=DIRECTION('',(6.12323399573677E-17,0.,1.));
#3800=DIRECTION('',(0.,1.,0.));
#3801=DIRECTION('',(-6.12323399573677E-17,0.,-1.));
#3802=DIRECTION('',(0.,1.,0.));
#3803=DIRECTION('',(-6.12323399573677E-17,0.,-1.));
#3804=DIRECTION('',(-9.99728730475654E-33,1.,-1.6326809185664E-16));
#3805=DIRECTION('',(6.12323399573677E-17,0.,1.));
#3806=DIRECTION('',(0.,-1.,0.));
#3807=DIRECTION('',(6.12323399573677E-17,0.,1.));
#3808=DIRECTION('',(0.,-1.,0.));
#3809=DIRECTION('',(6.12323399573677E-17,0.,1.));
#3810=DIRECTION('',(1.93129413841888E-32,-1.,3.1540426835942E-16));
#3811=DIRECTION('',(6.12323399573677E-17,0.,1.));
#3812=DIRECTION('',(-6.12323399573677E-17,-1.6326809185664E-16,-1.));
#3813=DIRECTION('',(9.99728730475654E-33,-1.,1.6326809185664E-16));
#3814=DIRECTION('',(9.99728730475654E-33,-1.,1.6326809185664E-16));
#3815=DIRECTION('',(1.,0.,-6.12323399573677E-17));
#3816=DIRECTION('',(9.99728730475654E-33,-1.,1.6326809185664E-16));
#3817=DIRECTION('',(1.,0.,-6.12323399573677E-17));
#3818=DIRECTION('',(-9.99728730475654E-33,1.,-1.6326809185664E-16));
#3819=DIRECTION('',(1.,0.,-6.12323399573677E-17));
#3820=DIRECTION('',(1.,0.,-6.12323399573677E-17));
#3821=DIRECTION('',(-9.99728730475654E-33,1.,-1.6326809185664E-16));
#3822=DIRECTION('',(-1.,0.,6.12323399573677E-17));
#3823=DIRECTION('',(-9.99728730475654E-33,1.,-1.6326809185664E-16));
#3824=DIRECTION('',(1.,0.,-6.12323399573677E-17));
#3825=DIRECTION('',(0.,1.,0.));
#3826=DIRECTION('',(-1.,0.,6.12323399573677E-17));
#3827=DIRECTION('',(6.12323399573677E-17,0.,1.));
#3828=DIRECTION('',(1.,0.,-6.12323399573677E-17));
#3829=DIRECTION('',(-1.,0.,6.12323399573677E-17));
#3830=DIRECTION('',(6.12323399573677E-17,0.,1.));
#3831=DIRECTION('',(-6.12323399573677E-17,0.,-1.));
#3832=DIRECTION('',(0.,-1.,0.));
#3833=DIRECTION('',(-6.12323399573677E-17,0.,-1.));
#3834=DIRECTION('',(-1.,0.,6.12323399573677E-17));
#3835=DIRECTION('',(6.12323399573677E-17,0.,1.));
#3836=DIRECTION('',(-6.12323399573677E-17,0.,-1.));
#3837=DIRECTION('',(-6.12323399573677E-17,0.,-1.));
#3838=DIRECTION('',(0.,-1.,0.));
#3839=DIRECTION('',(0.,-1.,0.));
#3840=DIRECTION('',(6.12323399573677E-17,0.,1.));
#3841=DIRECTION('',(1.,0.,-6.12323399573677E-17));
#3842=DIRECTION('',(6.12323399573677E-17,0.,1.));
#3843=DIRECTION('',(1.,0.,-6.12323399573677E-17));
#3844=DIRECTION('',(0.,-1.,0.));
#3845=DIRECTION('',(1.,0.,-6.12323399573677E-17));
#3846=DIRECTION('',(0.,1.,0.));
#3847=DIRECTION('',(-1.,0.,6.12323399573677E-17));
#3848=DIRECTION('',(1.,0.,-6.12323399573677E-17));
#3849=DIRECTION('',(6.12323399573677E-17,0.,1.));
#3850=DIRECTION('',(-1.,0.,6.12323399573677E-17));
#3851=DIRECTION('',(6.12323399573677E-17,0.,1.));
#3852=DIRECTION('',(-6.12323399573677E-17,0.,-1.));
#3853=DIRECTION('',(-1.,0.,6.12323399573677E-17));
#3854=DIRECTION('',(0.,-1.,0.));
#3855=DIRECTION('',(1.,0.,-6.12323399573677E-17));
#3856=DIRECTION('',(-1.,0.,6.12323399573677E-17));
#3857=DIRECTION('',(-1.,0.,6.12323399573677E-17));
#3858=DIRECTION('',(-6.12323399573677E-17,0.,-1.));
#3859=DIRECTION('',(0.,-1.,0.));
#3860=DIRECTION('',(1.,0.,-6.12323399573677E-17));
#3861=DIRECTION('',(-1.,0.,6.12323399573677E-17));
#3862=DIRECTION('',(-6.12323399573677E-17,0.,-1.));
#3863=DIRECTION('',(-1.,0.,6.12323399573677E-17));
#3864=DIRECTION('',(-6.12323399573677E-17,0.,-1.));
#3865=DIRECTION('',(-1.,0.,6.12323399573677E-17));
#3866=DIRECTION('',(6.12323399573677E-17,0.,1.));
#3867=DIRECTION('',(1.,0.,-6.12323399573677E-17));
#3868=DIRECTION('',(6.12323399573677E-17,0.,1.));
#3869=DIRECTION('',(1.,0.,-6.12323399573677E-17));
#3870=DIRECTION('',(6.12323399573677E-17,0.,1.));
#3871=DIRECTION('',(0.,1.,0.));
#3872=DIRECTION('',(6.12323399573677E-17,0.,1.));
#3873=DIRECTION('',(1.,0.,-6.12323399573677E-17));
#3874=DIRECTION('',(6.12323399573677E-17,0.,1.));
#3875=DIRECTION('',(0.,1.,0.));
#3876=DIRECTION('',(6.12323399573677E-17,0.,1.));
#3877=DIRECTION('',(1.,0.,-6.12323399573677E-17));
#3878=DIRECTION('',(6.12323399573677E-17,0.,1.));
#3879=DIRECTION('',(1.,0.,-6.12323399573677E-17));
#3880=DIRECTION('',(0.,-1.,0.));
#3881=DIRECTION('',(1.,0.,-6.12323399573677E-17));
#3882=DIRECTION('',(-1.,0.,6.12323399573677E-17));
#3883=DIRECTION('',(6.12323399573677E-17,0.,1.));
#3884=DIRECTION('',(-1.,0.,6.12323399573677E-17));
#3885=DIRECTION('',(-6.12323399573677E-17,0.,-1.));
#3886=DIRECTION('',(-1.,0.,6.12323399573677E-17));
#3887=DIRECTION('',(-1.,0.,6.12323399573677E-17));
#3888=DIRECTION('',(0.,-1.,0.));
#3889=DIRECTION('',(0.,-1.,0.));
#3890=DIRECTION('',(1.,0.,-6.12323399573677E-17));
#3891=DIRECTION('',(-1.,0.,6.12323399573677E-17));
#3892=DIRECTION('',(6.12323399573677E-17,0.,1.));
#3893=DIRECTION('',(-6.12323399573677E-17,-3.1540426835942E-16,-1.));
#3894=DIRECTION('',(1.93129413841888E-32,-1.,3.1540426835942E-16));
#3895=DIRECTION('',(1.93129413841888E-32,-1.,3.1540426835942E-16));
#3896=DIRECTION('',(-1.,0.,6.12323399573677E-17));
#3897=DIRECTION('',(6.12323399573677E-17,0.,1.));
#3898=DIRECTION('',(-9.99728730475654E-33,1.,-1.6326809185664E-16));
#3899=DIRECTION('',(-6.12323399573677E-17,-1.6326809185664E-16,-1.));
#3900=DIRECTION('',(-6.12323399573677E-17,-1.6326809185664E-16,-1.));
#3901=DIRECTION('',(1.,0.,-6.12323399573677E-17));
#3902=DIRECTION('',(-6.12323399573677E-17,-1.6326809185664E-16,-1.));
#3903=DIRECTION('',(1.,0.,-6.12323399573677E-17));
#3904=DIRECTION('',(-6.12323399573677E-17,0.,-1.));
#3905=DIRECTION('',(-6.12323399573677E-17,-1.6326809185664E-16,-1.));
#3906=DIRECTION('',(9.99728730475654E-33,-1.,1.6326809185664E-16));
#3907=DIRECTION('',(-9.99728730475654E-33,1.,-1.6326809185664E-16));
#3908=DIRECTION('',(-6.12323399573677E-17,-1.6326809185664E-16,-1.));
#3909=DIRECTION('',(-6.12323399573677E-17,-1.6326809185664E-16,-1.));
#3910=DIRECTION('',(1.,0.,-6.12323399573677E-17));
#3911=DIRECTION('',(1.,0.,-6.12323399573677E-17));
#3912=DIRECTION('',(-6.12323399573677E-17,0.,-1.));
#3913=DIRECTION('',(9.99728730475654E-33,-1.,1.6326809185664E-16));
#3914=DIRECTION('',(6.12323399573677E-17,1.6326809185664E-16,1.));
#3915=DIRECTION('',(-9.99728730475654E-33,1.,-1.6326809185664E-16));
#3916=DIRECTION('',(0.,0.,1.));
#3917=DIRECTION('',(1.,0.,0.));
#3918=DIRECTION('',(1.,-6.12323399573677E-17,-2.46519032881566E-32));
#3919=DIRECTION('',(0.,1.22464679914735E-16,-1.));
#3920=DIRECTION('',(0.,-1.22464679914735E-16,1.));
#3921=DIRECTION('',(6.12323399573677E-17,1.,1.22464679914735E-16));
#3922=DIRECTION('',(0.,4.81355406039803E-18,1.));
#3923=DIRECTION('',(-6.12323399573677E-17,-1.,-1.22464679914735E-16));
#3924=DIRECTION('',(0.,1.22464679914735E-16,-1.));
#3925=DIRECTION('',(6.12323399573677E-17,1.,1.22464679914735E-16));
#3926=DIRECTION('',(1.,-6.12323399573677E-17,-2.46519032881566E-32));
#3927=DIRECTION('',(-6.12323399573677E-17,-1.,-1.22464679914735E-16));
#3928=DIRECTION('',(1.,-6.12323399573677E-17,-2.46519032881566E-32));
#3929=DIRECTION('',(-1.,6.12323399573677E-17,2.46519032881566E-32));
#3930=DIRECTION('',(0.,-1.22464679914735E-16,1.));
#3931=DIRECTION('',(0.,-4.81355406039803E-18,-1.));
#3932=DIRECTION('',(-4.32978028117746E-17,-0.707106781186548,-0.707106781186548));
#3933=DIRECTION('',(6.12323399573677E-17,1.,-4.81355406039801E-18));
#3934=DIRECTION('',(-4.32978028117746E-17,-0.707106781186548,-0.707106781186548));
#3935=DIRECTION('',(0.,-4.81355406039803E-18,-1.));
#3936=DIRECTION('',(0.,1.22464679914735E-16,-1.));
#3937=DIRECTION('',(-6.12323399573677E-17,-1.,-1.22464679914735E-16));
#3938=DIRECTION('',(0.,-1.22464679914735E-16,1.));
#3939=DIRECTION('',(-6.12323399573677E-17,-1.,-1.22464679914735E-16));
#3940=DIRECTION('',(6.12323399573677E-17,1.,-4.81355406039801E-18));
#3941=DIRECTION('',(-0.707106781186547,0.707106781186549,8.65956056235495E-17));
#3942=DIRECTION('',(-1.,6.12323399573677E-17,2.46519032881566E-32));
#3943=DIRECTION('',(-6.12323399573677E-17,-1.,-1.22464679914735E-16));
#3944=DIRECTION('',(-1.,6.12323399573677E-17,2.46519032881566E-32));
#3945=DIRECTION('',(-1.,6.12323399573677E-17,2.46519032881566E-32));
#3946=DIRECTION('',(-0.707106781186548,0.707106781186548,8.65956056235494E-17));
#3947=DIRECTION('',(0.,1.22464679914735E-16,-1.));
#3948=DIRECTION('',(6.12323399573677E-17,1.,1.22464679914735E-16));
#3949=DIRECTION('',(1.,-6.12323399573677E-17,-2.46519032881566E-32));
#3950=DIRECTION('',(-6.12323399573677E-17,-1.,-1.22464679914735E-16));
#3951=DIRECTION('',(1.,-6.12323399573677E-17,-2.46519032881566E-32));
#3952=DIRECTION('',(-1.,6.12323399573677E-17,2.46519032881566E-32));
#3953=DIRECTION('',(0.,-1.22464679914735E-16,1.));
#3954=DIRECTION('',(0.,1.22464679914735E-16,-1.));
#3955=DIRECTION('',(0.,-4.81355406039803E-18,-1.));
#3956=DIRECTION('',(6.12323399573677E-17,1.,-4.81355406039801E-18));
#3957=DIRECTION('',(0.,4.81355406039803E-18,1.));
#3958=DIRECTION('',(0.,-4.81355406039803E-18,-1.));
#3959=DIRECTION('',(-1.,6.12323399573677E-17,2.46519032881566E-32));
#3960=DIRECTION('',(0.,4.81355406039803E-18,1.));
#3961=DIRECTION('',(-6.12323399573677E-17,-1.,4.81355406039801E-18));
#3962=DIRECTION('',(6.12323399573677E-17,1.,-4.81355406039801E-18));
#3963=DIRECTION('',(-1.,6.12323399573677E-17,2.46519032881566E-32));
#3964=DIRECTION('',(1.,-6.12323399573677E-17,-2.46519032881566E-32));
#3965=DIRECTION('',(-1.,6.12323399573677E-17,2.46519032881566E-32));
#3966=DIRECTION('',(0.,-1.22464679914735E-16,1.));
#3967=DIRECTION('',(0.,-4.81355406039803E-18,-1.));
#3968=DIRECTION('',(0.,4.81355406039803E-18,1.));
#3969=DIRECTION('',(6.12323399573677E-17,1.,-4.81355406039801E-18));
#3970=DIRECTION('',(1.,-6.12323399573677E-17,-2.46519032881566E-32));
#3971=DIRECTION('',(1.,-6.12323399573677E-17,-2.46519032881566E-32));
#3972=DIRECTION('',(0.,4.81355406039803E-18,1.));
#3973=DIRECTION('',(6.12323399573677E-17,1.,1.22464679914735E-16));
#3974=DIRECTION('',(1.,-6.12323399573677E-17,-2.46519032881566E-32));
#3975=DIRECTION('',(-6.12323399573677E-17,-1.,-1.22464679914735E-16));
#3976=DIRECTION('',(0.,1.22464679914735E-16,-1.));
#3977=DIRECTION('',(-6.12323399573677E-17,-1.,-1.22464679914735E-16));
#3978=DIRECTION('',(0.,1.22464679914735E-16,-1.));
#3979=DIRECTION('',(-6.12323399573677E-17,-1.,-1.22464679914735E-16));
#3980=DIRECTION('',(0.,1.22464679914735E-16,-1.));
#3981=DIRECTION('',(6.12323399573677E-17,1.,1.22464679914735E-16));
#3982=DIRECTION('',(0.,-1.22464679914735E-16,1.));
#3983=DIRECTION('',(-6.12323399573677E-17,-1.,-1.22464679914735E-16));
#3984=DIRECTION('',(0.,1.22464679914735E-16,-1.));
#3985=DIRECTION('',(-6.12323399573677E-17,-1.,-1.22464679914735E-16));
#3986=DIRECTION('',(-1.,6.12323399573677E-17,2.46519032881566E-32));
#3987=DIRECTION('',(6.12323399573677E-17,1.,1.22464679914735E-16));
#3988=DIRECTION('',(0.,-1.22464679914735E-16,1.));
#3989=DIRECTION('',(-6.12323399573677E-17,-1.,-1.22464679914735E-16));
#3990=DIRECTION('',(0.,1.22464679914735E-16,-1.));
#3991=DIRECTION('',(-6.12323399573677E-17,-1.,-1.22464679914735E-16));
#3992=DIRECTION('',(-1.,6.12323399573677E-17,2.46519032881566E-32));
#3993=DIRECTION('',(6.12323399573677E-17,1.,1.22464679914735E-16));
#3994=DIRECTION('',(0.,-1.22464679914735E-16,1.));
#3995=DIRECTION('',(-6.12323399573677E-17,-1.,-1.22464679914735E-16));
#3996=DIRECTION('',(0.,1.22464679914735E-16,-1.));
#3997=DIRECTION('',(-6.12323399573677E-17,-1.,-1.22464679914735E-16));
#3998=DIRECTION('',(-1.,6.12323399573677E-17,2.46519032881566E-32));
#3999=DIRECTION('',(-4.32978028117746E-17,-0.707106781186548,0.707106781186547));
#4000=DIRECTION('',(1.,-6.12323399573677E-17,-2.46519032881566E-32));
#4001=DIRECTION('',(0.577350269189626,-0.577350269189626,-0.577350269189626));
#4002=DIRECTION('',(-0.707106781186548,-0.707106781186548,3.40369671771552E-18));
#4003=DIRECTION('',(0.,4.81355406039803E-18,1.));
#4004=DIRECTION('',(4.32978028117746E-17,0.707106781186548,-0.707106781186547));
#4005=DIRECTION('',(-1.,6.12323399573677E-17,2.46519032881566E-32));
#4006=DIRECTION('',(0.577350269189625,-0.577350269189626,-0.577350269189627));
#4007=DIRECTION('',(0.707106781186549,0.707106781186547,-3.40369671771547E-18));
#4008=DIRECTION('',(0.,-4.81355406039803E-18,-1.));
#4009=DIRECTION('',(0.,0.,1.));
#4010=DIRECTION('',(1.,0.,0.));
#4011=DIRECTION('',(0.,0.,-1.));
#4012=DIRECTION('',(-1.,0.,0.));
#4013=DIRECTION('',(0.,0.,1.));
#4014=DIRECTION('',(1.,0.,0.));
#4015=DIRECTION('',(0.,0.,1.));
#4016=DIRECTION('',(1.,0.,0.));
#4017=DIRECTION('',(0.,0.,1.));
#4018=DIRECTION('',(1.,0.,0.));
#4019=DIRECTION('',(0.,0.,1.));
#4020=DIRECTION('',(1.,0.,0.));
#4021=DIRECTION('',(0.,0.,-1.));
#4022=DIRECTION('',(-1.,0.,0.));
#4023=DIRECTION('',(0.,0.,1.));
#4024=DIRECTION('',(1.,0.,0.));
#4025=DIRECTION('',(0.,0.,1.));
#4026=DIRECTION('',(1.,0.,0.));
#4027=DIRECTION('',(0.,0.,1.));
#4028=DIRECTION('',(1.,0.,0.));
#4029=DIRECTION('',(1.,0.,0.));
#4030=DIRECTION('',(0.,1.,0.));
#4031=DIRECTION('',(1.,0.,0.));
#4032=DIRECTION('',(0.,0.,-1.));
#4033=DIRECTION('',(1.,0.,0.));
#4034=DIRECTION('',(0.,1.,0.));
#4035=DIRECTION('',(1.,0.,0.));
#4036=DIRECTION('',(0.,0.,-1.));
#4037=DIRECTION('',(-1.,0.,0.));
#4038=DIRECTION('',(0.,0.,1.));
#4039=DIRECTION('',(-1.,0.,0.));
#4040=DIRECTION('',(0.,0.,1.));
#4041=DIRECTION('',(0.,0.,1.));
#4042=DIRECTION('',(1.,0.,0.));
#4043=DIRECTION('',(0.,0.,1.));
#4044=DIRECTION('',(1.,0.,0.));
#4045=DIRECTION('',(0.,0.,1.));
#4046=DIRECTION('',(1.,0.,0.));
#4047=DIRECTION('',(0.,0.,-1.));
#4048=DIRECTION('',(-1.,0.,0.));
#4049=DIRECTION('',(0.,0.,1.));
#4050=DIRECTION('',(1.,0.,0.));
#4051=DIRECTION('',(6.12323399573677E-17,1.,1.22464679914735E-16));
#4052=DIRECTION('',(1.,-6.12323399573677E-17,-2.46519032881566E-32));
#4053=DIRECTION('',(6.12323399573677E-17,1.,1.22464679914735E-16));
#4054=DIRECTION('',(0.,-1.22464679914735E-16,1.));
#4055=DIRECTION('',(6.12323399573677E-17,1.,1.22464679914735E-16));
#4056=DIRECTION('',(0.,-1.22464679914735E-16,1.));
#4057=DIRECTION('',(6.12323399573677E-17,1.,1.22464679914735E-16));
#4058=DIRECTION('',(0.,-1.22464679914735E-16,1.));
#4059=DIRECTION('',(0.,-1.22464679914735E-16,1.));
#4060=DIRECTION('',(1.,-6.12323399573677E-17,-2.46519032881566E-32));
#4061=DIRECTION('',(0.,1.22464679914735E-16,-1.));
#4062=DIRECTION('',(1.,-6.12323399573677E-17,-2.46519032881566E-32));
#4063=DIRECTION('',(0.,1.22464679914735E-16,-1.));
#4064=DIRECTION('',(-1.,6.12323399573677E-17,2.46519032881566E-32));
#4065=DIRECTION('',(0.,5.86817449920668E-17,-1.));
#4066=DIRECTION('',(6.12323399573677E-17,1.,5.86817449920668E-17));
#4067=DIRECTION('',(-6.12323399573677E-17,-1.,-5.86817449920668E-17));
#4068=DIRECTION('',(1.,-6.12323399573677E-17,-2.46519032881566E-32));
#4069=DIRECTION('',(-6.12323399573677E-17,-1.,-5.86817449920668E-17));
#4070=DIRECTION('',(-1.,6.12323399573677E-17,2.46519032881566E-32));
#4071=DIRECTION('',(-6.12323399573677E-17,-1.,-5.86817449920668E-17));
#4072=DIRECTION('',(-1.,6.12323399573677E-17,2.46519032881566E-32));
#4073=DIRECTION('',(1.,-6.12323399573677E-17,-2.46519032881566E-32));
#4074=DIRECTION('',(0.,5.86817449920668E-17,-1.));
#4075=DIRECTION('',(-1.,6.12323399573677E-17,2.46519032881566E-32));
#4076=DIRECTION('',(0.,-5.86817449920668E-17,1.));
#4077=DIRECTION('',(-1.,6.12323399573677E-17,2.46519032881566E-32));
#4078=DIRECTION('',(0.,5.86817449920668E-17,-1.));
#4079=DIRECTION('',(1.,-6.12323399573677E-17,-2.46519032881566E-32));
#4080=DIRECTION('',(0.,1.22464679914735E-16,-1.));
#4081=DIRECTION('',(0.,-5.86817449920668E-17,1.));
#4082=DIRECTION('',(-6.12323399573677E-17,-1.,-5.86817449920668E-17));
#4083=DIRECTION('',(0.,5.86817449920668E-17,-1.));
#4084=DIRECTION('',(-6.12323399573677E-17,-1.,-5.86817449920668E-17));
#4085=DIRECTION('',(0.,5.86817449920668E-17,-1.));
#4086=DIRECTION('',(1.,-6.12323399573677E-17,-2.46519032881566E-32));
#4087=DIRECTION('',(0.,-5.86817449920668E-17,1.));
#4088=DIRECTION('',(1.,-6.12323399573677E-17,-2.46519032881566E-32));
#4089=DIRECTION('',(0.,-5.86817449920668E-17,1.));
#4090=DIRECTION('',(-1.,6.12323399573677E-17,2.46519032881566E-32));
#4091=DIRECTION('',(0.,-5.86817449920668E-17,1.));
#4092=DIRECTION('',(-1.,6.12323399573677E-17,2.46519032881566E-32));
#4093=DIRECTION('',(0.,-1.22464679914735E-16,1.));
#4094=DIRECTION('',(-6.12323399573677E-17,-1.,-1.22464679914735E-16));
#4095=DIRECTION('',(-6.12323399573677E-17,-1.,-1.22464679914735E-16));
#4096=DIRECTION('',(0.,1.22464679914735E-16,-1.));
#4097=DIRECTION('',(6.12323399573677E-17,1.,1.22464679914735E-16));
#4098=DIRECTION('',(-6.12323399573677E-17,-1.,-1.22464679914735E-16));
#4099=DIRECTION('',(0.,-1.22464679914735E-16,1.));
#4100=DIRECTION('',(-6.12323399573677E-17,-1.,-1.22464679914735E-16));
#4101=DIRECTION('',(-0.707106781186546,-0.70710678118655,-8.65956056235496E-17));
#4102=DIRECTION('',(-0.707106781186548,-0.707106781186548,-8.65956056235493E-17));
#4103=DIRECTION('',(-6.12323399573677E-17,-1.,-1.22464679914735E-16));
#4104=DIRECTION('',(-1.,6.12323399573677E-17,2.46519032881566E-32));
#4105=DIRECTION('',(0.,-1.22464679914735E-16,1.));
#4106=DIRECTION('',(4.32978028117747E-17,0.707106781186548,-0.707106781186548));
#4107=DIRECTION('',(-6.12323399573677E-17,-1.,-1.22464679914735E-16));
#4108=DIRECTION('',(4.32978028117747E-17,0.707106781186548,-0.707106781186548));
#4109=DIRECTION('',(0.,1.22464679914735E-16,-1.));
#4110=DIRECTION('',(6.12323399573677E-17,1.,1.22464679914735E-16));
#4111=DIRECTION('',(6.12323399573677E-17,1.,1.22464679914735E-16));
#4112=DIRECTION('',(1.,-6.12323399573677E-17,-2.46519032881566E-32));
#4113=DIRECTION('',(0.,1.22464679914735E-16,-1.));
#4114=DIRECTION('',(6.12323399573677E-17,1.,1.22464679914735E-16));
#4115=DIRECTION('',(0.,-1.22464679914735E-16,1.));
#4116=DIRECTION('',(6.12323399573677E-17,1.,1.22464679914735E-16));
#4117=DIRECTION('',(0.,-1.22464679914735E-16,1.));
#4118=DIRECTION('',(6.12323399573677E-17,1.,1.22464679914735E-16));
#4119=DIRECTION('',(1.,-6.12323399573677E-17,-2.46519032881566E-32));
#4120=DIRECTION('',(6.12323399573677E-17,1.,1.22464679914735E-16));
#4121=DIRECTION('',(0.,-1.22464679914735E-16,1.));
#4122=DIRECTION('',(6.12323399573677E-17,1.,1.22464679914735E-16));
#4123=DIRECTION('',(0.,-1.22464679914735E-16,1.));
#4124=DIRECTION('',(6.12323399573677E-17,1.,1.22464679914735E-16));
#4125=DIRECTION('',(1.,-6.12323399573677E-17,-2.46519032881566E-32));
#4126=DIRECTION('',(6.12323399573677E-17,1.,1.22464679914735E-16));
#4127=DIRECTION('',(0.,-1.22464679914735E-16,1.));
#4128=DIRECTION('',(6.12323399573677E-17,1.,1.22464679914735E-16));
#4129=DIRECTION('',(0.,-1.22464679914735E-16,1.));
#4130=DIRECTION('',(6.12323399573677E-17,1.,1.22464679914735E-16));
#4131=DIRECTION('',(1.,-6.12323399573677E-17,-2.46519032881566E-32));
#4132=DIRECTION('',(-4.32978028117746E-17,-0.707106781186547,-0.707106781186548));
#4133=DIRECTION('',(-1.,6.12323399573677E-17,2.46519032881566E-32));
#4134=DIRECTION('',(-0.577350269189626,-0.577350269189626,0.577350269189626));
#4135=DIRECTION('',(0.707106781186548,-0.707106781186548,-4.14942598157501E-17));
#4136=DIRECTION('',(0.,5.86817449920668E-17,-1.));
#4137=DIRECTION('',(4.32978028117746E-17,0.707106781186547,0.707106781186548));
#4138=DIRECTION('',(1.,-6.12323399573677E-17,-2.46519032881566E-32));
#4139=DIRECTION('',(-0.577350269189624,-0.577350269189627,0.577350269189627));
#4140=DIRECTION('',(-0.707106781186549,0.707106781186546,4.149425981575E-17));
#4141=DIRECTION('',(0.,-5.86817449920668E-17,1.));
#4142=CARTESIAN_POINT('',(0.,0.,0.));
#4143=CARTESIAN_POINT('',(0.075,0.1175,0.1));
#4144=CARTESIAN_POINT('',(0.085,0.1175,0.02));
#4145=CARTESIAN_POINT('',(0.085,0.1175,0.03));
#4146=CARTESIAN_POINT('',(0.085,0.1175,0.02));
#4147=CARTESIAN_POINT('',(0.29,0.1175,0.02));
#4148=CARTESIAN_POINT('',(0.095,0.1175,0.02));
#4149=CARTESIAN_POINT('',(0.095,0.1175,0.02));
#4150=CARTESIAN_POINT('',(0.095,0.1175,0.03));
#4151=CARTESIAN_POINT('',(0.105,0.1175,0.03));
#4152=CARTESIAN_POINT('',(0.105,0.1175,0.03));
#4153=CARTESIAN_POINT('',(0.105,0.1175,0.1));
#4154=CARTESIAN_POINT('',(0.105,0.1175,0.));
#4155=CARTESIAN_POINT('',(0.105,0.1175,0.));
#4156=CARTESIAN_POINT('',(0.075,0.1175,0.));
#4157=CARTESIAN_POINT('',(0.075,0.1175,0.1));
#4158=CARTESIAN_POINT('',(0.075,0.1175,0.03));
#4159=CARTESIAN_POINT('',(0.105,0.1175,0.03));
#4160=CARTESIAN_POINT('',(0.093,0.1175,0.01));
#4161=CARTESIAN_POINT('',(0.093,0.1175,0.00325));
#4162=CARTESIAN_POINT('',(0.093,0.1175,0.01675));
#4163=CARTESIAN_POINT('',(0.09,0.1175,0.01675));
#4164=CARTESIAN_POINT('',(0.087,0.1175,0.01675));
#4165=CARTESIAN_POINT('',(0.087,0.1175,0.01));
#4166=CARTESIAN_POINT('',(0.087,0.1175,0.00325));
#4167=CARTESIAN_POINT('',(0.09,0.1175,0.00325));
#4168=CARTESIAN_POINT('',(0.161,-0.1025,0.1));
#4169=CARTESIAN_POINT('',(0.09,-0.1025,0.01625));
#4170=CARTESIAN_POINT('',(0.0925,-0.1025,0.01625));
#4171=CARTESIAN_POINT('',(0.0875,-0.1025,0.01625));
#4172=CARTESIAN_POINT('',(0.0925,-0.1025,0.01));
#4173=CARTESIAN_POINT('',(0.0925,-0.1025,0.00375));
#4174=CARTESIAN_POINT('',(0.09,-0.1025,0.00375));
#4175=CARTESIAN_POINT('',(0.0875,-0.1025,0.00375));
#4176=CARTESIAN_POINT('',(0.0875,-0.1025,0.01));
#4177=CARTESIAN_POINT('',(0.105,-0.1025,0.1));
#4178=CARTESIAN_POINT('',(0.105,-0.1025,0.));
#4179=CARTESIAN_POINT('',(0.105,-0.1025,0.03));
#4180=CARTESIAN_POINT('',(0.105,-0.1025,0.03));
#4181=CARTESIAN_POINT('',(0.095,-0.1025,0.03));
#4182=CARTESIAN_POINT('',(0.095,-0.1025,0.02));
#4183=CARTESIAN_POINT('',(0.095,-0.1025,0.02));
#4184=CARTESIAN_POINT('',(0.29,-0.1025,0.02));
#4185=CARTESIAN_POINT('',(0.085,-0.1025,0.02));
#4186=CARTESIAN_POINT('',(0.085,-0.1025,0.02));
#4187=CARTESIAN_POINT('',(0.085,-0.1025,0.03));
#4188=CARTESIAN_POINT('',(0.105,-0.1025,0.03));
#4189=CARTESIAN_POINT('',(0.075,-0.1025,0.03));
#4190=CARTESIAN_POINT('',(0.075,-0.1025,0.1));
#4191=CARTESIAN_POINT('',(0.075,-0.1025,0.));
#4192=CARTESIAN_POINT('',(0.161,-0.1025,0.));
#4193=CARTESIAN_POINT('',(0.29,0.115,0.02));
#4194=CARTESIAN_POINT('',(0.085,0.3475,0.02));
#4195=CARTESIAN_POINT('',(0.095,0.3475,0.02));
#4196=CARTESIAN_POINT('',(0.105,0.1175,0.03));
#4197=CARTESIAN_POINT('',(0.105,0.1175,0.03));
#4198=CARTESIAN_POINT('',(0.095,0.1175,0.03));
#4199=CARTESIAN_POINT('',(0.095,0.3475,0.02));
#4200=CARTESIAN_POINT('',(0.105,0.1175,0.03));
#4201=CARTESIAN_POINT('',(0.085,0.1175,0.03));
#4202=CARTESIAN_POINT('',(0.075,0.1175,0.03));
#4203=CARTESIAN_POINT('',(0.085,0.3475,0.02));
#4204=CARTESIAN_POINT('',(0.105,0.1175,0.1));
#4205=CARTESIAN_POINT('',(0.105,0.1175,0.));
#4206=CARTESIAN_POINT('',(0.075,0.1175,0.1));
#4207=CARTESIAN_POINT('',(0.075,0.1175,0.));
#4208=CARTESIAN_POINT('',(0.105,0.1175,0.));
#4209=CARTESIAN_POINT('',(0.093,0.1025,0.01));
#4210=CARTESIAN_POINT('',(0.093,0.1025,0.00325));
#4211=CARTESIAN_POINT('',(0.093,0.1025,0.00325));
#4212=CARTESIAN_POINT('',(0.093,0.1025,0.01));
#4213=CARTESIAN_POINT('',(0.093,0.1025,0.01675));
#4214=CARTESIAN_POINT('',(0.093,0.1025,0.01675));
#4215=CARTESIAN_POINT('',(0.09,0.1025,0.00325));
#4216=CARTESIAN_POINT('',(0.087,0.1025,0.00325));
#4217=CARTESIAN_POINT('',(0.087,0.1025,0.00325));
#4218=CARTESIAN_POINT('',(0.09,0.1025,0.00325));
#4219=CARTESIAN_POINT('',(0.087,0.1025,0.01));
#4220=CARTESIAN_POINT('',(0.087,0.1025,0.01675));
#4221=CARTESIAN_POINT('',(0.087,0.1025,0.01675));
#4222=CARTESIAN_POINT('',(0.087,0.1025,0.01));
#4223=CARTESIAN_POINT('',(0.09,0.1025,0.01675));
#4224=CARTESIAN_POINT('',(0.09,0.1025,0.01675));
#4225=CARTESIAN_POINT('',(0.09,0.1025,0.015));
#4226=CARTESIAN_POINT('',(0.0925,-0.1175,0.01));
#4227=CARTESIAN_POINT('',(0.0925,-0.1175,0.01625));
#4228=CARTESIAN_POINT('',(0.0925,-0.1175,0.01625));
#4229=CARTESIAN_POINT('',(0.0925,-0.1175,0.01));
#4230=CARTESIAN_POINT('',(0.0925,-0.1175,0.00375));
#4231=CARTESIAN_POINT('',(0.0925,-0.1175,0.00375));
#4232=CARTESIAN_POINT('',(0.09,-0.1175,0.01625));
#4233=CARTESIAN_POINT('',(0.0875,-0.1175,0.01625));
#4234=CARTESIAN_POINT('',(0.0875,-0.1175,0.01625));
#4235=CARTESIAN_POINT('',(0.09,-0.1175,0.01625));
#4236=CARTESIAN_POINT('',(0.0875,-0.1175,0.01));
#4237=CARTESIAN_POINT('',(0.0875,-0.1175,0.00375));
#4238=CARTESIAN_POINT('',(0.0875,-0.1175,0.00375));
#4239=CARTESIAN_POINT('',(0.0875,-0.1175,0.01));
#4240=CARTESIAN_POINT('',(0.09,-0.1175,0.00375));
#4241=CARTESIAN_POINT('',(0.09,-0.1175,0.00375));
#4242=CARTESIAN_POINT('',(0.09,-0.1175,0.015));
#4243=CARTESIAN_POINT('',(0.,0.,0.));
#4244=CARTESIAN_POINT('',(-0.006,-0.0297,0.03));
#4245=CARTESIAN_POINT('',(0.179,0.0653,0.03));
#4246=CARTESIAN_POINT('',(-0.026,0.0653,0.03));
#4247=CARTESIAN_POINT('',(-0.016,0.0653,0.03));
#4248=CARTESIAN_POINT('',(-0.016,-0.0297,0.03));
#4249=CARTESIAN_POINT('',(-0.016,-0.1147,0.03));
#4250=CARTESIAN_POINT('',(-0.006,-0.1147,0.03));
#4251=CARTESIAN_POINT('',(-0.006,-0.1147,0.03));
#4252=CARTESIAN_POINT('',(-0.006,-0.0297,0.03));
#4253=CARTESIAN_POINT('',(-0.006,0.0853,0.03));
#4254=CARTESIAN_POINT('',(-0.006,0.0853,0.03));
#4255=CARTESIAN_POINT('',(-0.036,0.0853,0.03));
#4256=CARTESIAN_POINT('',(-0.036,-0.0297,0.03));
#4257=CARTESIAN_POINT('',(-0.036,-0.1147,0.03));
#4258=CARTESIAN_POINT('',(-0.006,-0.1147,0.03));
#4259=CARTESIAN_POINT('',(-0.026,-0.1147,0.03));
#4260=CARTESIAN_POINT('',(-0.026,-0.0297,0.03));
#4261=CARTESIAN_POINT('',(-0.021,0.08205,0.03));
#4262=CARTESIAN_POINT('',(-0.018,0.08205,0.03));
#4263=CARTESIAN_POINT('',(-0.024,0.08205,0.03));
#4264=CARTESIAN_POINT('',(-0.018,0.0753,0.03));
#4265=CARTESIAN_POINT('',(-0.018,0.06855,0.03));
#4266=CARTESIAN_POINT('',(-0.021,0.06855,0.03));
#4267=CARTESIAN_POINT('',(-0.024,0.06855,0.03));
#4268=CARTESIAN_POINT('',(-0.024,0.0753,0.03));
#4269=CARTESIAN_POINT('',(-0.006,-0.0147,0.25));
#4270=CARTESIAN_POINT('',(-0.006,0.0853,0.25));
#4271=CARTESIAN_POINT('',(-0.006,0.0853,2.77555756156289E-17));
#4272=CARTESIAN_POINT('',(-0.006,-0.1147,0.015));
#4273=CARTESIAN_POINT('',(-0.006,-0.1147,-5.55111512312578E-17));
#4274=CARTESIAN_POINT('',(-0.006,-0.0147,0.));
#4275=CARTESIAN_POINT('',(-0.006,-0.09970832,0.01));
#4276=CARTESIAN_POINT('',(-0.006,-0.10595832,0.01));
#4277=CARTESIAN_POINT('',(-0.006,-0.08095832,0.01));
#4278=CARTESIAN_POINT('',(-0.006,-0.10595832,0.01));
#4279=CARTESIAN_POINT('',(-0.006,-0.10595832,0.02));
#4280=CARTESIAN_POINT('',(-0.006,-0.09970832,0.02));
#4281=CARTESIAN_POINT('',(-0.006,-0.08095832,0.02));
#4282=CARTESIAN_POINT('',(-0.006,-0.08095832,0.01));
#4283=CARTESIAN_POINT('',(-0.006,0.0703,0.0205));
#4284=CARTESIAN_POINT('',(-0.006,0.0758,0.0205));
#4285=CARTESIAN_POINT('',(-0.006,0.0648,0.0205));
#4286=CARTESIAN_POINT('',(-0.006,0.0758,0.015));
#4287=CARTESIAN_POINT('',(-0.006,0.0758,0.0095));
#4288=CARTESIAN_POINT('',(-0.006,0.0703,0.0095));
#4289=CARTESIAN_POINT('',(-0.006,0.0648,0.0095));
#4290=CARTESIAN_POINT('',(-0.006,0.0648,0.015));
#4291=CARTESIAN_POINT('',(0.0065,-0.09345832,0.01));
#4292=CARTESIAN_POINT('',(0.0065,-0.09345832,0.02));
#4293=CARTESIAN_POINT('',(0.0065,-0.08095832,0.02));
#4294=CARTESIAN_POINT('',(0.0065,-0.10595832,0.02));
#4295=CARTESIAN_POINT('',(0.0065,-0.10595832,0.01));
#4296=CARTESIAN_POINT('',(0.0065,-0.10595832,0.01));
#4297=CARTESIAN_POINT('',(0.0065,-0.09345832,0.01));
#4298=CARTESIAN_POINT('',(0.0065,-0.08095832,0.01));
#4299=CARTESIAN_POINT('',(0.0065,-0.08095832,0.01));
#4300=CARTESIAN_POINT('',(0.0065,-0.09345832,0.5));
#4301=CARTESIAN_POINT('',(0.0065,-0.09345832,0.01));
#4302=CARTESIAN_POINT('',(0.0015,-0.09345832,0.01));
#4303=CARTESIAN_POINT('',(0.0065,-0.09345832,0.02));
#4304=CARTESIAN_POINT('',(0.0015,-0.09345832,0.02));
#4305=CARTESIAN_POINT('',(0.000249999999999973,-0.08095832,0.01));
#4306=CARTESIAN_POINT('',(0.000249999999999973,-0.08095832,0.02));
#4307=CARTESIAN_POINT('',(0.000249999999999973,-0.08095832,0.01));
#4308=CARTESIAN_POINT('',(0.0065,-0.09345832,0.02));
#4309=CARTESIAN_POINT('',(0.000249999999999973,-0.10595832,0.02));
#4310=CARTESIAN_POINT('',(0.000249999999999973,-0.10595832,0.01));
#4311=CARTESIAN_POINT('',(0.000249999999999973,-0.10595832,0.01));
#4312=CARTESIAN_POINT('',(0.0065,-0.09345832,0.01));
#4313=CARTESIAN_POINT('',(-0.006,-0.0147,0.));
#4314=CARTESIAN_POINT('',(-0.006,0.0853,2.77555756156289E-17));
#4315=CARTESIAN_POINT('',(-0.036,0.0853,2.77555756156289E-17));
#4316=CARTESIAN_POINT('',(-0.006,-0.1147,-5.55111512312578E-17));
#4317=CARTESIAN_POINT('',(-0.036,-0.1147,-5.55111512312578E-17));
#4318=CARTESIAN_POINT('',(-0.036,-0.0147,0.));
#4319=CARTESIAN_POINT('',(-0.006,-0.1147,0.015));
#4320=CARTESIAN_POINT('',(-0.021,-0.1147,0.01));
#4321=CARTESIAN_POINT('',(-0.026,-0.1147,0.01));
#4322=CARTESIAN_POINT('',(-0.016,-0.1147,0.01));
#4323=CARTESIAN_POINT('',(-0.026,-0.1147,0.48));
#4324=CARTESIAN_POINT('',(-0.036,-0.1147,0.015));
#4325=CARTESIAN_POINT('',(-0.016,-0.1147,0.48));
#4326=CARTESIAN_POINT('',(-0.021,0.0653,0.01));
#4327=CARTESIAN_POINT('',(-0.016,0.0653,0.01));
#4328=CARTESIAN_POINT('',(-0.016,0.0653,0.01));
#4329=CARTESIAN_POINT('',(-0.021,0.0653,0.01));
#4330=CARTESIAN_POINT('',(-0.026,0.0653,0.01));
#4331=CARTESIAN_POINT('',(-0.026,0.0653,0.01));
#4332=CARTESIAN_POINT('',(0.179,0.0653,0.2475));
#4333=CARTESIAN_POINT('',(-0.026,0.0653,0.48));
#4334=CARTESIAN_POINT('',(-0.016,0.0653,0.48));
#4335=CARTESIAN_POINT('',(-0.016,0.0653,0.48));
#4336=CARTESIAN_POINT('',(-0.026,0.0653,0.48));
#4337=CARTESIAN_POINT('',(-0.006,0.0853,0.25));
#4338=CARTESIAN_POINT('',(-0.036,0.0853,0.25));
#4339=CARTESIAN_POINT('',(-0.036,-0.0147,0.25));
#4340=CARTESIAN_POINT('',(-0.011,0.0758,0.015));
#4341=CARTESIAN_POINT('',(-0.011,0.0758,0.0205));
#4342=CARTESIAN_POINT('',(-0.011,0.0758,0.0205));
#4343=CARTESIAN_POINT('',(-0.011,0.0758,0.015));
#4344=CARTESIAN_POINT('',(-0.011,0.0758,0.0095));
#4345=CARTESIAN_POINT('',(-0.011,0.0758,0.0095));
#4346=CARTESIAN_POINT('',(-0.011,0.0703,0.0205));
#4347=CARTESIAN_POINT('',(-0.011,0.0648,0.0205));
#4348=CARTESIAN_POINT('',(-0.011,0.0648,0.0205));
#4349=CARTESIAN_POINT('',(-0.011,0.0703,0.0205));
#4350=CARTESIAN_POINT('',(-0.011,0.0648,0.015));
#4351=CARTESIAN_POINT('',(-0.011,0.0648,0.0095));
#4352=CARTESIAN_POINT('',(-0.011,0.0648,0.0095));
#4353=CARTESIAN_POINT('',(-0.011,0.0648,0.015));
#4354=CARTESIAN_POINT('',(-0.011,0.0703,0.0095));
#4355=CARTESIAN_POINT('',(-0.011,0.0703,0.0095));
#4356=CARTESIAN_POINT('',(-0.011,0.0703,0.05));
#4357=CARTESIAN_POINT('',(-0.018,0.0753,0.015));
#4358=CARTESIAN_POINT('',(-0.018,0.08205,0.015));
#4359=CARTESIAN_POINT('',(-0.018,0.08205,0.015));
#4360=CARTESIAN_POINT('',(-0.018,0.0753,0.015));
#4361=CARTESIAN_POINT('',(-0.018,0.06855,0.015));
#4362=CARTESIAN_POINT('',(-0.018,0.06855,0.015));
#4363=CARTESIAN_POINT('',(-0.021,0.08205,0.015));
#4364=CARTESIAN_POINT('',(-0.024,0.08205,0.015));
#4365=CARTESIAN_POINT('',(-0.024,0.08205,0.015));
#4366=CARTESIAN_POINT('',(-0.021,0.08205,0.015));
#4367=CARTESIAN_POINT('',(-0.024,0.0753,0.015));
#4368=CARTESIAN_POINT('',(-0.024,0.06855,0.015));
#4369=CARTESIAN_POINT('',(-0.024,0.06855,0.015));
#4370=CARTESIAN_POINT('',(-0.024,0.0753,0.015));
#4371=CARTESIAN_POINT('',(-0.021,0.06855,0.015));
#4372=CARTESIAN_POINT('',(-0.021,0.06855,0.015));
#4373=CARTESIAN_POINT('',(-0.021,-0.0147,0.015));
#4374=CARTESIAN_POINT('',(0.,0.,0.));
#4375=CARTESIAN_POINT('',(0.0706,0.1025,0.1));
#4376=CARTESIAN_POINT('',(0.0606,0.1025,0.02));
#4377=CARTESIAN_POINT('',(0.0606,0.1025,0.03));
#4378=CARTESIAN_POINT('',(0.0606,0.1025,0.02));
#4379=CARTESIAN_POINT('',(0.0406,0.1025,0.03));
#4380=CARTESIAN_POINT('',(0.0706,0.1025,0.03));
#4381=CARTESIAN_POINT('',(0.0706,0.1025,0.1));
#4382=CARTESIAN_POINT('',(0.0706,0.1025,0.));
#4383=CARTESIAN_POINT('',(0.0406,0.1025,0.));
#4384=CARTESIAN_POINT('',(0.0406,0.1025,0.));
#4385=CARTESIAN_POINT('',(0.0406,0.1025,0.1));
#4386=CARTESIAN_POINT('',(0.0406,0.1025,0.03));
#4387=CARTESIAN_POINT('',(0.0406,0.1025,0.03));
#4388=CARTESIAN_POINT('',(0.0506,0.1025,0.03));
#4389=CARTESIAN_POINT('',(0.0506,0.1025,0.02));
#4390=CARTESIAN_POINT('',(0.0506,0.1025,0.02));
#4391=CARTESIAN_POINT('',(-0.1444,0.1025,0.02));
#4392=CARTESIAN_POINT('',(0.0556,0.1025,0.01622));
#4393=CARTESIAN_POINT('',(0.0531,0.1025,0.01622));
#4394=CARTESIAN_POINT('',(0.0581,0.1025,0.01622));
#4395=CARTESIAN_POINT('',(0.0531,0.1025,0.00997));
#4396=CARTESIAN_POINT('',(0.0531,0.1025,0.00372));
#4397=CARTESIAN_POINT('',(0.0556,0.1025,0.00372));
#4398=CARTESIAN_POINT('',(0.0581,0.1025,0.00372));
#4399=CARTESIAN_POINT('',(0.0581,0.1025,0.00997));
#4400=CARTESIAN_POINT('',(-0.0154,-0.1175,0.1));
#4401=CARTESIAN_POINT('',(-0.0154,-0.1175,0.));
#4402=CARTESIAN_POINT('',(0.0406,-0.1175,0.));
#4403=CARTESIAN_POINT('',(0.0706,-0.1175,0.));
#4404=CARTESIAN_POINT('',(0.0706,-0.1175,0.1));
#4405=CARTESIAN_POINT('',(0.0706,-0.1175,0.03));
#4406=CARTESIAN_POINT('',(0.0406,-0.1175,0.03));
#4407=CARTESIAN_POINT('',(0.0606,-0.1175,0.03));
#4408=CARTESIAN_POINT('',(0.0606,-0.1175,0.02));
#4409=CARTESIAN_POINT('',(0.0606,-0.1175,0.02));
#4410=CARTESIAN_POINT('',(-0.1444,-0.1175,0.02));
#4411=CARTESIAN_POINT('',(0.0506,-0.1175,0.02));
#4412=CARTESIAN_POINT('',(0.0506,-0.1175,0.02));
#4413=CARTESIAN_POINT('',(0.0506,-0.1175,0.03));
#4414=CARTESIAN_POINT('',(0.0406,-0.1175,0.03));
#4415=CARTESIAN_POINT('',(0.0406,-0.1175,0.03));
#4416=CARTESIAN_POINT('',(0.0406,-0.1175,0.1));
#4417=CARTESIAN_POINT('',(0.0556,-0.1175,0.00325));
#4418=CARTESIAN_POINT('',(0.0526,-0.1175,0.00325));
#4419=CARTESIAN_POINT('',(0.0586,-0.1175,0.00325));
#4420=CARTESIAN_POINT('',(0.0526,-0.1175,0.01));
#4421=CARTESIAN_POINT('',(0.0526,-0.1175,0.01675));
#4422=CARTESIAN_POINT('',(0.0556,-0.1175,0.01675));
#4423=CARTESIAN_POINT('',(0.0586,-0.1175,0.01675));
#4424=CARTESIAN_POINT('',(0.0586,-0.1175,0.01));
#4425=CARTESIAN_POINT('',(0.0406,0.1025,0.));
#4426=CARTESIAN_POINT('',(0.0406,0.1025,0.));
#4427=CARTESIAN_POINT('',(0.0706,0.1025,0.));
#4428=CARTESIAN_POINT('',(0.0706,0.1025,0.1));
#4429=CARTESIAN_POINT('',(0.0706,0.1025,0.03));
#4430=CARTESIAN_POINT('',(0.0406,0.1025,0.1));
#4431=CARTESIAN_POINT('',(0.0406,0.1025,0.03));
#4432=CARTESIAN_POINT('',(0.0606,-0.1275,0.02));
#4433=CARTESIAN_POINT('',(0.0606,0.1025,0.03));
#4434=CARTESIAN_POINT('',(0.0606,-0.1275,0.02));
#4435=CARTESIAN_POINT('',(0.0506,-0.1275,0.02));
#4436=CARTESIAN_POINT('',(0.0506,0.1025,0.03));
#4437=CARTESIAN_POINT('',(0.0506,-0.1275,0.02));
#4438=CARTESIAN_POINT('',(-0.1444,0.105,0.02));
#4439=CARTESIAN_POINT('',(0.0406,0.1025,0.03));
#4440=CARTESIAN_POINT('',(0.0406,0.1025,0.03));
#4441=CARTESIAN_POINT('',(0.0526,-0.1025,0.01));
#4442=CARTESIAN_POINT('',(0.0526,-0.1025,0.00325));
#4443=CARTESIAN_POINT('',(0.0526,-0.1025,0.00325));
#4444=CARTESIAN_POINT('',(0.0526,-0.1025,0.01));
#4445=CARTESIAN_POINT('',(0.0526,-0.1025,0.01675));
#4446=CARTESIAN_POINT('',(0.0526,-0.1025,0.01675));
#4447=CARTESIAN_POINT('',(0.0556,-0.1025,0.00325));
#4448=CARTESIAN_POINT('',(0.0586,-0.1025,0.00325));
#4449=CARTESIAN_POINT('',(0.0586,-0.1025,0.00325));
#4450=CARTESIAN_POINT('',(0.0556,-0.1025,0.00325));
#4451=CARTESIAN_POINT('',(0.0586,-0.1025,0.01));
#4452=CARTESIAN_POINT('',(0.0586,-0.1025,0.01675));
#4453=CARTESIAN_POINT('',(0.0586,-0.1025,0.01675));
#4454=CARTESIAN_POINT('',(0.0586,-0.1025,0.01));
#4455=CARTESIAN_POINT('',(0.0556,-0.1025,0.01675));
#4456=CARTESIAN_POINT('',(0.0556,-0.1025,0.01675));
#4457=CARTESIAN_POINT('',(0.0556,-0.1025,0.015));
#4458=CARTESIAN_POINT('',(0.0531,0.1175,0.00997));
#4459=CARTESIAN_POINT('',(0.0531,0.1175,0.01622));
#4460=CARTESIAN_POINT('',(0.0531,0.1175,0.01622));
#4461=CARTESIAN_POINT('',(0.0531,0.1175,0.00997));
#4462=CARTESIAN_POINT('',(0.0531,0.1175,0.00372));
#4463=CARTESIAN_POINT('',(0.0531,0.1175,0.00372));
#4464=CARTESIAN_POINT('',(0.0556,0.1175,0.01622));
#4465=CARTESIAN_POINT('',(0.0581,0.1175,0.01622));
#4466=CARTESIAN_POINT('',(0.0581,0.1175,0.01622));
#4467=CARTESIAN_POINT('',(0.0556,0.1175,0.01622));
#4468=CARTESIAN_POINT('',(0.0581,0.1175,0.00997));
#4469=CARTESIAN_POINT('',(0.0581,0.1175,0.00372));
#4470=CARTESIAN_POINT('',(0.0581,0.1175,0.00372));
#4471=CARTESIAN_POINT('',(0.0581,0.1175,0.00997));
#4472=CARTESIAN_POINT('',(0.0556,0.1175,0.00372));
#4473=CARTESIAN_POINT('',(0.0556,0.1175,0.00372));
#4474=CARTESIAN_POINT('',(0.0556,0.1175,0.015));
#4475=CARTESIAN_POINT('',(0.,0.,0.));
#4476=CARTESIAN_POINT('',(-0.0578,0.0993,0.017));
#4477=CARTESIAN_POINT('',(-0.0543852580448744,0.100067813375701,0.017));
#4478=CARTESIAN_POINT('',(-0.054873078324178,0.0999581257506006,0.017));
#4479=CARTESIAN_POINT('',(-0.0538974377655707,0.100177501000801,0.017));
#4480=CARTESIAN_POINT('',(-0.0578,0.0993,0.017));
#4481=CARTESIAN_POINT('',(-0.056675,0.102081074432661,0.017));
#4482=CARTESIAN_POINT('',(-0.0564875,0.102544586838104,0.017));
#4483=CARTESIAN_POINT('',(-0.0563,0.103008099243548,0.017));
#4484=CARTESIAN_POINT('',(-0.0578,0.0993,0.017));
#4485=CARTESIAN_POINT('',(-0.0578,0.0993,0.017));
#4486=CARTESIAN_POINT('',(-0.0612732195733055,0.0988678590558537,0.017));
#4487=CARTESIAN_POINT('',(-0.0607770453485476,0.098929593476446,0.017));
#4488=CARTESIAN_POINT('',(-0.0617693937980634,0.0988061246352614,0.017));
#4489=CARTESIAN_POINT('',(-0.0578,0.0993,0.017));
#4490=CARTESIAN_POINT('',(-0.058925,0.0965189255673391,0.017));
#4491=CARTESIAN_POINT('',(-0.0591125,0.0960554131618956,0.017));
#4492=CARTESIAN_POINT('',(-0.0593,0.0955919007564522,0.017));
#4493=CARTESIAN_POINT('',(-0.0578,0.0993,0.017));
#4494=CARTESIAN_POINT('',(-0.0591125,0.0960554131618956,0.014));
#4495=CARTESIAN_POINT('',(-0.058925,0.0965189255673391,0.014));
#4496=CARTESIAN_POINT('',(-0.058925,0.0965189255673391,0.024));
#4497=CARTESIAN_POINT('',(-0.0591125,0.0960554131618956,0.024));
#4498=CARTESIAN_POINT('',(-0.0593,0.0955919007564522,0.024));
#4499=CARTESIAN_POINT('',(-0.0593,0.0955919007564522,0.014));
#4500=CARTESIAN_POINT('',(-0.0564875,0.102544586838104,0.014));
#4501=CARTESIAN_POINT('',(-0.056675,0.102081074432661,0.014));
#4502=CARTESIAN_POINT('',(-0.056675,0.102081074432661,0.024));
#4503=CARTESIAN_POINT('',(-0.0564875,0.102544586838104,0.024));
#4504=CARTESIAN_POINT('',(-0.0563,0.103008099243548,0.024));
#4505=CARTESIAN_POINT('',(-0.0563,0.103008099243548,0.014));
#4506=CARTESIAN_POINT('',(-0.0578,0.0993,0.024));
#4507=CARTESIAN_POINT('',(-0.0578,0.0993,0.024));
#4508=CARTESIAN_POINT('',(-0.058925,0.102081074432661,0.024));
#4509=CARTESIAN_POINT('',(-0.0591125,0.102544586838104,0.024));
#4510=CARTESIAN_POINT('',(-0.0593,0.103008099243548,0.024));
#4511=CARTESIAN_POINT('',(-0.0578,0.0993,0.024));
#4512=CARTESIAN_POINT('',(-0.0578,0.0993,0.024));
#4513=CARTESIAN_POINT('',(-0.054873078324178,0.0999581257506006,0.0168));
#4514=CARTESIAN_POINT('',(-0.054873078324178,0.0999581257506006,0.01645));
#4515=CARTESIAN_POINT('',(-0.0578,0.0993,0.01645));
#4516=CARTESIAN_POINT('',(-0.054801407142959,0.0992081257506006,0.0160762733488662));
#4517=CARTESIAN_POINT('',(-0.054801407142959,0.0992081257506006,0.01595));
#4518=CARTESIAN_POINT('',(-0.054801407142959,0.0992081257506006,0.0168));
#4519=CARTESIAN_POINT('',(-0.0578,0.0993,0.0168));
#4520=CARTESIAN_POINT('',(-0.0548433450959612,0.0998081257506006,0.0168));
#4521=CARTESIAN_POINT('',(-0.0548433450959612,0.0998081257506006,0.0168));
#4522=CARTESIAN_POINT('',(-0.0548433450959612,0.0998081257506006,0.017));
#4523=CARTESIAN_POINT('',(-0.0578,0.0993,0.017));
#4524=CARTESIAN_POINT('',(-0.055925,0.0969581257506006,0.017));
#4525=CARTESIAN_POINT('',(-0.055925,0.0969581257506006,0.014));
#4526=CARTESIAN_POINT('',(-0.055925,0.0969581257506006,0.014));
#4527=CARTESIAN_POINT('',(-0.0578,0.0993,0.014));
#4528=CARTESIAN_POINT('',(-0.058925,0.102081074432661,0.014));
#4529=CARTESIAN_POINT('',(-0.058925,0.102081074432661,0.014));
#4530=CARTESIAN_POINT('',(-0.0607770453485476,0.098929593476446,0.0168));
#4531=CARTESIAN_POINT('',(-0.0607770453485476,0.098929593476446,0.01645));
#4532=CARTESIAN_POINT('',(-0.0578,0.0993,0.01645));
#4533=CARTESIAN_POINT('',(-0.0607758878998779,0.099679593476446,0.0160779407858546));
#4534=CARTESIAN_POINT('',(-0.0607758878998779,0.099679593476446,0.01595));
#4535=CARTESIAN_POINT('',(-0.0607758878998779,0.099679593476446,0.0168));
#4536=CARTESIAN_POINT('',(-0.0578,0.0993,0.0168));
#4537=CARTESIAN_POINT('',(-0.0607918925389082,0.099079593476446,0.0168));
#4538=CARTESIAN_POINT('',(-0.0607918925389082,0.099079593476446,0.0168));
#4539=CARTESIAN_POINT('',(-0.0607918925389082,0.099079593476446,0.017));
#4540=CARTESIAN_POINT('',(-0.0578,0.0993,0.017));
#4541=CARTESIAN_POINT('',(-0.059675,0.101641874249399,0.017));
#4542=CARTESIAN_POINT('',(-0.059675,0.101641874249399,0.014));
#4543=CARTESIAN_POINT('',(-0.059675,0.101641874249399,0.014));
#4544=CARTESIAN_POINT('',(-0.0578,0.0993,0.014));
#4545=CARTESIAN_POINT('',(-0.056675,0.0965189255673391,0.014));
#4546=CARTESIAN_POINT('',(-0.056675,0.0965189255673391,0.014));
#4547=CARTESIAN_POINT('',(-0.056675,0.0965189255673391,0.024));
#4548=CARTESIAN_POINT('',(-0.0578,0.0993,0.024));
#4549=CARTESIAN_POINT('',(-0.0578,0.0993,0.004));
#4550=CARTESIAN_POINT('',(-0.0548,0.0993,0.004));
#4551=CARTESIAN_POINT('',(-0.0578,0.0993,0.004));
#4552=CARTESIAN_POINT('',(-0.0519229128133158,0.0934229128133158,0.002));
#4553=CARTESIAN_POINT('',(-0.0494885435933421,0.0993,0.002));
#4554=CARTESIAN_POINT('',(-0.0519229128133158,0.105177087186684,0.002));
#4555=CARTESIAN_POINT('',(-0.0578,0.107611456406658,0.002));
#4556=CARTESIAN_POINT('',(-0.0636770871866842,0.105177087186684,0.002));
#4557=CARTESIAN_POINT('',(-0.0661114564066579,0.0993,0.002));
#4558=CARTESIAN_POINT('',(-0.0636770871866842,0.0934229128133159,0.002));
#4559=CARTESIAN_POINT('',(-0.0578,0.0909885435933421,0.002));
#4560=CARTESIAN_POINT('',(-0.0519229128133158,0.0934229128133158,0.002));
#4561=CARTESIAN_POINT('',(-0.0494885435933421,0.0993,0.002));
#4562=CARTESIAN_POINT('',(-0.0519229128133158,0.105177087186684,0.002));
#4563=CARTESIAN_POINT('',(-0.0503,0.0993,0.002));
#4564=CARTESIAN_POINT('',(-0.0578,0.0993,0.004));
#4565=CARTESIAN_POINT('',(-0.0503,0.0993,0.004));
#4566=CARTESIAN_POINT('',(-0.0578,0.0993,0.004));
#4567=CARTESIAN_POINT('',(-0.0578,0.0993,0.004));
#4568=CARTESIAN_POINT('',(-0.0538,0.0993,0.004));
#4569=CARTESIAN_POINT('',(-0.0578,0.0993,0.));
#4570=CARTESIAN_POINT('',(-0.0570365369015578,0.10011279726987,0.));
#4571=CARTESIAN_POINT('',(-0.0566918550979293,0.099325953226248,0.));
#4572=CARTESIAN_POINT('',(-0.0569977442594192,0.0985448696322653,0.));
#4573=CARTESIAN_POINT('',(-0.0577525893486698,0.0981927807052346,0.));
#4574=CARTESIAN_POINT('',(-0.0585490397790025,0.0984831845138091,0.));
#4575=CARTESIAN_POINT('',(-0.0589072601914568,0.0992519393848346,0.));
#4576=CARTESIAN_POINT('',(-0.0586168811044984,0.100049063058939,0.));
#4577=CARTESIAN_POINT('',(-0.0578481565753744,0.100407003537971,0.));
#4578=CARTESIAN_POINT('',(-0.0570365369015578,0.10011279726987,0.));
#4579=CARTESIAN_POINT('',(-0.0566918550979293,0.099325953226248,0.));
#4580=CARTESIAN_POINT('',(-0.0569977442594192,0.0985448696322653,0.));
#4581=CARTESIAN_POINT('',(-0.0568,0.0993,0.));
#4582=CARTESIAN_POINT('',(-0.0649094874002425,0.102244859122401,0.002));
#4583=CARTESIAN_POINT('',(-0.0654952562998788,0.0993,0.002));
#4584=CARTESIAN_POINT('',(-0.0649094874002424,0.0963551408775988,0.002));
#4585=CARTESIAN_POINT('',(-0.0632413587062945,0.0938586098613687,0.002));
#4586=CARTESIAN_POINT('',(-0.0607448276900644,0.0921904811674209,0.002));
#4587=CARTESIAN_POINT('',(-0.0577999685676632,0.0916047122677845,0.002));
#4588=CARTESIAN_POINT('',(-0.054855109445262,0.0921904811674209,0.002));
#4589=CARTESIAN_POINT('',(-0.0523585784290319,0.0938586098613688,0.002));
#4590=CARTESIAN_POINT('',(-0.050690449735084,0.0963551408775989,0.002));
#4591=CARTESIAN_POINT('',(-0.0501046808354476,0.0993000000000001,0.002));
#4592=CARTESIAN_POINT('',(-0.0506904497350841,0.102244859122401,0.002));
#4593=CARTESIAN_POINT('',(-0.052358578429032,0.104741390138631,0.00200000000000001));
#4594=CARTESIAN_POINT('',(-0.054855109445262,0.106409518832579,0.00200000000000001));
#4595=CARTESIAN_POINT('',(-0.0577999685676633,0.106995287732216,0.00200000000000001));
#4596=CARTESIAN_POINT('',(-0.0607448276900645,0.106409518832579,0.00200000000000001));
#4597=CARTESIAN_POINT('',(-0.0632413587062945,0.104741390138631,0.002));
#4598=CARTESIAN_POINT('',(-0.0649094874002425,0.102244859122401,0.002));
#4599=CARTESIAN_POINT('',(-0.0654952562998788,0.0993,0.002));
#4600=CARTESIAN_POINT('',(-0.0649094874002424,0.0963551408775988,0.002));
#4601=CARTESIAN_POINT('',(-0.0649109061349184,0.102245446781545,0.00176471985636132));
#4602=CARTESIAN_POINT('',(-0.0654967919272263,0.0992999999999999,0.00176471985636131));
#4603=CARTESIAN_POINT('',(-0.0649109061349183,0.0963545532184545,0.00176471985636131));
#4604=CARTESIAN_POINT('',(-0.0632424445588052,0.0938575240088578,0.00176471985636131));
#4605=CARTESIAN_POINT('',(-0.0607454153492086,0.0921890624327449,0.00176471985636131));
#4606=CARTESIAN_POINT('',(-0.0577999685676631,0.0916031766404369,0.00176471985636131));
#4607=CARTESIAN_POINT('',(-0.0548545217861177,0.0921890624327449,0.00176471985636131));
#4608=CARTESIAN_POINT('',(-0.052357492576521,0.0938575240088579,0.00176471985636131));
#4609=CARTESIAN_POINT('',(-0.050689031000408,0.0963545532184547,0.00176471985636132));
#4610=CARTESIAN_POINT('',(-0.0501031452081,0.0993000000000001,0.00176471985636132));
#4611=CARTESIAN_POINT('',(-0.0506890310004081,0.102245446781546,0.00176471985636132));
#4612=CARTESIAN_POINT('',(-0.0523574925765211,0.104742475991142,0.00176471985636132));
#4613=CARTESIAN_POINT('',(-0.0548545217861179,0.106410937567255,0.00176471985636132));
#4614=CARTESIAN_POINT('',(-0.0577999685676633,0.106996823359563,0.00176471985636132));
#4615=CARTESIAN_POINT('',(-0.0607454153492087,0.106410937567255,0.00176471985636132));
#4616=CARTESIAN_POINT('',(-0.0632424445588054,0.104742475991142,0.00176471985636132));
#4617=CARTESIAN_POINT('',(-0.0649109061349184,0.102245446781545,0.00176471985636132));
#4618=CARTESIAN_POINT('',(-0.0654967919272263,0.0992999999999999,0.00176471985636131));
#4619=CARTESIAN_POINT('',(-0.0649109061349183,0.0963545532184545,0.00176471985636131));
#4620=CARTESIAN_POINT('',(-0.0647102430091816,0.102162329393397,0.00138264434880082));
#4621=CARTESIAN_POINT('',(-0.0652795957250424,0.0993,0.00138264434880082));
#4622=CARTESIAN_POINT('',(-0.0647102430091815,0.0964376706066029,0.00138264434880082));
#4623=CARTESIAN_POINT('',(-0.0630888636513931,0.09401110491627,0.00138264434880081));
#4624=CARTESIAN_POINT('',(-0.0606622979610602,0.0923897255584818,0.00138264434880081));
#4625=CARTESIAN_POINT('',(-0.0577999685676631,0.0918203728426208,0.00138264434880081));
#4626=CARTESIAN_POINT('',(-0.0549376391742661,0.0923897255584818,0.00138264434880082));
#4627=CARTESIAN_POINT('',(-0.0525110734839332,0.0940111049162702,0.00138264434880082));
#4628=CARTESIAN_POINT('',(-0.0508896941261449,0.096437670606603,0.00138264434880082));
#4629=CARTESIAN_POINT('',(-0.0503203414102839,0.0993000000000002,0.00138264434880082));
#4630=CARTESIAN_POINT('',(-0.050889694126145,0.102162329393397,0.00138264434880082));
#4631=CARTESIAN_POINT('',(-0.0525110734839334,0.10458889508373,0.00138264434880082));
#4632=CARTESIAN_POINT('',(-0.0549376391742663,0.106210274441518,0.00138264434880082));
#4633=CARTESIAN_POINT('',(-0.0577999685676633,0.106779627157379,0.00138264434880082));
#4634=CARTESIAN_POINT('',(-0.0606622979610604,0.106210274441518,0.00138264434880082));
#4635=CARTESIAN_POINT('',(-0.0630888636513931,0.10458889508373,0.00138264434880082));
#4636=CARTESIAN_POINT('',(-0.0647102430091816,0.102162329393397,0.00138264434880082));
#4637=CARTESIAN_POINT('',(-0.0652795957250424,0.0993,0.00138264434880082));
#4638=CARTESIAN_POINT('',(-0.0647102430091815,0.0964376706066029,0.00138264434880082));
#4639=CARTESIAN_POINT('',(-0.0638803672983908,0.101818583618904,0.000858683026421154));
#4640=CARTESIAN_POINT('',(-0.0643813447284705,0.0992999999999999,0.000858683026421152));
#4641=CARTESIAN_POINT('',(-0.0638803672983906,0.0967814163810965,0.000858683026421151));
#4642=CARTESIAN_POINT('',(-0.0624537042805094,0.0946462642871537,0.00085868302642115));
#4643=CARTESIAN_POINT('',(-0.0603185521865666,0.0932196012692725,0.00085868302642115));
#4644=CARTESIAN_POINT('',(-0.0577999685676631,0.0927186238391929,0.00085868302642115));
#4645=CARTESIAN_POINT('',(-0.0552813849487597,0.0932196012692726,0.000858683026421151));
#4646=CARTESIAN_POINT('',(-0.0531462328548169,0.0946462642871539,0.000858683026421153));
#4647=CARTESIAN_POINT('',(-0.0517195698369357,0.0967814163810966,0.000858683026421154));
#4648=CARTESIAN_POINT('',(-0.051218592406856,0.0993000000000002,0.000858683026421155));
#4649=CARTESIAN_POINT('',(-0.0517195698369358,0.101818583618904,0.000858683026421156));
#4650=CARTESIAN_POINT('',(-0.053146232854817,0.103953735712846,0.000858683026421157));
#4651=CARTESIAN_POINT('',(-0.0552813849487598,0.105380398730728,0.000858683026421157));
#4652=CARTESIAN_POINT('',(-0.0577999685676633,0.105881376160807,0.000858683026421157));
#4653=CARTESIAN_POINT('',(-0.0603185521865668,0.105380398730728,0.000858683026421157));
#4654=CARTESIAN_POINT('',(-0.0624537042805096,0.103953735712846,0.000858683026421155));
#4655=CARTESIAN_POINT('',(-0.0638803672983908,0.101818583618904,0.000858683026421154));
#4656=CARTESIAN_POINT('',(-0.0643813447284705,0.0992999999999999,0.000858683026421152));
#4657=CARTESIAN_POINT('',(-0.0638803672983906,0.0967814163810965,0.000858683026421151));
#4658=CARTESIAN_POINT('',(-0.0628445406847149,0.101389530187252,0.00047167011614716));
#4659=CARTESIAN_POINT('',(-0.0632601740809723,0.0992999999999999,0.000471670116147159));
#4660=CARTESIAN_POINT('',(-0.0628445406847148,0.0972104698127481,0.000471670116147158));
#4661=CARTESIAN_POINT('',(-0.0616609169127962,0.0954390516548669,0.000471670116147157));
#4662=CARTESIAN_POINT('',(-0.0598894987549151,0.0942554278829485,0.000471670116147157));
#4663=CARTESIAN_POINT('',(-0.0577999685676631,0.0938397944866909,0.000471670116147157));
#4664=CARTESIAN_POINT('',(-0.0557104383804112,0.0942554278829485,0.000471670116147157));
#4665=CARTESIAN_POINT('',(-0.0539390202225301,0.095439051654867,0.000471670116147159));
#4666=CARTESIAN_POINT('',(-0.0527553964506116,0.0972104698127482,0.000471670116147159));
#4667=CARTESIAN_POINT('',(-0.052339763054354,0.0993000000000001,0.000471670116147161));
#4668=CARTESIAN_POINT('',(-0.0527553964506117,0.101389530187252,0.000471670116147161));
#4669=CARTESIAN_POINT('',(-0.0539390202225302,0.103160948345133,0.000471670116147162));
#4670=CARTESIAN_POINT('',(-0.0557104383804114,0.104344572117052,0.000471670116147162));
#4671=CARTESIAN_POINT('',(-0.0577999685676633,0.104760205513309,0.000471670116147162));
#4672=CARTESIAN_POINT('',(-0.0598894987549153,0.104344572117052,0.000471670116147161));
#4673=CARTESIAN_POINT('',(-0.0616609169127963,0.103160948345133,0.00047167011614716));
#4674=CARTESIAN_POINT('',(-0.0628445406847149,0.101389530187252,0.00047167011614716));
#4675=CARTESIAN_POINT('',(-0.0632601740809723,0.0992999999999999,0.000471670116147159));
#4676=CARTESIAN_POINT('',(-0.0628445406847148,0.0972104698127481,0.000471670116147158));
#4677=CARTESIAN_POINT('',(-0.0610531253550151,0.100647501661847,9.36809968095268E-5));
#4678=CARTESIAN_POINT('',(-0.0613211601006211,0.0993,9.36809968095259E-5));
#4679=CARTESIAN_POINT('',(-0.0610531253550151,0.0979524983381528,9.36809968095254E-5));
#4680=CARTESIAN_POINT('',(-0.0602898269784744,0.0968101415891889,9.36809968095248E-5));
#4681=CARTESIAN_POINT('',(-0.0591474702295104,0.0960468432126482,9.36809968095249E-5));
#4682=CARTESIAN_POINT('',(-0.0577999685676632,0.0957788084670422,9.36809968095249E-5));
#4683=CARTESIAN_POINT('',(-0.056452466905816,0.0960468432126483,9.36809968095252E-5));
#4684=CARTESIAN_POINT('',(-0.055310110156852,0.096810141589189,9.36809968095258E-5));
#4685=CARTESIAN_POINT('',(-0.0545468117803114,0.0979524983381529,9.36809968095266E-5));
#4686=CARTESIAN_POINT('',(-0.0542787770347053,0.0993000000000002,9.36809968095272E-5));
#4687=CARTESIAN_POINT('',(-0.0545468117803114,0.100647501661847,9.36809968095279E-5));
#4688=CARTESIAN_POINT('',(-0.0553101101568521,0.101789858410811,9.36809968095282E-5));
#4689=CARTESIAN_POINT('',(-0.0564524669058161,0.102553156787352,9.36809968095284E-5));
#4690=CARTESIAN_POINT('',(-0.0577999685676633,0.102821191532958,9.36809968095281E-5));
#4691=CARTESIAN_POINT('',(-0.0591474702295105,0.102553156787352,9.36809968095281E-5));
#4692=CARTESIAN_POINT('',(-0.0602898269784745,0.101789858410811,9.36809968095273E-5));
#4693=CARTESIAN_POINT('',(-0.0610531253550151,0.100647501661847,9.36809968095268E-5));
#4694=CARTESIAN_POINT('',(-0.0613211601006211,0.0993,9.36809968095259E-5));
#4695=CARTESIAN_POINT('',(-0.0610531253550151,0.0979524983381528,9.36809968095254E-5));
#4696=CARTESIAN_POINT('',(-0.0595927449515482,0.100042592292507,-9.18952796757479E-7));
#4697=CARTESIAN_POINT('',(-0.0597404557424486,0.0993,-9.1895279675783E-7));
#4698=CARTESIAN_POINT('',(-0.0595927449515481,0.0985574077074927,-9.18952796758161E-7));
#4699=CARTESIAN_POINT('',(-0.0591721002077594,0.0979278683599037,-9.18952796758345E-7));
#4700=CARTESIAN_POINT('',(-0.0585425608601705,0.0975072236161151,-9.18952796758488E-7));
#4701=CARTESIAN_POINT('',(-0.0577999685676631,0.0973595128252147,-9.18952796758406E-7));
#4702=CARTESIAN_POINT('',(-0.0570573762751559,0.0975072236161152,-9.18952796758176E-7));
#4703=CARTESIAN_POINT('',(-0.0564278369275669,0.0979278683599038,-9.18952796757877E-7));
#4704=CARTESIAN_POINT('',(-0.0560071921837783,0.0985574077074928,-9.18952796757547E-7));
#4705=CARTESIAN_POINT('',(-0.0558594813928778,0.0993,-9.18952796757175E-7));
#4706=CARTESIAN_POINT('',(-0.0560071921837784,0.100042592292507,-9.18952796756835E-7));
#4707=CARTESIAN_POINT('',(-0.056427836927567,0.100672131640096,-9.18952796756617E-7));
#4708=CARTESIAN_POINT('',(-0.057057376275156,0.101092776383885,-9.18952796756531E-7));
#4709=CARTESIAN_POINT('',(-0.0577999685676633,0.101240487174785,-9.18952796756551E-7));
#4710=CARTESIAN_POINT('',(-0.0585425608601706,0.101092776383885,-9.1895279675684E-7));
#4711=CARTESIAN_POINT('',(-0.0591721002077595,0.100672131640096,-9.18952796757101E-7));
#4712=CARTESIAN_POINT('',(-0.0595927449515482,0.100042592292507,-9.18952796757479E-7));
#4713=CARTESIAN_POINT('',(-0.0597404557424486,0.0993,-9.1895279675783E-7));
#4714=CARTESIAN_POINT('',(-0.0595927449515481,0.0985574077074927,-9.18952796758161E-7));
#4715=CARTESIAN_POINT('',(-0.0587479302349591,0.0996926585792038,1.94262604062292E-19));
#4716=CARTESIAN_POINT('',(-0.0588260348825204,0.0993,-4.56158478249172E-21));
#4717=CARTESIAN_POINT('',(-0.0587479302349591,0.0989073414207962,-1.76016264932325E-19));
#4718=CARTESIAN_POINT('',(-0.0585255070168458,0.0985744615508174,-2.93999015574939E-19));
#4719=CARTESIAN_POINT('',(-0.0581926271468669,0.0983520383327041,-3.40548032441295E-19));
#4720=CARTESIAN_POINT('',(-0.0577999685676632,0.0982739336851428,-3.08576649681377E-19));
#4721=CARTESIAN_POINT('',(-0.0574073099884594,0.0983520383327042,-2.02952220499077E-19));
#4722=CARTESIAN_POINT('',(-0.0570744301184805,0.0985744615508175,-3.97551067495665E-20));
#4723=CARTESIAN_POINT('',(-0.0568520069003673,0.0989073414207964,1.56169410384313E-19));
#4724=CARTESIAN_POINT('',(-0.056773902252806,0.0993000000000001,3.54993599229099E-19));
#4725=CARTESIAN_POINT('',(-0.0568520069003674,0.0996926585792039,5.26448279378932E-19));
#4726=CARTESIAN_POINT('',(-0.0570744301184806,0.100025538449183,6.44431030021546E-19));
#4727=CARTESIAN_POINT('',(-0.0574073099884595,0.100247961667296,6.90980046887901E-19));
#4728=CARTESIAN_POINT('',(-0.0577999685676633,0.100326066314857,6.59008664127984E-19));
#4729=CARTESIAN_POINT('',(-0.058192627146867,0.100247961667296,5.53384234945685E-19));
#4730=CARTESIAN_POINT('',(-0.0585255070168459,0.100025538449183,3.90187121196173E-19));
#4731=CARTESIAN_POINT('',(-0.0587479302349591,0.0996926585792038,1.94262604062292E-19));
#4732=CARTESIAN_POINT('',(-0.0588260348825204,0.0993,-4.56158478249172E-21));
#4733=CARTESIAN_POINT('',(-0.0587479302349591,0.0989073414207962,-1.76016264932325E-19));
#4734=CARTESIAN_POINT('',(-0.0578,0.0993,0.024));
#4735=CARTESIAN_POINT('',(-0.053801876190612,0.0991775010008008,0.01595));
#4736=CARTESIAN_POINT('',(-0.053801876190612,0.0991775010008008,0.0159516977984883));
#4737=CARTESIAN_POINT('',(-0.053801876190612,0.0991775010008008,0.0168));
#4738=CARTESIAN_POINT('',(-0.0578,0.0993,0.01645));
#4739=CARTESIAN_POINT('',(-0.0538974377655707,0.100177501000801,0.01645));
#4740=CARTESIAN_POINT('',(-0.0538974377655707,0.100177501000801,0.0168));
#4741=CARTESIAN_POINT('',(-0.0578,0.0993,0.024));
#4742=CARTESIAN_POINT('',(-0.0563,0.0955919007564522,0.024));
#4743=CARTESIAN_POINT('',(-0.0563,0.0955919007564522,0.014));
#4744=CARTESIAN_POINT('',(-0.0563,0.0955919007564522,0.014));
#4745=CARTESIAN_POINT('',(-0.0578,0.0993,0.014));
#4746=CARTESIAN_POINT('',(-0.0603,0.102422498999199,0.014));
#4747=CARTESIAN_POINT('',(-0.0603,0.102422498999199,0.014));
#4748=CARTESIAN_POINT('',(-0.0603,0.102422498999199,0.017));
#4749=CARTESIAN_POINT('',(-0.0578,0.0993,0.017));
#4750=CARTESIAN_POINT('',(-0.0617891900518777,0.0990061246352614,0.017));
#4751=CARTESIAN_POINT('',(-0.0617891900518777,0.0990061246352614,0.0168));
#4752=CARTESIAN_POINT('',(-0.0617891900518777,0.0990061246352614,0.0168));
#4753=CARTESIAN_POINT('',(-0.0578,0.0993,0.0168));
#4754=CARTESIAN_POINT('',(-0.0617678505331705,0.0998061246352614,0.0168));
#4755=CARTESIAN_POINT('',(-0.0617678505331705,0.0998061246352614,0.01595));
#4756=CARTESIAN_POINT('',(-0.0617678505331705,0.0998061246352614,0.0159539210478061));
#4757=CARTESIAN_POINT('',(-0.0578,0.0993,0.01645));
#4758=CARTESIAN_POINT('',(-0.0617693937980634,0.0988061246352614,0.01645));
#4759=CARTESIAN_POINT('',(-0.0617693937980634,0.0988061246352614,0.0168));
#4760=CARTESIAN_POINT('',(-0.0593,0.103008099243548,0.014));
#4761=CARTESIAN_POINT('',(-0.0593,0.103008099243548,0.014));
#4762=CARTESIAN_POINT('',(-0.0578,0.0993,0.014));
#4763=CARTESIAN_POINT('',(-0.0553,0.0961775010008008,0.014));
#4764=CARTESIAN_POINT('',(-0.0553,0.0961775010008008,0.014));
#4765=CARTESIAN_POINT('',(-0.0553,0.0961775010008008,0.017));
#4766=CARTESIAN_POINT('',(-0.0578,0.0993,0.017));
#4767=CARTESIAN_POINT('',(-0.0538577934612816,0.0999775010008008,0.017));
#4768=CARTESIAN_POINT('',(-0.0538577934612816,0.0999775010008008,0.0168));
#4769=CARTESIAN_POINT('',(-0.0538577934612816,0.0999775010008008,0.0168));
#4770=CARTESIAN_POINT('',(-0.0578,0.0993,0.0168));
#4771=CARTESIAN_POINT('',(-0.0578,0.0993,0.024));
#4772=CARTESIAN_POINT('',(-0.0564875,0.0960554131618956,0.024));
#4773=CARTESIAN_POINT('',(-0.0578,0.0993,0.004));
#4774=CARTESIAN_POINT('',(-0.0564875,0.0960554131618956,0.014));
#4775=CARTESIAN_POINT('',(-0.0564875,0.0960554131618956,0.014));
#4776=CARTESIAN_POINT('',(-0.0578,0.0993,0.014));
#4777=CARTESIAN_POINT('',(-0.0599875,0.102032186624299,0.014));
#4778=CARTESIAN_POINT('',(-0.0591125,0.102544586838104,0.014));
#4779=CARTESIAN_POINT('',(-0.0591125,0.102544586838104,0.014));
#4780=CARTESIAN_POINT('',(-0.0578,0.0993,0.014));
#4781=CARTESIAN_POINT('',(-0.0556125,0.0965678133757007,0.014));
#4782=CARTESIAN_POINT('',(-0.0599875,0.102032186624299,0.014));
#4783=CARTESIAN_POINT('',(-0.0599875,0.102032186624299,0.017));
#4784=CARTESIAN_POINT('',(-0.0578,0.0993,0.017));
#4785=CARTESIAN_POINT('',(-0.061290541295393,0.0990428590558537,0.017));
#4786=CARTESIAN_POINT('',(-0.0556125,0.0965678133757007,0.014));
#4787=CARTESIAN_POINT('',(-0.0556125,0.0965678133757007,0.017));
#4788=CARTESIAN_POINT('',(-0.0578,0.0993,0.017));
#4789=CARTESIAN_POINT('',(-0.0543505692786214,0.0998928133757007,0.017));
#4790=CARTESIAN_POINT('',(-0.0612732195733055,0.0988678590558537,0.0168));
#4791=CARTESIAN_POINT('',(-0.0607770453485476,0.098929593476446,0.01645));
#4792=CARTESIAN_POINT('',(-0.061290541295393,0.0990428590558537,0.0168));
#4793=CARTESIAN_POINT('',(-0.061290541295393,0.0990428590558537,0.0168));
#4794=CARTESIAN_POINT('',(-0.0578,0.0993,0.0168));
#4795=CARTESIAN_POINT('',(-0.0612718692165242,0.0997428590558537,0.0168));
#4796=CARTESIAN_POINT('',(-0.0612718692165242,0.0997428590558537,0.01595));
#4797=CARTESIAN_POINT('',(-0.0581028985144616,0.099338636636857,0.0164121302323717));
#4798=CARTESIAN_POINT('',(-0.0543852580448744,0.100067813375701,0.0168));
#4799=CARTESIAN_POINT('',(-0.054873078324178,0.0999581257506006,0.01645));
#4800=CARTESIAN_POINT('',(-0.0543505692786214,0.0998928133757007,0.0168));
#4801=CARTESIAN_POINT('',(-0.0543505692786214,0.0998928133757007,0.0168));
#4802=CARTESIAN_POINT('',(-0.0578,0.0993,0.0168));
#4803=CARTESIAN_POINT('',(-0.0543016416667855,0.0991928133757007,0.0168));
#4804=CARTESIAN_POINT('',(-0.0543016416667855,0.0991928133757007,0.01595));
#4805=CARTESIAN_POINT('',(-0.0542937961230499,0.0991925729951368,0.0160130077521034));
#4806=CARTESIAN_POINT('',(-0.0575806247497998,0.0983243594413927,0.01595));
#4807=CARTESIAN_POINT('',(-0.0579234688411847,0.100292348449516,0.01595));
#4808=CARTESIAN_POINT('',(0.,0.,0.));
#4809=CARTESIAN_POINT('',(-0.0729,-0.0147,0.25));
#4810=CARTESIAN_POINT('',(-0.0729,-0.09970832,0.02));
#4811=CARTESIAN_POINT('',(-0.0729,-0.10595832,0.02));
#4812=CARTESIAN_POINT('',(-0.0729,-0.08095832,0.02));
#4813=CARTESIAN_POINT('',(-0.0729,-0.10595832,0.02));
#4814=CARTESIAN_POINT('',(-0.0729,-0.10595832,0.01));
#4815=CARTESIAN_POINT('',(-0.0729,-0.09970832,0.01));
#4816=CARTESIAN_POINT('',(-0.0729,-0.08095832,0.01));
#4817=CARTESIAN_POINT('',(-0.0729,-0.08095832,0.02));
#4818=CARTESIAN_POINT('',(-0.0729,-0.0297,0.03));
#4819=CARTESIAN_POINT('',(-0.0729,-0.1147,0.03));
#4820=CARTESIAN_POINT('',(-0.0729,0.0853,0.03));
#4821=CARTESIAN_POINT('',(-0.0729,0.0853,0.25));
#4822=CARTESIAN_POINT('',(-0.0729,0.0853,2.08166817117217E-17));
#4823=CARTESIAN_POINT('',(-0.0729,-0.0147,2.08166817117217E-17));
#4824=CARTESIAN_POINT('',(-0.0729,-0.1147,2.08166817117217E-17));
#4825=CARTESIAN_POINT('',(-0.0729,-0.1147,0.015));
#4826=CARTESIAN_POINT('',(-0.0729,0.0703,0.0095));
#4827=CARTESIAN_POINT('',(-0.0729,0.0758,0.0095));
#4828=CARTESIAN_POINT('',(-0.0729,0.0648,0.0095));
#4829=CARTESIAN_POINT('',(-0.0729,0.0758,0.015));
#4830=CARTESIAN_POINT('',(-0.0729,0.0758,0.0205));
#4831=CARTESIAN_POINT('',(-0.0729,0.0703,0.0205));
#4832=CARTESIAN_POINT('',(-0.0729,0.0648,0.0205));
#4833=CARTESIAN_POINT('',(-0.0729,0.0648,0.015));
#4834=CARTESIAN_POINT('',(-0.0729,-0.0297,0.03));
#4835=CARTESIAN_POINT('',(-0.0604,0.0753,0.03));
#4836=CARTESIAN_POINT('',(-0.0604,0.08155,0.03));
#4837=CARTESIAN_POINT('',(-0.0604,0.06905,0.03));
#4838=CARTESIAN_POINT('',(-0.0579,0.08155,0.03));
#4839=CARTESIAN_POINT('',(-0.0554,0.08155,0.03));
#4840=CARTESIAN_POINT('',(-0.0554,0.0753,0.03));
#4841=CARTESIAN_POINT('',(-0.0554,0.06905,0.03));
#4842=CARTESIAN_POINT('',(-0.0579,0.06905,0.03));
#4843=CARTESIAN_POINT('',(-0.0429,-0.0297,0.03));
#4844=CARTESIAN_POINT('',(-0.0429,-0.1147,0.03));
#4845=CARTESIAN_POINT('',(-0.0429,0.0853,0.03));
#4846=CARTESIAN_POINT('',(-0.0729,0.0853,0.03));
#4847=CARTESIAN_POINT('',(-0.0729,-0.1147,0.03));
#4848=CARTESIAN_POINT('',(-0.0629,-0.1147,0.03));
#4849=CARTESIAN_POINT('',(-0.0629,-0.0297,0.03));
#4850=CARTESIAN_POINT('',(-0.0629,0.0653,0.03));
#4851=CARTESIAN_POINT('',(-0.2579,0.0653,0.03));
#4852=CARTESIAN_POINT('',(-0.0529,0.0653,0.03));
#4853=CARTESIAN_POINT('',(-0.0529,-0.0297,0.03));
#4854=CARTESIAN_POINT('',(-0.0529,-0.1147,0.03));
#4855=CARTESIAN_POINT('',(-0.0729,-0.1147,0.03));
#4856=CARTESIAN_POINT('',(-0.0729,0.0853,0.25));
#4857=CARTESIAN_POINT('',(-0.0429,0.0853,0.25));
#4858=CARTESIAN_POINT('',(-0.0429,0.0853,2.08166817117217E-17));
#4859=CARTESIAN_POINT('',(-0.0729,0.0853,2.08166817117217E-17));
#4860=CARTESIAN_POINT('',(-0.0529,0.0653,0.02));
#4861=CARTESIAN_POINT('',(-0.0529,0.0653,0.02));
#4862=CARTESIAN_POINT('',(-0.0529,0.0653,0.01));
#4863=CARTESIAN_POINT('',(-0.0529,0.0653,0.01));
#4864=CARTESIAN_POINT('',(-0.0529,-0.1147,0.01));
#4865=CARTESIAN_POINT('',(-0.0529,-0.1147,0.02));
#4866=CARTESIAN_POINT('',(-0.0629,0.0653,0.02));
#4867=CARTESIAN_POINT('',(-0.0629,0.0653,0.02));
#4868=CARTESIAN_POINT('',(-0.0629,0.0653,0.01));
#4869=CARTESIAN_POINT('',(-0.0629,-0.1147,0.02));
#4870=CARTESIAN_POINT('',(-0.0629,-0.1147,0.01));
#4871=CARTESIAN_POINT('',(-0.0629,0.0653,0.01));
#4872=CARTESIAN_POINT('',(-0.2579,0.0653,0.2525));
#4873=CARTESIAN_POINT('',(-0.0579,0.0653,0.01));
#4874=CARTESIAN_POINT('',(-0.0729,-0.0147,2.08166817117217E-17));
#4875=CARTESIAN_POINT('',(-0.0429,-0.0147,2.08166817117217E-17));
#4876=CARTESIAN_POINT('',(-0.0429,-0.1147,2.08166817117217E-17));
#4877=CARTESIAN_POINT('',(-0.0729,-0.1147,2.08166817117217E-17));
#4878=CARTESIAN_POINT('',(-0.0729,-0.1147,0.015));
#4879=CARTESIAN_POINT('',(-0.0579,-0.1147,0.01));
#4880=CARTESIAN_POINT('',(-0.0429,-0.1147,0.015));
#4881=CARTESIAN_POINT('',(-0.0429,-0.0147,0.25));
#4882=CARTESIAN_POINT('',(-0.0579,0.0653,0.01));
#4883=CARTESIAN_POINT('',(-0.07915,-0.10595832,0.02));
#4884=CARTESIAN_POINT('',(-0.07915,-0.10595832,0.01));
#4885=CARTESIAN_POINT('',(-0.0854,-0.10595832,0.01));
#4886=CARTESIAN_POINT('',(-0.07915,-0.10595832,0.02));
#4887=CARTESIAN_POINT('',(-0.0854,-0.10595832,0.02));
#4888=CARTESIAN_POINT('',(-0.0854,-0.10595832,0.02));
#4889=CARTESIAN_POINT('',(-0.07915,-0.08095832,0.02));
#4890=CARTESIAN_POINT('',(-0.07915,-0.08095832,0.01));
#4891=CARTESIAN_POINT('',(-0.0854,-0.08095832,0.01));
#4892=CARTESIAN_POINT('',(-0.0854,-0.08095832,0.02));
#4893=CARTESIAN_POINT('',(-0.0854,-0.08095832,0.02));
#4894=CARTESIAN_POINT('',(-0.07915,-0.08095832,0.02));
#4895=CARTESIAN_POINT('',(-0.0854,-0.09345832,0.02));
#4896=CARTESIAN_POINT('',(-0.0854,-0.09345832,0.01));
#4897=CARTESIAN_POINT('',(-0.0854,-0.09345832,0.02));
#4898=CARTESIAN_POINT('',(-0.0854,-0.09345832,0.02));
#4899=CARTESIAN_POINT('',(-0.0854,-0.09345832,0.02));
#4900=CARTESIAN_POINT('',(-0.0804,-0.09345832,0.02));
#4901=CARTESIAN_POINT('',(-0.0854,-0.09345832,0.01));
#4902=CARTESIAN_POINT('',(-0.0854,-0.09345832,0.01));
#4903=CARTESIAN_POINT('',(-0.0804,-0.09345832,0.01));
#4904=CARTESIAN_POINT('',(-0.0854,-0.09345832,2.08166817117217E-17));
#4905=CARTESIAN_POINT('',(-0.0679,0.0758,0.015));
#4906=CARTESIAN_POINT('',(-0.0679,0.0758,0.0095));
#4907=CARTESIAN_POINT('',(-0.0679,0.0758,0.0095));
#4908=CARTESIAN_POINT('',(-0.0679,0.0758,0.015));
#4909=CARTESIAN_POINT('',(-0.0679,0.0758,0.0205));
#4910=CARTESIAN_POINT('',(-0.0679,0.0758,0.0205));
#4911=CARTESIAN_POINT('',(-0.0679,0.0703,0.0095));
#4912=CARTESIAN_POINT('',(-0.0679,0.0648,0.0095));
#4913=CARTESIAN_POINT('',(-0.0679,0.0648,0.0095));
#4914=CARTESIAN_POINT('',(-0.0679,0.0703,0.0095));
#4915=CARTESIAN_POINT('',(-0.0679,0.0648,0.015));
#4916=CARTESIAN_POINT('',(-0.0679,0.0648,0.0205));
#4917=CARTESIAN_POINT('',(-0.0679,0.0648,0.0205));
#4918=CARTESIAN_POINT('',(-0.0679,0.0648,0.015));
#4919=CARTESIAN_POINT('',(-0.0679,0.0703,0.0205));
#4920=CARTESIAN_POINT('',(-0.0679,0.0703,0.0205));
#4921=CARTESIAN_POINT('',(-0.0679,0.0703,0.05));
#4922=CARTESIAN_POINT('',(-0.0579,0.08155,0.045));
#4923=CARTESIAN_POINT('',(-0.0604,0.08155,0.045));
#4924=CARTESIAN_POINT('',(-0.0604,0.08155,0.045));
#4925=CARTESIAN_POINT('',(-0.0579,0.08155,0.045));
#4926=CARTESIAN_POINT('',(-0.0554,0.08155,0.045));
#4927=CARTESIAN_POINT('',(-0.0554,0.08155,0.045));
#4928=CARTESIAN_POINT('',(-0.0604,0.0753,0.045));
#4929=CARTESIAN_POINT('',(-0.0604,0.06905,0.045));
#4930=CARTESIAN_POINT('',(-0.0604,0.06905,0.045));
#4931=CARTESIAN_POINT('',(-0.0604,0.0753,0.045));
#4932=CARTESIAN_POINT('',(-0.0579,0.06905,0.045));
#4933=CARTESIAN_POINT('',(-0.0554,0.06905,0.045));
#4934=CARTESIAN_POINT('',(-0.0554,0.06905,0.045));
#4935=CARTESIAN_POINT('',(-0.0579,0.06905,0.045));
#4936=CARTESIAN_POINT('',(-0.0554,0.0753,0.045));
#4937=CARTESIAN_POINT('',(-0.0554,0.0753,0.045));
#4938=CARTESIAN_POINT('',(-0.0579,-0.0147,0.045));
#4939=CARTESIAN_POINT('',(0.,0.,0.));
#4940=CARTESIAN_POINT('',(0.031,-0.0741,0.42));
#4941=CARTESIAN_POINT('',(0.031,-0.0741,0.42));
#4942=CARTESIAN_POINT('',(0.031,-0.0741,-5.55111512312578E-17));
#4943=CARTESIAN_POINT('',(0.031,-0.0741,0.02));
#4944=CARTESIAN_POINT('',(0.031,-0.0741,-5.55111512312578E-17));
#4945=CARTESIAN_POINT('',(0.031,0.0959,0.));
#4946=CARTESIAN_POINT('',(0.031,0.0959,0.42));
#4947=CARTESIAN_POINT('',(0.031,0.0959,0.02));
#4948=CARTESIAN_POINT('',(0.031,0.1459,0.02));
#4949=CARTESIAN_POINT('',(-0.069,-0.0741,-5.55111512312578E-17));
#4950=CARTESIAN_POINT('',(-0.069,-0.0741,-5.55111512312578E-17));
#4951=CARTESIAN_POINT('',(0.00100000000000004,-0.0741,-5.55111512312578E-17));
#4952=CARTESIAN_POINT('',(0.00100000000000002,-0.3091,-5.55111512312578E-17));
#4953=CARTESIAN_POINT('',(0.00100000000000005,0.0959,0.));
#4954=CARTESIAN_POINT('',(-0.069,0.0959,-5.55111512312578E-17));
#4955=CARTESIAN_POINT('',(0.00100000000000002,-0.3091,-5.55111512312578E-17));
#4956=CARTESIAN_POINT('',(0.00100000000000005,0.1159,-5.55111512312578E-17));
#4957=CARTESIAN_POINT('',(0.00100000000000005,0.1159,0.005));
#4958=CARTESIAN_POINT('',(0.00100000000000005,0.1159,0.0045));
#4959=CARTESIAN_POINT('',(0.00100000000000004,-0.09885,-0.21025));
#4960=CARTESIAN_POINT('',(0.00100000000000005,0.1139,0.0025));
#4961=CARTESIAN_POINT('',(0.00100000000000005,0.0959,0.0025));
#4962=CARTESIAN_POINT('',(0.00100000000000005,0.0979,0.0025));
#4963=CARTESIAN_POINT('',(0.00100000000000005,0.0959,0.0005));
#4964=CARTESIAN_POINT('',(0.00100000000000005,0.0959,0.0005));
#4965=CARTESIAN_POINT('',(0.00100000000000005,0.0959,-5.55111512312578E-17));
#4966=CARTESIAN_POINT('',(0.00100000000000004,-0.0741,-5.55111512312578E-17));
#4967=CARTESIAN_POINT('',(0.00100000000000004,-0.0741,0.005));
#4968=CARTESIAN_POINT('',(0.00100000000000005,0.1459,0.005));
#4969=CARTESIAN_POINT('',(0.0285,0.1459,0.02));
#4970=CARTESIAN_POINT('',(0.0285,0.0959,0.02));
#4971=CARTESIAN_POINT('',(0.0285,0.0979,0.02));
#4972=CARTESIAN_POINT('',(0.0285,0.1139,0.02));
#4973=CARTESIAN_POINT('',(0.0125,0.1299,0.02));
#4974=CARTESIAN_POINT('',(0.0265,0.1159,0.02));
#4975=CARTESIAN_POINT('',(0.0285,0.1159,0.02));
#4976=CARTESIAN_POINT('',(0.026,0.1159,0.02));
#4977=CARTESIAN_POINT('',(0.026,0.1459,0.02));
#4978=CARTESIAN_POINT('',(0.026,-0.0741,0.02));
#4979=CARTESIAN_POINT('',(0.0285,-0.0741,0.02));
#4980=CARTESIAN_POINT('',(0.0285,0.0959,0.02));
#4981=CARTESIAN_POINT('',(0.0305,0.0959,0.02));
#4982=CARTESIAN_POINT('',(0.0305,0.0959,0.02));
#4983=CARTESIAN_POINT('',(0.0135,0.1459,0.005));
#4984=CARTESIAN_POINT('',(0.0135,-0.0741,0.005));
#4985=CARTESIAN_POINT('',(0.026,-0.0741,0.005));
#4986=CARTESIAN_POINT('',(0.026,0.1459,0.005));
#4987=CARTESIAN_POINT('',(0.026,0.1159,0.005));
#4988=CARTESIAN_POINT('',(0.0135,0.1159,0.005));
#4989=CARTESIAN_POINT('',(0.026,0.1459,0.0125));
#4990=CARTESIAN_POINT('',(0.026,-0.0741,0.0125));
#4991=CARTESIAN_POINT('',(0.026,0.1159,0.0125));
#4992=CARTESIAN_POINT('',(0.075,0.1159,0.181371515344351));
#4993=CARTESIAN_POINT('',(0.0265,0.1159,0.0025));
#4994=CARTESIAN_POINT('',(0.0265,0.1159,0.0045));
#4995=CARTESIAN_POINT('',(0.00100000000000005,0.1159,0.0045));
#4996=CARTESIAN_POINT('',(0.01475,0.0959,0.0025));
#4997=CARTESIAN_POINT('',(0.0285,0.0959,0.0025));
#4998=CARTESIAN_POINT('',(0.0285,0.0979,0.0025));
#4999=CARTESIAN_POINT('',(0.0285,0.1139,0.0025));
#5000=CARTESIAN_POINT('',(0.01475,0.0979,0.0025));
#5001=CARTESIAN_POINT('',(0.0285,0.1139,0.0025));
#5002=CARTESIAN_POINT('',(0.0285,0.0959,0.01125));
#5003=CARTESIAN_POINT('',(0.0285,0.0979,0.01125));
#5004=CARTESIAN_POINT('',(0.0285,0.1139,0.02));
#5005=CARTESIAN_POINT('',(0.016,0.0959,0.01));
#5006=CARTESIAN_POINT('',(0.016,0.0959,0.0005));
#5007=CARTESIAN_POINT('',(0.0305,0.0959,0.0005));
#5008=CARTESIAN_POINT('',(0.0305,0.0959,0.01));
#5009=CARTESIAN_POINT('',(-0.069,-0.0741,0.45));
#5010=CARTESIAN_POINT('',(0.004,-0.0741,0.00249999999999994));
#5011=CARTESIAN_POINT('',(0.004,-0.0741,0.00149999999999994));
#5012=CARTESIAN_POINT('',(0.0285,-0.0741,0.017));
#5013=CARTESIAN_POINT('',(0.0285,-0.0741,0.016));
#5014=CARTESIAN_POINT('',(0.0285,-0.0741,0.00249999999999989));
#5015=CARTESIAN_POINT('',(0.0285,-0.0741,0.00149999999999989));
#5016=CARTESIAN_POINT('',(0.0285,-0.0791,0.00249999999999989));
#5017=CARTESIAN_POINT('',(0.0285,-0.0791,0.00249999999999989));
#5018=CARTESIAN_POINT('',(0.0285,-0.0791,0.00149999999999989));
#5019=CARTESIAN_POINT('',(0.016,-0.0791,0.01));
#5020=CARTESIAN_POINT('',(0.0285,-0.0791,0.017));
#5021=CARTESIAN_POINT('',(0.0285,-0.0791,0.017));
#5022=CARTESIAN_POINT('',(0.0285,-0.0791,0.016));
#5023=CARTESIAN_POINT('',(0.016,-0.0791,0.01));
#5024=CARTESIAN_POINT('',(0.004,-0.0791,0.00249999999999994));
#5025=CARTESIAN_POINT('',(0.004,-0.0791,0.00249999999999994));
#5026=CARTESIAN_POINT('',(0.004,-0.0791,0.00149999999999994));
#5027=CARTESIAN_POINT('',(0.016,-0.0791,0.01));
#5028=CARTESIAN_POINT('',(0.016,0.0959,0.0005));
#5029=CARTESIAN_POINT('',(0.0256666666666667,0.100733333333333,0.0053333333333333));
#5030=CARTESIAN_POINT('',(0.0305,0.0959,0.01));
#5031=CARTESIAN_POINT('',(0.01475,0.1139,0.0025));
#5032=CARTESIAN_POINT('',(0.0239166666666667,0.118483333333333,0.00708333333333333));
#5033=CARTESIAN_POINT('',(0.0285,0.1139,0.01125));
#5034=CARTESIAN_POINT('',(0.,0.,0.));
#5035=CARTESIAN_POINT('',(-0.0203,0.0982,0.004));
#5036=CARTESIAN_POINT('',(-0.0144229128133158,0.0923229128133158,0.002));
#5037=CARTESIAN_POINT('',(-0.0119885435933421,0.0982,0.002));
#5038=CARTESIAN_POINT('',(-0.0144229128133158,0.104077087186684,0.002));
#5039=CARTESIAN_POINT('',(-0.0203,0.106511456406658,0.002));
#5040=CARTESIAN_POINT('',(-0.0261770871866842,0.104077087186684,0.002));
#5041=CARTESIAN_POINT('',(-0.0286114564066579,0.0982,0.002));
#5042=CARTESIAN_POINT('',(-0.0261770871866842,0.0923229128133158,0.002));
#5043=CARTESIAN_POINT('',(-0.0203,0.0898885435933421,0.002));
#5044=CARTESIAN_POINT('',(-0.0144229128133158,0.0923229128133158,0.002));
#5045=CARTESIAN_POINT('',(-0.0119885435933421,0.0982,0.002));
#5046=CARTESIAN_POINT('',(-0.0144229128133158,0.104077087186684,0.002));
#5047=CARTESIAN_POINT('',(-0.0128,0.0982,0.002));
#5048=CARTESIAN_POINT('',(-0.0203,0.0982,0.004));
#5049=CARTESIAN_POINT('',(-0.0128,0.0982,0.004));
#5050=CARTESIAN_POINT('',(-0.0203,0.0982,0.004));
#5051=CARTESIAN_POINT('',(-0.0203,0.0982,0.004));
#5052=CARTESIAN_POINT('',(-0.0163,0.0982,0.004));
#5053=CARTESIAN_POINT('',(-0.0203,0.0982,0.));
#5054=CARTESIAN_POINT('',(-0.0195365369015578,0.0990127972698703,0.));
#5055=CARTESIAN_POINT('',(-0.0191918550979292,0.0982259532262479,0.));
#5056=CARTESIAN_POINT('',(-0.0194977442594192,0.0974448696322653,0.));
#5057=CARTESIAN_POINT('',(-0.0202525893486698,0.0970927807052346,0.));
#5058=CARTESIAN_POINT('',(-0.0210490397790025,0.0973831845138091,0.));
#5059=CARTESIAN_POINT('',(-0.0214072601914568,0.0981519393848346,0.));
#5060=CARTESIAN_POINT('',(-0.0211168811044984,0.0989490630589388,0.));
#5061=CARTESIAN_POINT('',(-0.0203481565753744,0.0993070035379713,0.));
#5062=CARTESIAN_POINT('',(-0.0195365369015578,0.0990127972698703,0.));
#5063=CARTESIAN_POINT('',(-0.0191918550979292,0.0982259532262479,0.));
#5064=CARTESIAN_POINT('',(-0.0194977442594192,0.0974448696322653,0.));
#5065=CARTESIAN_POINT('',(-0.0193,0.0982,0.));
#5066=CARTESIAN_POINT('',(-0.0274094874002424,0.101144859122401,0.002));
#5067=CARTESIAN_POINT('',(-0.0279952562998788,0.0982,0.002));
#5068=CARTESIAN_POINT('',(-0.0274094874002424,0.0952551408775988,0.002));
#5069=CARTESIAN_POINT('',(-0.0257413587062945,0.0927586098613687,0.002));
#5070=CARTESIAN_POINT('',(-0.0232448276900645,0.0910904811674208,0.002));
#5071=CARTESIAN_POINT('',(-0.0202999685676632,0.0905047122677844,0.002));
#5072=CARTESIAN_POINT('',(-0.017355109445262,0.0910904811674208,0.002));
#5073=CARTESIAN_POINT('',(-0.014858578429032,0.0927586098613687,0.002));
#5074=CARTESIAN_POINT('',(-0.0131904497350841,0.0952551408775987,0.002));
#5075=CARTESIAN_POINT('',(-0.0126046808354476,0.0982,0.002));
#5076=CARTESIAN_POINT('',(-0.013190449735084,0.101144859122401,0.002));
#5077=CARTESIAN_POINT('',(-0.0148585784290319,0.103641390138631,0.00200000000000001));
#5078=CARTESIAN_POINT('',(-0.017355109445262,0.105309518832579,0.00200000000000001));
#5079=CARTESIAN_POINT('',(-0.0202999685676632,0.105895287732216,0.00200000000000001));
#5080=CARTESIAN_POINT('',(-0.0232448276900644,0.105309518832579,0.00200000000000001));
#5081=CARTESIAN_POINT('',(-0.0257413587062945,0.103641390138631,0.002));
#5082=CARTESIAN_POINT('',(-0.0274094874002424,0.101144859122401,0.002));
#5083=CARTESIAN_POINT('',(-0.0279952562998788,0.0982,0.002));
#5084=CARTESIAN_POINT('',(-0.0274094874002424,0.0952551408775988,0.002));
#5085=CARTESIAN_POINT('',(-0.0274109061349184,0.101145446781545,0.00176471985636132));
#5086=CARTESIAN_POINT('',(-0.0279967919272264,0.0982,0.00176471985636131));
#5087=CARTESIAN_POINT('',(-0.0274109061349184,0.0952545532184545,0.00176471985636131));
#5088=CARTESIAN_POINT('',(-0.0257424445588054,0.0927575240088578,0.00176471985636131));
#5089=CARTESIAN_POINT('',(-0.0232454153492087,0.0910890624327448,0.00176471985636131));
#5090=CARTESIAN_POINT('',(-0.0202999685676632,0.0905031766404367,0.00176471985636131));
#5091=CARTESIAN_POINT('',(-0.0173545217861178,0.0910890624327447,0.00176471985636131));
#5092=CARTESIAN_POINT('',(-0.0148574925765211,0.0927575240088578,0.00176471985636131));
#5093=CARTESIAN_POINT('',(-0.0131890310004081,0.0952545532184545,0.00176471985636132));
#5094=CARTESIAN_POINT('',(-0.0126031452081001,0.0981999999999999,0.00176471985636132));
#5095=CARTESIAN_POINT('',(-0.0131890310004081,0.101145446781545,0.00176471985636132));
#5096=CARTESIAN_POINT('',(-0.0148574925765211,0.103642475991142,0.00176471985636132));
#5097=CARTESIAN_POINT('',(-0.0173545217861178,0.105310937567255,0.00176471985636132));
#5098=CARTESIAN_POINT('',(-0.0202999685676632,0.105896823359563,0.00176471985636132));
#5099=CARTESIAN_POINT('',(-0.0232454153492087,0.105310937567255,0.00176471985636132));
#5100=CARTESIAN_POINT('',(-0.0257424445588053,0.103642475991142,0.00176471985636132));
#5101=CARTESIAN_POINT('',(-0.0274109061349184,0.101145446781545,0.00176471985636132));
#5102=CARTESIAN_POINT('',(-0.0279967919272264,0.0982,0.00176471985636131));
#5103=CARTESIAN_POINT('',(-0.0274109061349184,0.0952545532184545,0.00176471985636131));
#5104=CARTESIAN_POINT('',(-0.0272102430091815,0.101062329393397,0.00138264434880082));
#5105=CARTESIAN_POINT('',(-0.0277795957250425,0.0981999999999999,0.00138264434880082));
#5106=CARTESIAN_POINT('',(-0.0272102430091815,0.0953376706066029,0.00138264434880082));
#5107=CARTESIAN_POINT('',(-0.0255888636513931,0.09291110491627,0.00138264434880081));
#5108=CARTESIAN_POINT('',(-0.0231622979610602,0.0912897255584817,0.00138264434880081));
#5109=CARTESIAN_POINT('',(-0.0202999685676632,0.0907203728426208,0.00138264434880081));
#5110=CARTESIAN_POINT('',(-0.0174376391742662,0.0912897255584818,0.00138264434880082));
#5111=CARTESIAN_POINT('',(-0.0150110734839333,0.0929111049162701,0.00138264434880082));
#5112=CARTESIAN_POINT('',(-0.013389694126145,0.095337670606603,0.00138264434880082));
#5113=CARTESIAN_POINT('',(-0.012820341410284,0.0982000000000001,0.00138264434880082));
#5114=CARTESIAN_POINT('',(-0.013389694126145,0.101062329393397,0.00138264434880082));
#5115=CARTESIAN_POINT('',(-0.0150110734839334,0.10348889508373,0.00138264434880082));
#5116=CARTESIAN_POINT('',(-0.0174376391742662,0.105110274441518,0.00138264434880082));
#5117=CARTESIAN_POINT('',(-0.0202999685676633,0.105679627157379,0.00138264434880082));
#5118=CARTESIAN_POINT('',(-0.0231622979610603,0.105110274441518,0.00138264434880082));
#5119=CARTESIAN_POINT('',(-0.0255888636513932,0.10348889508373,0.00138264434880082));
#5120=CARTESIAN_POINT('',(-0.0272102430091815,0.101062329393397,0.00138264434880082));
#5121=CARTESIAN_POINT('',(-0.0277795957250425,0.0981999999999999,0.00138264434880082));
#5122=CARTESIAN_POINT('',(-0.0272102430091815,0.0953376706066029,0.00138264434880082));
#5123=CARTESIAN_POINT('',(-0.0263803672983907,0.100718583618903,0.000858683026421154));
#5124=CARTESIAN_POINT('',(-0.0268813447284704,0.0982,0.000858683026421152));
#5125=CARTESIAN_POINT('',(-0.0263803672983907,0.0956814163810965,0.000858683026421151));
#5126=CARTESIAN_POINT('',(-0.0249537042805095,0.0935462642871537,0.00085868302642115));
#5127=CARTESIAN_POINT('',(-0.0228185521865667,0.0921196012692725,0.00085868302642115));
#5128=CARTESIAN_POINT('',(-0.0202999685676632,0.0916186238391928,0.00085868302642115));
#5129=CARTESIAN_POINT('',(-0.0177813849487598,0.0921196012692725,0.000858683026421151));
#5130=CARTESIAN_POINT('',(-0.015646232854817,0.0935462642871538,0.000858683026421153));
#5131=CARTESIAN_POINT('',(-0.0142195698369358,0.0956814163810965,0.000858683026421154));
#5132=CARTESIAN_POINT('',(-0.0137185924068561,0.0982,0.000858683026421155));
#5133=CARTESIAN_POINT('',(-0.0142195698369358,0.100718583618903,0.000858683026421156));
#5134=CARTESIAN_POINT('',(-0.015646232854817,0.102853735712846,0.000858683026421157));
#5135=CARTESIAN_POINT('',(-0.0177813849487598,0.104280398730728,0.000858683026421157));
#5136=CARTESIAN_POINT('',(-0.0202999685676632,0.104781376160807,0.000858683026421157));
#5137=CARTESIAN_POINT('',(-0.0228185521865667,0.104280398730728,0.000858683026421157));
#5138=CARTESIAN_POINT('',(-0.0249537042805095,0.102853735712846,0.000858683026421155));
#5139=CARTESIAN_POINT('',(-0.0263803672983907,0.100718583618903,0.000858683026421154));
#5140=CARTESIAN_POINT('',(-0.0268813447284704,0.0982,0.000858683026421152));
#5141=CARTESIAN_POINT('',(-0.0263803672983907,0.0956814163810965,0.000858683026421151));
#5142=CARTESIAN_POINT('',(-0.0253445406847148,0.100289530187252,0.00047167011614716));
#5143=CARTESIAN_POINT('',(-0.0257601740809723,0.0981999999999999,0.000471670116147159));
#5144=CARTESIAN_POINT('',(-0.0253445406847148,0.096110469812748,0.000471670116147158));
#5145=CARTESIAN_POINT('',(-0.0241609169127962,0.094339051654867,0.000471670116147157));
#5146=CARTESIAN_POINT('',(-0.0223894987549151,0.0931554278829484,0.000471670116147157));
#5147=CARTESIAN_POINT('',(-0.0202999685676632,0.0927397944866909,0.000471670116147157));
#5148=CARTESIAN_POINT('',(-0.0182104383804113,0.0931554278829485,0.000471670116147157));
#5149=CARTESIAN_POINT('',(-0.0164390202225302,0.0943390516548669,0.000471670116147159));
#5150=CARTESIAN_POINT('',(-0.0152553964506117,0.0961104698127481,0.000471670116147159));
#5151=CARTESIAN_POINT('',(-0.0148397630543541,0.0982,0.000471670116147161));
#5152=CARTESIAN_POINT('',(-0.0152553964506117,0.100289530187252,0.000471670116147161));
#5153=CARTESIAN_POINT('',(-0.0164390202225302,0.102060948345133,0.000471670116147162));
#5154=CARTESIAN_POINT('',(-0.0182104383804113,0.103244572117052,0.000471670116147162));
#5155=CARTESIAN_POINT('',(-0.0202999685676633,0.103660205513309,0.000471670116147162));
#5156=CARTESIAN_POINT('',(-0.0223894987549152,0.103244572117052,0.000471670116147161));
#5157=CARTESIAN_POINT('',(-0.0241609169127963,0.102060948345133,0.00047167011614716));
#5158=CARTESIAN_POINT('',(-0.0253445406847148,0.100289530187252,0.00047167011614716));
#5159=CARTESIAN_POINT('',(-0.0257601740809723,0.0981999999999999,0.000471670116147159));
#5160=CARTESIAN_POINT('',(-0.0253445406847148,0.096110469812748,0.000471670116147158));
#5161=CARTESIAN_POINT('',(-0.023553125355015,0.0995475016618472,9.36809968095268E-5));
#5162=CARTESIAN_POINT('',(-0.0238211601006211,0.0982,9.36809968095259E-5));
#5163=CARTESIAN_POINT('',(-0.023553125355015,0.0968524983381528,9.36809968095254E-5));
#5164=CARTESIAN_POINT('',(-0.0227898269784743,0.0957101415891888,9.36809968095248E-5));
#5165=CARTESIAN_POINT('',(-0.0216474702295104,0.0949468432126483,9.36809968095249E-5));
#5166=CARTESIAN_POINT('',(-0.0202999685676632,0.0946788084670421,9.36809968095249E-5));
#5167=CARTESIAN_POINT('',(-0.018952466905816,0.0949468432126482,9.36809968095252E-5));
#5168=CARTESIAN_POINT('',(-0.0178101101568521,0.0957101415891889,9.36809968095258E-5));
#5169=CARTESIAN_POINT('',(-0.0170468117803114,0.0968524983381528,9.36809968095266E-5));
#5170=CARTESIAN_POINT('',(-0.0167787770347054,0.0982000000000001,9.36809968095272E-5));
#5171=CARTESIAN_POINT('',(-0.0170468117803115,0.0995475016618473,9.36809968095279E-5));
#5172=CARTESIAN_POINT('',(-0.0178101101568521,0.100689858410811,9.36809968095282E-5));
#5173=CARTESIAN_POINT('',(-0.0189524669058161,0.101453156787352,9.36809968095284E-5));
#5174=CARTESIAN_POINT('',(-0.0202999685676633,0.101721191532958,9.36809968095281E-5));
#5175=CARTESIAN_POINT('',(-0.0216474702295105,0.101453156787352,9.36809968095281E-5));
#5176=CARTESIAN_POINT('',(-0.0227898269784744,0.100689858410811,9.36809968095273E-5));
#5177=CARTESIAN_POINT('',(-0.023553125355015,0.0995475016618472,9.36809968095268E-5));
#5178=CARTESIAN_POINT('',(-0.0238211601006211,0.0982,9.36809968095259E-5));
#5179=CARTESIAN_POINT('',(-0.023553125355015,0.0968524983381528,9.36809968095254E-5));
#5180=CARTESIAN_POINT('',(-0.0220927449515481,0.0989425922925073,-9.18952796757479E-7));
#5181=CARTESIAN_POINT('',(-0.0222404557424486,0.0982,-9.1895279675783E-7));
#5182=CARTESIAN_POINT('',(-0.0220927449515481,0.0974574077074927,-9.18952796758161E-7));
#5183=CARTESIAN_POINT('',(-0.0216721002077595,0.0968278683599037,-9.18952796758345E-7));
#5184=CARTESIAN_POINT('',(-0.0210425608601706,0.0964072236161151,-9.18952796758488E-7));
#5185=CARTESIAN_POINT('',(-0.0202999685676633,0.0962595128252147,-9.18952796758406E-7));
#5186=CARTESIAN_POINT('',(-0.019557376275156,0.0964072236161151,-9.18952796758176E-7));
#5187=CARTESIAN_POINT('',(-0.018927836927567,0.0968278683599037,-9.18952796757877E-7));
#5188=CARTESIAN_POINT('',(-0.0185071921837784,0.0974574077074926,-9.18952796757547E-7));
#5189=CARTESIAN_POINT('',(-0.0183594813928778,0.0981999999999999,-9.18952796757175E-7));
#5190=CARTESIAN_POINT('',(-0.0185071921837783,0.0989425922925072,-9.18952796756835E-7));
#5191=CARTESIAN_POINT('',(-0.0189278369275669,0.0995721316400962,-9.18952796756617E-7));
#5192=CARTESIAN_POINT('',(-0.0195573762751559,0.0999927763838848,-9.18952796756531E-7));
#5193=CARTESIAN_POINT('',(-0.0202999685676632,0.100140487174785,-9.18952796756551E-7));
#5194=CARTESIAN_POINT('',(-0.0210425608601705,0.0999927763838849,-9.1895279675684E-7));
#5195=CARTESIAN_POINT('',(-0.0216721002077595,0.0995721316400963,-9.18952796757101E-7));
#5196=CARTESIAN_POINT('',(-0.0220927449515481,0.0989425922925073,-9.18952796757479E-7));
#5197=CARTESIAN_POINT('',(-0.0222404557424486,0.0982,-9.1895279675783E-7));
#5198=CARTESIAN_POINT('',(-0.0220927449515481,0.0974574077074927,-9.18952796758161E-7));
#5199=CARTESIAN_POINT('',(-0.0212479302349591,0.0985926585792038,1.94262604062294E-19));
#5200=CARTESIAN_POINT('',(-0.0213260348825204,0.0982,-4.56158478249067E-21));
#5201=CARTESIAN_POINT('',(-0.0212479302349591,0.0978073414207963,-1.76016264932331E-19));
#5202=CARTESIAN_POINT('',(-0.0210255070168459,0.0974744615508174,-2.93999015574957E-19));
#5203=CARTESIAN_POINT('',(-0.020692627146867,0.0972520383327041,-3.40548032441328E-19));
#5204=CARTESIAN_POINT('',(-0.0202999685676633,0.0971739336851428,-3.08576649681427E-19));
#5205=CARTESIAN_POINT('',(-0.0199073099884595,0.0972520383327041,-2.02952220499142E-19));
#5206=CARTESIAN_POINT('',(-0.0195744301184806,0.0974744615508174,-3.97551067496417E-20));
#5207=CARTESIAN_POINT('',(-0.0193520069003674,0.0978073414207962,1.56169410384232E-19));
#5208=CARTESIAN_POINT('',(-0.019273902252806,0.0982,3.54993599229019E-19));
#5209=CARTESIAN_POINT('',(-0.0193520069003673,0.0985926585792037,5.26448279378859E-19));
#5210=CARTESIAN_POINT('',(-0.0195744301184806,0.0989255384491826,6.44431030021485E-19));
#5211=CARTESIAN_POINT('',(-0.0199073099884594,0.0991479616672959,6.90980046887856E-19));
#5212=CARTESIAN_POINT('',(-0.0202999685676632,0.0992260663148572,6.59008664127955E-19));
#5213=CARTESIAN_POINT('',(-0.020692627146867,0.0991479616672959,5.5338423494567E-19));
#5214=CARTESIAN_POINT('',(-0.0210255070168458,0.0989255384491826,3.90187121196169E-19));
#5215=CARTESIAN_POINT('',(-0.0212479302349591,0.0985926585792038,1.94262604062294E-19));
#5216=CARTESIAN_POINT('',(-0.0213260348825204,0.0982,-4.56158478249067E-21));
#5217=CARTESIAN_POINT('',(-0.0212479302349591,0.0978073414207963,-1.76016264932331E-19));
#5218=CARTESIAN_POINT('',(-0.0203,0.0982,0.014));
#5219=CARTESIAN_POINT('',(-0.0203,0.0982,0.014));
#5220=CARTESIAN_POINT('',(-0.0163,0.0982,0.014));
#5221=CARTESIAN_POINT('',(-0.0203,0.0982,0.014));
#5222=CARTESIAN_POINT('',(-0.0203,0.0982,0.014));
#5223=CARTESIAN_POINT('',(-0.0183,0.0982,0.014));
#5224=CARTESIAN_POINT('',(-0.0158,0.0982,0.023));
#5225=CARTESIAN_POINT('',(-0.0158,0.0982,0.023));
#5226=CARTESIAN_POINT('',(-0.0158,0.0982,0.022));
#5227=CARTESIAN_POINT('',(-0.0248,0.0982,0.023));
#5228=CARTESIAN_POINT('',(-0.0248,0.0982,0.023));
#5229=CARTESIAN_POINT('',(-0.0248,0.0982,0.022));
#5230=CARTESIAN_POINT('',(-0.0158,0.0982,0.023));
#5231=CARTESIAN_POINT('',(-0.0184251100557179,0.0989855363584562,0.0237826535400478));
#5232=CARTESIAN_POINT('',(-0.0182375465342442,0.0981996495083291,0.0241088178719854));
#5233=CARTESIAN_POINT('',(-0.0184247038073053,0.0974158656082274,0.0237820749720105));
#5234=CARTESIAN_POINT('',(-0.0186394095237115,0.0970922809153098,0.0230035555588883));
#5235=CARTESIAN_POINT('',(-0.0184253436336109,0.0974150273908571,0.0222178422268817));
#5236=CARTESIAN_POINT('',(-0.0182376155138985,0.0981960587647131,0.0218913636675636));
#5237=CARTESIAN_POINT('',(-0.0184242058601557,0.0989840886907496,0.0222167262016187));
#5238=CARTESIAN_POINT('',(-0.0186395921742218,0.0993075891729448,0.0229964544916061));
#5239=CARTESIAN_POINT('',(-0.0184251100557179,0.0989855363584562,0.0237826535400478));
#5240=CARTESIAN_POINT('',(-0.0182375465342442,0.0981996495083291,0.0241088178719854));
#5241=CARTESIAN_POINT('',(-0.0184247038073053,0.0974158656082274,0.0237820749720105));
#5242=CARTESIAN_POINT('',(-0.0183,0.0982,0.024));
#5243=CARTESIAN_POINT('',(-0.0158,0.0982,0.023));
#5244=CARTESIAN_POINT('',(-0.0221748899442821,0.0974144636415438,0.0237826535400478));
#5245=CARTESIAN_POINT('',(-0.0223624534657558,0.0982003504916709,0.0241088178719854));
#5246=CARTESIAN_POINT('',(-0.0221752961926947,0.0989841343917725,0.0237820749720105));
#5247=CARTESIAN_POINT('',(-0.0219605904762885,0.0993077190846902,0.0230035555588882));
#5248=CARTESIAN_POINT('',(-0.0221746563663891,0.0989849726091429,0.0222178422268817));
#5249=CARTESIAN_POINT('',(-0.0223623844861015,0.0982039412352869,0.0218913636675636));
#5250=CARTESIAN_POINT('',(-0.0221757941398443,0.0974159113092504,0.0222167262016186));
#5251=CARTESIAN_POINT('',(-0.0219604078257782,0.0970924108270552,0.0229964544916061));
#5252=CARTESIAN_POINT('',(-0.0221748899442821,0.0974144636415438,0.0237826535400478));
#5253=CARTESIAN_POINT('',(-0.0223624534657558,0.0982003504916709,0.0241088178719854));
#5254=CARTESIAN_POINT('',(-0.0221752961926947,0.0989841343917725,0.0237820749720105));
#5255=CARTESIAN_POINT('',(-0.0223,0.0982,0.024));
#5256=CARTESIAN_POINT('',(-0.0203,0.0982,0.024));
#5257=CARTESIAN_POINT('',(-0.0203,0.0982,0.024));
#5258=CARTESIAN_POINT('',(-0.0203,0.0982,0.024));
#5259=CARTESIAN_POINT('',(-0.0203,0.0982,0.024));
#5260=CARTESIAN_POINT('',(0.,0.,0.));
#5261=CARTESIAN_POINT('',(-0.1802,0.1119,0.45));
#5262=CARTESIAN_POINT('',(-0.1072,0.1119,0.00249999999999994));
#5263=CARTESIAN_POINT('',(-0.1072,0.1119,0.00399999999999994));
#5264=CARTESIAN_POINT('',(-0.0827,0.1119,0.00249999999999989));
#5265=CARTESIAN_POINT('',(-0.0827,0.1119,0.00399999999999989));
#5266=CARTESIAN_POINT('',(-0.0827,0.1119,0.017));
#5267=CARTESIAN_POINT('',(-0.0827,0.1119,0.0185));
#5268=CARTESIAN_POINT('',(-0.0802,0.1119,0.42));
#5269=CARTESIAN_POINT('',(-0.0802,0.1119,-5.55111512312578E-17));
#5270=CARTESIAN_POINT('',(-0.0802,0.1119,0.02));
#5271=CARTESIAN_POINT('',(-0.1802,0.1119,-5.55111512312578E-17));
#5272=CARTESIAN_POINT('',(-0.1102,0.1119,-5.55111512312578E-17));
#5273=CARTESIAN_POINT('',(-0.1102,0.1119,-5.55111512312578E-17));
#5274=CARTESIAN_POINT('',(-0.1102,0.1119,0.005));
#5275=CARTESIAN_POINT('',(-0.0977,0.1119,0.005));
#5276=CARTESIAN_POINT('',(-0.0852,0.1119,0.005));
#5277=CARTESIAN_POINT('',(-0.0852,0.1119,0.0125));
#5278=CARTESIAN_POINT('',(-0.0852,0.1119,0.02));
#5279=CARTESIAN_POINT('',(-0.0827,0.1119,0.02));
#5280=CARTESIAN_POINT('',(-0.09645,-0.0581,0.00249999999999994));
#5281=CARTESIAN_POINT('',(-0.1102,-0.0581,0.00249999999999994));
#5282=CARTESIAN_POINT('',(-0.1102,-0.0601,0.00249999999999994));
#5283=CARTESIAN_POINT('',(-0.1102,-0.0761,0.00249999999999994));
#5284=CARTESIAN_POINT('',(-0.0827,-0.0601,0.00249999999999994));
#5285=CARTESIAN_POINT('',(-0.0827,-0.0601,0.00249999999999994));
#5286=CARTESIAN_POINT('',(-0.0827,-0.0581,0.00249999999999994));
#5287=CARTESIAN_POINT('',(-0.0827,-0.0761,0.00249999999999994));
#5288=CARTESIAN_POINT('',(-0.09645,-0.0761,0.00249999999999994));
#5289=CARTESIAN_POINT('',(-0.0952,-0.0581,0.01));
#5290=CARTESIAN_POINT('',(-0.0827,-0.0581,0.02));
#5291=CARTESIAN_POINT('',(-0.0807,-0.0581,0.02));
#5292=CARTESIAN_POINT('',(-0.0802,-0.0581,0.02));
#5293=CARTESIAN_POINT('',(-0.0807,-0.0581,0.00249999999999994));
#5294=CARTESIAN_POINT('',(-0.0807,-0.0581,0.000499999999999945));
#5295=CARTESIAN_POINT('',(-0.1102,-0.0581,0.000499999999999945));
#5296=CARTESIAN_POINT('',(-0.1102,-0.0581,0.000499999999999945));
#5297=CARTESIAN_POINT('',(-0.1102,-0.0581,-5.55111512312578E-17));
#5298=CARTESIAN_POINT('',(-0.1102,-0.0581,-5.55111512312578E-17));
#5299=CARTESIAN_POINT('',(-0.1802,-0.0581,-1.11022302462516E-16));
#5300=CARTESIAN_POINT('',(-0.0802,-0.0581,-5.55111512312578E-17));
#5301=CARTESIAN_POINT('',(-0.0802,-0.0581,0.42));
#5302=CARTESIAN_POINT('',(-0.0827,-0.0581,0.01125));
#5303=CARTESIAN_POINT('',(-0.0827,-0.0601,0.02));
#5304=CARTESIAN_POINT('',(-0.0827,-0.0601,0.02));
#5305=CARTESIAN_POINT('',(-0.0827,-0.0581,0.02));
#5306=CARTESIAN_POINT('',(-0.0827,-0.0761,0.02));
#5307=CARTESIAN_POINT('',(-0.0827,-0.0761,0.01125));
#5308=CARTESIAN_POINT('',(-0.0362,-0.0781,0.181863220370547));
#5309=CARTESIAN_POINT('',(-0.0362,-0.0781,0.00449999999999995));
#5310=CARTESIAN_POINT('',(-0.1102,-0.0781,0.00449999999999995));
#5311=CARTESIAN_POINT('',(-0.0847,-0.0781,0.00449999999999995));
#5312=CARTESIAN_POINT('',(-0.0847,-0.0781,0.181863220370547));
#5313=CARTESIAN_POINT('',(-0.0847,-0.0781,0.02));
#5314=CARTESIAN_POINT('',(-0.0827,-0.0781,0.02));
#5315=CARTESIAN_POINT('',(-0.0852,-0.0781,0.02));
#5316=CARTESIAN_POINT('',(-0.0852,-0.0781,0.0125));
#5317=CARTESIAN_POINT('',(-0.0852,-0.0781,0.005));
#5318=CARTESIAN_POINT('',(-0.0977,-0.0781,0.005));
#5319=CARTESIAN_POINT('',(-0.1102,-0.0781,0.005));
#5320=CARTESIAN_POINT('',(-0.1102,-0.0781,-5.55111512312578E-17));
#5321=CARTESIAN_POINT('',(-0.0852,0.3319,0.0125));
#5322=CARTESIAN_POINT('',(-0.0852,0.3319,0.02));
#5323=CARTESIAN_POINT('',(-0.0852,0.3319,0.005));
#5324=CARTESIAN_POINT('',(-0.0977,0.3319,0.005));
#5325=CARTESIAN_POINT('',(-0.1102,0.3319,0.005));
#5326=CARTESIAN_POINT('',(-0.0827,0.3319,0.02));
#5327=CARTESIAN_POINT('',(0.1213,0.1279,0.02));
#5328=CARTESIAN_POINT('',(-0.0827,-0.0601,0.02));
#5329=CARTESIAN_POINT('',(-0.0802,0.3319,0.02));
#5330=CARTESIAN_POINT('',(-0.1102,-0.1231,-1.11022302462516E-16));
#5331=CARTESIAN_POINT('',(-0.1102,-0.09835,0.02475));
#5332=CARTESIAN_POINT('',(-0.1102,-0.1231,-1.11022302462516E-16));
#5333=CARTESIAN_POINT('',(-0.1102,-0.0601,0.00249999999999994));
#5334=CARTESIAN_POINT('',(-0.1802,0.1119,-5.55111512312578E-17));
#5335=CARTESIAN_POINT('',(-0.0802,0.1119,-5.55111512312578E-17));
#5336=CARTESIAN_POINT('',(-0.0802,0.1119,0.42));
#5337=CARTESIAN_POINT('',(-0.0827,0.1069,0.017));
#5338=CARTESIAN_POINT('',(-0.0827,0.1069,0.017));
#5339=CARTESIAN_POINT('',(-0.0827,0.1069,0.0185));
#5340=CARTESIAN_POINT('',(-0.0952,0.1069,0.01));
#5341=CARTESIAN_POINT('',(-0.0827,0.1069,0.00249999999999989));
#5342=CARTESIAN_POINT('',(-0.0827,0.1069,0.00249999999999989));
#5343=CARTESIAN_POINT('',(-0.0827,0.1069,0.00399999999999989));
#5344=CARTESIAN_POINT('',(-0.0952,0.1069,0.01));
#5345=CARTESIAN_POINT('',(-0.1072,0.1069,0.00249999999999994));
#5346=CARTESIAN_POINT('',(-0.1072,0.1069,0.00249999999999994));
#5347=CARTESIAN_POINT('',(-0.1072,0.1069,0.00399999999999994));
#5348=CARTESIAN_POINT('',(-0.0952,0.1069,0.01));
#5349=CARTESIAN_POINT('',(-0.09645,-0.0601,0.00249999999999994));
#5350=CARTESIAN_POINT('',(-0.0872833333333333,-0.0646833333333334,0.00708333333333328));
#5351=CARTESIAN_POINT('',(-0.0827,-0.0601,0.01125));
#5352=CARTESIAN_POINT('',(-0.0362,-0.0781,0.00449999999999995));
#5353=CARTESIAN_POINT('',(-0.0685333333333335,-0.0619333333333334,-0.0116666666666667));
#5354=CARTESIAN_POINT('',(-0.0847,-0.0781,0.181863220370547));
#5355=MECHANICAL_DESIGN_GEOMETRIC_PRESENTATION_REPRESENTATION('',(#3009),
#5363);
#5356=MECHANICAL_DESIGN_GEOMETRIC_PRESENTATION_REPRESENTATION('',(#3010),
#5364);
#5357=MECHANICAL_DESIGN_GEOMETRIC_PRESENTATION_REPRESENTATION('',(#3011),
#5365);
#5358=MECHANICAL_DESIGN_GEOMETRIC_PRESENTATION_REPRESENTATION('',(#3012),
#5366);
#5359=MECHANICAL_DESIGN_GEOMETRIC_PRESENTATION_REPRESENTATION('',(#3013),
#5367);
#5360=MECHANICAL_DESIGN_GEOMETRIC_PRESENTATION_REPRESENTATION('',(#3014),
#5368);
#5361=MECHANICAL_DESIGN_GEOMETRIC_PRESENTATION_REPRESENTATION('',(#3015),
#5369);
#5362=MECHANICAL_DESIGN_GEOMETRIC_PRESENTATION_REPRESENTATION('',(#3016),
#5370);
#5363=(
GEOMETRIC_REPRESENTATION_CONTEXT(3)
GLOBAL_UNCERTAINTY_ASSIGNED_CONTEXT((#5371))
GLOBAL_UNIT_ASSIGNED_CONTEXT((#5395,#5387,#5379))
REPRESENTATION_CONTEXT('Part 1','TOP_LEVEL_ASSEMBLY_PART')
);
#5364=(
GEOMETRIC_REPRESENTATION_CONTEXT(3)
GLOBAL_UNCERTAINTY_ASSIGNED_CONTEXT((#5372))
GLOBAL_UNIT_ASSIGNED_CONTEXT((#5396,#5388,#5380))
REPRESENTATION_CONTEXT('Part 1','TOP_LEVEL_ASSEMBLY_PART')
);
#5365=(
GEOMETRIC_REPRESENTATION_CONTEXT(3)
GLOBAL_UNCERTAINTY_ASSIGNED_CONTEXT((#5373))
GLOBAL_UNIT_ASSIGNED_CONTEXT((#5397,#5389,#5381))
REPRESENTATION_CONTEXT('Part 1','TOP_LEVEL_ASSEMBLY_PART')
);
#5366=(
GEOMETRIC_REPRESENTATION_CONTEXT(3)
GLOBAL_UNCERTAINTY_ASSIGNED_CONTEXT((#5374))
GLOBAL_UNIT_ASSIGNED_CONTEXT((#5398,#5390,#5382))
REPRESENTATION_CONTEXT('Part 1','TOP_LEVEL_ASSEMBLY_PART')
);
#5367=(
GEOMETRIC_REPRESENTATION_CONTEXT(3)
GLOBAL_UNCERTAINTY_ASSIGNED_CONTEXT((#5375))
GLOBAL_UNIT_ASSIGNED_CONTEXT((#5399,#5391,#5383))
REPRESENTATION_CONTEXT('Part 1','TOP_LEVEL_ASSEMBLY_PART')
);
#5368=(
GEOMETRIC_REPRESENTATION_CONTEXT(3)
GLOBAL_UNCERTAINTY_ASSIGNED_CONTEXT((#5376))
GLOBAL_UNIT_ASSIGNED_CONTEXT((#5400,#5392,#5384))
REPRESENTATION_CONTEXT('Part 1','TOP_LEVEL_ASSEMBLY_PART')
);
#5369=(
GEOMETRIC_REPRESENTATION_CONTEXT(3)
GLOBAL_UNCERTAINTY_ASSIGNED_CONTEXT((#5377))
GLOBAL_UNIT_ASSIGNED_CONTEXT((#5401,#5393,#5385))
REPRESENTATION_CONTEXT('Part 1','TOP_LEVEL_ASSEMBLY_PART')
);
#5370=(
GEOMETRIC_REPRESENTATION_CONTEXT(3)
GLOBAL_UNCERTAINTY_ASSIGNED_CONTEXT((#5378))
GLOBAL_UNIT_ASSIGNED_CONTEXT((#5402,#5394,#5386))
REPRESENTATION_CONTEXT('Part 1','TOP_LEVEL_ASSEMBLY_PART')
);
#5371=UNCERTAINTY_MEASURE_WITH_UNIT(LENGTH_MEASURE(1.E-8),#5395,
'DISTANCE_ACCURACY_VALUE','Maximum Tolerance applied to model');
#5372=UNCERTAINTY_MEASURE_WITH_UNIT(LENGTH_MEASURE(1.E-8),#5396,
'DISTANCE_ACCURACY_VALUE','Maximum Tolerance applied to model');
#5373=UNCERTAINTY_MEASURE_WITH_UNIT(LENGTH_MEASURE(1.E-8),#5397,
'DISTANCE_ACCURACY_VALUE','Maximum Tolerance applied to model');
#5374=UNCERTAINTY_MEASURE_WITH_UNIT(LENGTH_MEASURE(2.E-5),#5398,
'DISTANCE_ACCURACY_VALUE','Maximum Tolerance applied to model');
#5375=UNCERTAINTY_MEASURE_WITH_UNIT(LENGTH_MEASURE(1.E-8),#5399,
'DISTANCE_ACCURACY_VALUE','Maximum Tolerance applied to model');
#5376=UNCERTAINTY_MEASURE_WITH_UNIT(LENGTH_MEASURE(1.E-8),#5400,
'DISTANCE_ACCURACY_VALUE','Maximum Tolerance applied to model');
#5377=UNCERTAINTY_MEASURE_WITH_UNIT(LENGTH_MEASURE(2.E-5),#5401,
'DISTANCE_ACCURACY_VALUE','Maximum Tolerance applied to model');
#5378=UNCERTAINTY_MEASURE_WITH_UNIT(LENGTH_MEASURE(1.E-8),#5402,
'DISTANCE_ACCURACY_VALUE','Maximum Tolerance applied to model');
#5379=(
NAMED_UNIT(*)
SI_UNIT($,.STERADIAN.)
SOLID_ANGLE_UNIT()
);
#5380=(
NAMED_UNIT(*)
SI_UNIT($,.STERADIAN.)
SOLID_ANGLE_UNIT()
);
#5381=(
NAMED_UNIT(*)
SI_UNIT($,.STERADIAN.)
SOLID_ANGLE_UNIT()
);
#5382=(
NAMED_UNIT(*)
SI_UNIT($,.STERADIAN.)
SOLID_ANGLE_UNIT()
);
#5383=(
NAMED_UNIT(*)
SI_UNIT($,.STERADIAN.)
SOLID_ANGLE_UNIT()
);
#5384=(
NAMED_UNIT(*)
SI_UNIT($,.STERADIAN.)
SOLID_ANGLE_UNIT()
);
#5385=(
NAMED_UNIT(*)
SI_UNIT($,.STERADIAN.)
SOLID_ANGLE_UNIT()
);
#5386=(
NAMED_UNIT(*)
SI_UNIT($,.STERADIAN.)
SOLID_ANGLE_UNIT()
);
#5387=(
NAMED_UNIT(*)
PLANE_ANGLE_UNIT()
SI_UNIT($,.RADIAN.)
);
#5388=(
NAMED_UNIT(*)
PLANE_ANGLE_UNIT()
SI_UNIT($,.RADIAN.)
);
#5389=(
NAMED_UNIT(*)
PLANE_ANGLE_UNIT()
SI_UNIT($,.RADIAN.)
);
#5390=(
NAMED_UNIT(*)
PLANE_ANGLE_UNIT()
SI_UNIT($,.RADIAN.)
);
#5391=(
NAMED_UNIT(*)
PLANE_ANGLE_UNIT()
SI_UNIT($,.RADIAN.)
);
#5392=(
NAMED_UNIT(*)
PLANE_ANGLE_UNIT()
SI_UNIT($,.RADIAN.)
);
#5393=(
NAMED_UNIT(*)
PLANE_ANGLE_UNIT()
SI_UNIT($,.RADIAN.)
);
#5394=(
NAMED_UNIT(*)
PLANE_ANGLE_UNIT()
SI_UNIT($,.RADIAN.)
);
#5395=(
LENGTH_UNIT()
NAMED_UNIT(*)
SI_UNIT($,.METRE.)
);
#5396=(
LENGTH_UNIT()
NAMED_UNIT(*)
SI_UNIT($,.METRE.)
);
#5397=(
LENGTH_UNIT()
NAMED_UNIT(*)
SI_UNIT($,.METRE.)
);
#5398=(
LENGTH_UNIT()
NAMED_UNIT(*)
SI_UNIT($,.METRE.)
);
#5399=(
LENGTH_UNIT()
NAMED_UNIT(*)
SI_UNIT($,.METRE.)
);
#5400=(
LENGTH_UNIT()
NAMED_UNIT(*)
SI_UNIT($,.METRE.)
);
#5401=(
LENGTH_UNIT()
NAMED_UNIT(*)
SI_UNIT($,.METRE.)
);
#5402=(
LENGTH_UNIT()
NAMED_UNIT(*)
SI_UNIT($,.METRE.)
);
#5403=PRODUCT_DEFINITION_SHAPE('','',#5411);
#5404=PRODUCT_DEFINITION_SHAPE('','',#5412);
#5405=PRODUCT_DEFINITION_SHAPE('','',#5413);
#5406=PRODUCT_DEFINITION_SHAPE('','',#5414);
#5407=PRODUCT_DEFINITION_SHAPE('','',#5415);
#5408=PRODUCT_DEFINITION_SHAPE('','',#5416);
#5409=PRODUCT_DEFINITION_SHAPE('','',#5417);
#5410=PRODUCT_DEFINITION_SHAPE('','',#5418);
#5411=PRODUCT_DEFINITION('','',#5427,#5419);
#5412=PRODUCT_DEFINITION('','',#5428,#5420);
#5413=PRODUCT_DEFINITION('','',#5429,#5421);
#5414=PRODUCT_DEFINITION('','',#5430,#5422);
#5415=PRODUCT_DEFINITION('','',#5431,#5423);
#5416=PRODUCT_DEFINITION('','',#5432,#5424);
#5417=PRODUCT_DEFINITION('','',#5433,#5425);
#5418=PRODUCT_DEFINITION('','',#5434,#5426);
#5419=PRODUCT_DEFINITION_CONTEXT('',#5475,'design');
#5420=PRODUCT_DEFINITION_CONTEXT('',#5476,'design');
#5421=PRODUCT_DEFINITION_CONTEXT('',#5477,'design');
#5422=PRODUCT_DEFINITION_CONTEXT('',#5478,'design');
#5423=PRODUCT_DEFINITION_CONTEXT('',#5479,'design');
#5424=PRODUCT_DEFINITION_CONTEXT('',#5480,'design');
#5425=PRODUCT_DEFINITION_CONTEXT('',#5481,'design');
#5426=PRODUCT_DEFINITION_CONTEXT('',#5482,'design');
#5427=PRODUCT_DEFINITION_FORMATION_WITH_SPECIFIED_SOURCE('','',#5443,
 .NOT_KNOWN.);
#5428=PRODUCT_DEFINITION_FORMATION_WITH_SPECIFIED_SOURCE('','',#5444,
 .NOT_KNOWN.);
#5429=PRODUCT_DEFINITION_FORMATION_WITH_SPECIFIED_SOURCE('','',#5445,
 .NOT_KNOWN.);
#5430=PRODUCT_DEFINITION_FORMATION_WITH_SPECIFIED_SOURCE('','',#5446,
 .NOT_KNOWN.);
#5431=PRODUCT_DEFINITION_FORMATION_WITH_SPECIFIED_SOURCE('','',#5447,
 .NOT_KNOWN.);
#5432=PRODUCT_DEFINITION_FORMATION_WITH_SPECIFIED_SOURCE('','',#5448,
 .NOT_KNOWN.);
#5433=PRODUCT_DEFINITION_FORMATION_WITH_SPECIFIED_SOURCE('','',#5449,
 .NOT_KNOWN.);
#5434=PRODUCT_DEFINITION_FORMATION_WITH_SPECIFIED_SOURCE('','',#5450,
 .NOT_KNOWN.);
#5435=PRODUCT_RELATED_PRODUCT_CATEGORY('','',(#5443));
#5436=PRODUCT_RELATED_PRODUCT_CATEGORY('','',(#5444));
#5437=PRODUCT_RELATED_PRODUCT_CATEGORY('','',(#5445));
#5438=PRODUCT_RELATED_PRODUCT_CATEGORY('','',(#5446));
#5439=PRODUCT_RELATED_PRODUCT_CATEGORY('','',(#5447));
#5440=PRODUCT_RELATED_PRODUCT_CATEGORY('','',(#5448));
#5441=PRODUCT_RELATED_PRODUCT_CATEGORY('','',(#5449));
#5442=PRODUCT_RELATED_PRODUCT_CATEGORY('','',(#5450));
#5443=PRODUCT('Part 1','Part 1','Part 1',(#5459));
#5444=PRODUCT('Part 1','Part 1','Part 1',(#5460));
#5445=PRODUCT('Part 1','Part 1','Part 1',(#5461));
#5446=PRODUCT('Part 1','Part 1','Part 1',(#5462));
#5447=PRODUCT('Part 1','Part 1','Part 1',(#5463));
#5448=PRODUCT('Part 1','Part 1','Part 1',(#5464));
#5449=PRODUCT('Part 1','Part 1','Part 1',(#5465));
#5450=PRODUCT('Part 1','Part 1','Part 1',(#5466));
#5451=PRODUCT_CATEGORY('','');
#5452=PRODUCT_CATEGORY('','');
#5453=PRODUCT_CATEGORY('','');
#5454=PRODUCT_CATEGORY('','');
#5455=PRODUCT_CATEGORY('','');
#5456=PRODUCT_CATEGORY('','');
#5457=PRODUCT_CATEGORY('','');
#5458=PRODUCT_CATEGORY('','');
#5459=PRODUCT_CONTEXT('',#5475,'mechanical');
#5460=PRODUCT_CONTEXT('',#5476,'mechanical');
#5461=PRODUCT_CONTEXT('',#5477,'mechanical');
#5462=PRODUCT_CONTEXT('',#5478,'mechanical');
#5463=PRODUCT_CONTEXT('',#5479,'mechanical');
#5464=PRODUCT_CONTEXT('',#5480,'mechanical');
#5465=PRODUCT_CONTEXT('',#5481,'mechanical');
#5466=PRODUCT_CONTEXT('',#5482,'mechanical');
#5467=APPLICATION_PROTOCOL_DEFINITION('international standard',
'ap242_managed_model_based_3d_engineering',2020,#5475);
#5468=APPLICATION_PROTOCOL_DEFINITION('international standard',
'ap242_managed_model_based_3d_engineering',2020,#5476);
#5469=APPLICATION_PROTOCOL_DEFINITION('international standard',
'ap242_managed_model_based_3d_engineering',2020,#5477);
#5470=APPLICATION_PROTOCOL_DEFINITION('international standard',
'ap242_managed_model_based_3d_engineering',2020,#5478);
#5471=APPLICATION_PROTOCOL_DEFINITION('international standard',
'ap242_managed_model_based_3d_engineering',2020,#5479);
#5472=APPLICATION_PROTOCOL_DEFINITION('international standard',
'ap242_managed_model_based_3d_engineering',2020,#5480);
#5473=APPLICATION_PROTOCOL_DEFINITION('international standard',
'ap242_managed_model_based_3d_engineering',2020,#5481);
#5474=APPLICATION_PROTOCOL_DEFINITION('international standard',
'ap242_managed_model_based_3d_engineering',2020,#5482);
#5475=APPLICATION_CONTEXT('managed model based 3d engineering');
#5476=APPLICATION_CONTEXT('managed model based 3d engineering');
#5477=APPLICATION_CONTEXT('managed model based 3d engineering');
#5478=APPLICATION_CONTEXT('managed model based 3d engineering');
#5479=APPLICATION_CONTEXT('managed model based 3d engineering');
#5480=APPLICATION_CONTEXT('managed model based 3d engineering');
#5481=APPLICATION_CONTEXT('managed model based 3d engineering');
#5482=APPLICATION_CONTEXT('managed model based 3d engineering');
ENDSEC;
END-ISO-10303-21;
