ISO-10303-21;
HEADER;
/* Generated by software containing ST-Developer
 * from STEP Tools, Inc. (www.steptools.com) 
 */
/* OPTION: using custom renumber hook */

FILE_DESCRIPTION(
/* description */ ('STEP AP242 Edition 2',
'CAx-IF Rec.Pracs.---Representation and Presentation of Product Manufa
cturing Information (PMI)---4.0---2014-10-13',
'CAx-IF Rec.Pracs.---3D Tessellated Geometry---0.4---2014-09-14','2;1',
'CAx-IF Rec.Pracs.---User Defined Attributes---1.5---2016-08-15'),
/* implementation_level */ '2;1');

FILE_NAME(
/* name */ 'full print 2',
/* time_stamp */ '2026-08-09T20:59:48Z',
/* author */ (''),
/* organization */ (''),
/* preprocessor_version */ 'ST-DEVELOPER v20',
/* originating_system */ 'ONSHAPE BY PTC INC, 1.219',
/* authorisation */ '  ');

FILE_SCHEMA (('AP242_MANAGED_MODEL_BASED_3D_ENGINEERING_MIM_LF { 1 0 10303 442 3 1 4 }'));
ENDSEC;

DATA;
#10=ELLIPSE('',#4977,0.00335410196624968,0.003);
#11=ELLIPSE('',#4981,0.00335410196624968,0.003);
#12=ELLIPSE('',#4993,0.00447213595499958,0.004);
#13=ELLIPSE('',#4998,0.00447213595499958,0.004);
#14=B_SPLINE_SURFACE_WITH_KNOTS('',3,3,((#6757,#6758,#6759,#6760,#6761,
#6762,#6763,#6764,#6765,#6766,#6767,#6768,#6769,#6770,#6771,#6772,#6773,
#6774,#6775),(#6776,#6777,#6778,#6779,#6780,#6781,#6782,#6783,#6784,#6785,
#6786,#6787,#6788,#6789,#6790,#6791,#6792,#6793,#6794),(#6795,#6796,#6797,
#6798,#6799,#6800,#6801,#6802,#6803,#6804,#6805,#6806,#6807,#6808,#6809,
#6810,#6811,#6812,#6813),(#6814,#6815,#6816,#6817,#6818,#6819,#6820,#6821,
#6822,#6823,#6824,#6825,#6826,#6827,#6828,#6829,#6830,#6831,#6832),(#6833,
#6834,#6835,#6836,#6837,#6838,#6839,#6840,#6841,#6842,#6843,#6844,#6845,
#6846,#6847,#6848,#6849,#6850,#6851),(#6852,#6853,#6854,#6855,#6856,#6857,
#6858,#6859,#6860,#6861,#6862,#6863,#6864,#6865,#6866,#6867,#6868,#6869,
#6870),(#6871,#6872,#6873,#6874,#6875,#6876,#6877,#6878,#6879,#6880,#6881,
#6882,#6883,#6884,#6885,#6886,#6887,#6888,#6889),(#6890,#6891,#6892,#6893,
#6894,#6895,#6896,#6897,#6898,#6899,#6900,#6901,#6902,#6903,#6904,#6905,
#6906,#6907,#6908)),.UNSPECIFIED.,.F.,.T.,.F.,(4,1,1,1,1,4),(1,1,1,1,1,
1,1,1,1,1,1,1,1,1,1,1,1,1,1,1,1,1,1),(0.,0.25,0.375,0.541666666666667,0.708333333333333,
1.),(-1.17809724509617,-0.785398163397448,-0.392699081698725,0.,0.392699081698724,
0.785398163397448,1.17809724509617,1.5707963267949,1.96349540849362,2.35619449019234,
2.74889357189107,3.14159265358979,3.53429173528852,3.92699081698724,4.31968989868597,
4.71238898038469,5.10508806208341,5.49778714378214,5.89048622548086,6.28318530717959,
6.67588438887831,7.06858347057703,7.46128255227576),.UNSPECIFIED.);
#15=B_SPLINE_SURFACE_WITH_KNOTS('',3,3,((#7513,#7514,#7515,#7516,#7517,
#7518,#7519,#7520,#7521,#7522,#7523,#7524,#7525,#7526,#7527,#7528,#7529,
#7530,#7531),(#7532,#7533,#7534,#7535,#7536,#7537,#7538,#7539,#7540,#7541,
#7542,#7543,#7544,#7545,#7546,#7547,#7548,#7549,#7550),(#7551,#7552,#7553,
#7554,#7555,#7556,#7557,#7558,#7559,#7560,#7561,#7562,#7563,#7564,#7565,
#7566,#7567,#7568,#7569),(#7570,#7571,#7572,#7573,#7574,#7575,#7576,#7577,
#7578,#7579,#7580,#7581,#7582,#7583,#7584,#7585,#7586,#7587,#7588),(#7589,
#7590,#7591,#7592,#7593,#7594,#7595,#7596,#7597,#7598,#7599,#7600,#7601,
#7602,#7603,#7604,#7605,#7606,#7607),(#7608,#7609,#7610,#7611,#7612,#7613,
#7614,#7615,#7616,#7617,#7618,#7619,#7620,#7621,#7622,#7623,#7624,#7625,
#7626),(#7627,#7628,#7629,#7630,#7631,#7632,#7633,#7634,#7635,#7636,#7637,
#7638,#7639,#7640,#7641,#7642,#7643,#7644,#7645),(#7646,#7647,#7648,#7649,
#7650,#7651,#7652,#7653,#7654,#7655,#7656,#7657,#7658,#7659,#7660,#7661,
#7662,#7663,#7664)),.UNSPECIFIED.,.F.,.T.,.F.,(4,1,1,1,1,4),(1,1,1,1,1,
1,1,1,1,1,1,1,1,1,1,1,1,1,1,1,1,1,1),(0.,0.25,0.375,0.541666666666667,0.708333333333333,
1.),(-1.17809724509617,-0.785398163397448,-0.392699081698725,0.,0.392699081698724,
0.785398163397448,1.17809724509617,1.5707963267949,1.96349540849362,2.35619449019234,
2.74889357189107,3.14159265358979,3.53429173528852,3.92699081698724,4.31968989868597,
4.71238898038469,5.10508806208341,5.49778714378214,5.89048622548086,6.28318530717959,
6.67588438887831,7.06858347057703,7.46128255227576),.UNSPECIFIED.);
#16=B_SPLINE_CURVE_WITH_KNOTS('',3,(#6727,#6728,#6729,#6730,#6731,#6732,
#6733,#6734,#6735,#6736,#6737),.UNSPECIFIED.,.T.,.F.,(1,1,1,1,1,1,1,1,1,
1,1,1,1,1,1),(-0.375,-0.25,-0.125,0.,0.125,0.25,0.375,0.5,0.625,0.75,0.875,
1.,1.125,1.25,1.375),.UNSPECIFIED.);
#17=B_SPLINE_CURVE_WITH_KNOTS('',3,(#6745,#6746,#6747,#6748,#6749,#6750,
#6751,#6752,#6753,#6754,#6755),.UNSPECIFIED.,.T.,.F.,(1,1,1,1,1,1,1,1,1,
1,1,1,1,1,1),(-0.3815789453125,-0.256578947265625,-0.131578947363281,0.,
0.11875,0.2434375,0.368421875,0.49342109375,0.6184210546875,0.743421052734375,
0.868421052636719,1.,1.11875,1.2434375,1.368421875),.UNSPECIFIED.);
#18=B_SPLINE_CURVE_WITH_KNOTS('',3,(#6922,#6923,#6924,#6925,#6926,#6927,
#6928,#6929,#6930,#6931,#6932),.UNSPECIFIED.,.T.,.F.,(1,1,1,1,1,1,1,1,1,
1,1,1,1,1,1),(-0.00238365980440318,-0.00158910653626879,-0.000794553268134393,
0.,0.000794553268134393,0.00158910653626879,0.00238365980440318,0.00317821307253757,
0.00397276634067197,0.00476731960880636,0.00556187287694075,0.00635642614507514,
0.00715097941320954,0.00794553268134393,0.00874008594947832),
 .UNSPECIFIED.);
#19=B_SPLINE_CURVE_WITH_KNOTS('',3,(#6935,#6936,#6937,#6938,#6939,#6940,
#6941,#6942,#6943,#6944,#6945),.UNSPECIFIED.,.T.,.F.,(1,1,1,1,1,1,1,1,1,
1,1,1,1,1,1),(-0.00238365980440318,-0.00158910653626878,-0.000794553268134391,
2.03598491441966E-18,0.000794553268134395,0.00158910653626879,0.00238365980440318,
0.00317821307253757,0.00397276634067197,0.00476731960880636,0.00556187287694075,
0.00635642614507515,0.00715097941320954,0.00794553268134393,0.00874008594947833),
 .UNSPECIFIED.);
#20=B_SPLINE_CURVE_WITH_KNOTS('',3,(#7483,#7484,#7485,#7486,#7487,#7488,
#7489,#7490,#7491,#7492,#7493),.UNSPECIFIED.,.T.,.F.,(1,1,1,1,1,1,1,1,1,
1,1,1,1,1,1),(-0.375,-0.25,-0.125,0.,0.125,0.25,0.375,0.5,0.625,0.75,0.875,
1.,1.125,1.25,1.375),.UNSPECIFIED.);
#21=B_SPLINE_CURVE_WITH_KNOTS('',3,(#7501,#7502,#7503,#7504,#7505,#7506,
#7507,#7508,#7509,#7510,#7511),.UNSPECIFIED.,.T.,.F.,(1,1,1,1,1,1,1,1,1,
1,1,1,1,1,1),(-0.3815789453125,-0.256578947265625,-0.131578947363281,0.,
0.11875,0.2434375,0.368421875,0.49342109375,0.6184210546875,0.743421052734375,
0.868421052636719,1.,1.11875,1.2434375,1.368421875),.UNSPECIFIED.);
#22=SHAPE_REPRESENTATION_RELATIONSHIP('','',#4739,#30);
#23=SHAPE_REPRESENTATION_RELATIONSHIP('','',#4740,#31);
#24=SHAPE_REPRESENTATION_RELATIONSHIP('','',#4741,#32);
#25=SHAPE_REPRESENTATION_RELATIONSHIP('','',#4742,#33);
#26=SHAPE_REPRESENTATION_RELATIONSHIP('','',#4743,#34);
#27=SHAPE_REPRESENTATION_RELATIONSHIP('','',#4744,#35);
#28=SHAPE_REPRESENTATION_RELATIONSHIP('','',#4745,#36);
#29=SHAPE_REPRESENTATION_RELATIONSHIP('','',#4746,#37);
#30=ADVANCED_BREP_SHAPE_REPRESENTATION('',(#4723),#8032);
#31=ADVANCED_BREP_SHAPE_REPRESENTATION('',(#4724),#8033);
#32=ADVANCED_BREP_SHAPE_REPRESENTATION('',(#4725),#8034);
#33=ADVANCED_BREP_SHAPE_REPRESENTATION('',(#4726),#8035);
#34=ADVANCED_BREP_SHAPE_REPRESENTATION('',(#4727),#8036);
#35=ADVANCED_BREP_SHAPE_REPRESENTATION('',(#4728),#8037);
#36=ADVANCED_BREP_SHAPE_REPRESENTATION('',(#4729),#8038);
#37=ADVANCED_BREP_SHAPE_REPRESENTATION('',(#4730),#8039);
#38=CIRCLE('',#4774,0.0125);
#39=CIRCLE('',#4775,0.0125);
#40=CIRCLE('',#4777,0.015);
#41=CIRCLE('',#4778,0.015);
#42=CIRCLE('',#4783,0.0125);
#43=CIRCLE('',#4784,0.0125);
#44=CIRCLE('',#4786,0.015);
#45=CIRCLE('',#4787,0.015);
#46=CIRCLE('',#4812,0.05);
#47=CIRCLE('',#4813,0.05);
#48=CIRCLE('',#4815,0.005);
#49=CIRCLE('',#4816,0.005);
#50=CIRCLE('',#4819,0.005);
#51=CIRCLE('',#4820,0.05);
#52=CIRCLE('',#4826,0.05);
#53=CIRCLE('',#4829,0.005);
#54=CIRCLE('',#4841,0.0075);
#55=CIRCLE('',#4843,0.004);
#56=CIRCLE('',#4846,0.004);
#57=CIRCLE('',#4848,0.002);
#58=CIRCLE('',#4850,0.001);
#59=CIRCLE('',#4852,0.001);
#60=CIRCLE('',#4856,0.002);
#61=CIRCLE('',#4857,0.002);
#62=CIRCLE('',#4866,0.0125);
#63=CIRCLE('',#4867,0.015);
#64=CIRCLE('',#4869,0.015);
#65=CIRCLE('',#4871,0.0125);
#66=CIRCLE('',#4874,0.0125);
#67=CIRCLE('',#4875,0.015);
#68=CIRCLE('',#4877,0.015);
#69=CIRCLE('',#4879,0.0125);
#70=CIRCLE('',#4929,0.0125);
#71=CIRCLE('',#4930,0.0125);
#72=CIRCLE('',#4932,0.015);
#73=CIRCLE('',#4933,0.015);
#74=CIRCLE('',#4938,0.0125);
#75=CIRCLE('',#4939,0.0125);
#76=CIRCLE('',#4941,0.015);
#77=CIRCLE('',#4942,0.015);
#78=CIRCLE('',#4966,0.003);
#79=CIRCLE('',#4967,0.004);
#80=CIRCLE('',#4969,0.003);
#81=CIRCLE('',#4970,0.004);
#82=CIRCLE('',#4974,0.003);
#83=CIRCLE('',#4975,0.004);
#84=CIRCLE('',#4978,0.003);
#85=CIRCLE('',#4979,0.003);
#86=CIRCLE('',#4980,0.003);
#87=CIRCLE('',#4982,0.003);
#88=CIRCLE('',#4983,0.003);
#89=CIRCLE('',#4984,0.003);
#90=CIRCLE('',#4985,0.003);
#91=CIRCLE('',#4986,0.003);
#92=CIRCLE('',#4988,0.0075);
#93=CIRCLE('',#4990,0.004);
#94=CIRCLE('',#4994,0.004);
#95=CIRCLE('',#4995,0.004);
#96=CIRCLE('',#4996,0.004);
#97=CIRCLE('',#4997,0.004);
#98=CIRCLE('',#4999,0.004);
#99=CIRCLE('',#5000,0.004);
#100=CIRCLE('',#5001,0.004);
#101=CIRCLE('',#5029,0.0125);
#102=CIRCLE('',#5030,0.015);
#103=CIRCLE('',#5032,0.015);
#104=CIRCLE('',#5034,0.0125);
#105=CIRCLE('',#5037,0.0125);
#106=CIRCLE('',#5038,0.015);
#107=CIRCLE('',#5040,0.015);
#108=CIRCLE('',#5042,0.0125);
#109=CIRCLE('',#5068,0.05);
#110=CIRCLE('',#5069,0.05);
#111=CIRCLE('',#5071,0.005);
#112=CIRCLE('',#5072,0.005);
#113=CIRCLE('',#5075,0.005);
#114=CIRCLE('',#5076,0.05);
#115=CIRCLE('',#5082,0.05);
#116=CIRCLE('',#5085,0.005);
#117=CYLINDRICAL_SURFACE('',#4773,0.0125);
#118=CYLINDRICAL_SURFACE('',#4776,0.015);
#119=CYLINDRICAL_SURFACE('',#4782,0.0125);
#120=CYLINDRICAL_SURFACE('',#4785,0.015);
#121=CYLINDRICAL_SURFACE('',#4811,0.05);
#122=CYLINDRICAL_SURFACE('',#4814,0.005);
#123=CYLINDRICAL_SURFACE('',#4825,0.05);
#124=CYLINDRICAL_SURFACE('',#4828,0.005);
#125=CYLINDRICAL_SURFACE('',#4840,0.0075);
#126=CYLINDRICAL_SURFACE('',#4845,0.004);
#127=CYLINDRICAL_SURFACE('',#4853,0.001);
#128=CYLINDRICAL_SURFACE('',#4854,0.001);
#129=CYLINDRICAL_SURFACE('',#4858,0.002);
#130=CYLINDRICAL_SURFACE('',#4868,0.015);
#131=CYLINDRICAL_SURFACE('',#4872,0.0125);
#132=CYLINDRICAL_SURFACE('',#4876,0.015);
#133=CYLINDRICAL_SURFACE('',#4880,0.0125);
#134=CYLINDRICAL_SURFACE('',#4928,0.0125);
#135=CYLINDRICAL_SURFACE('',#4931,0.015);
#136=CYLINDRICAL_SURFACE('',#4937,0.0125);
#137=CYLINDRICAL_SURFACE('',#4940,0.015);
#138=CYLINDRICAL_SURFACE('',#4976,0.003);
#139=CYLINDRICAL_SURFACE('',#4987,0.0075);
#140=CYLINDRICAL_SURFACE('',#4992,0.004);
#141=CYLINDRICAL_SURFACE('',#5031,0.015);
#142=CYLINDRICAL_SURFACE('',#5035,0.0125);
#143=CYLINDRICAL_SURFACE('',#5039,0.015);
#144=CYLINDRICAL_SURFACE('',#5043,0.0125);
#145=CYLINDRICAL_SURFACE('',#5067,0.05);
#146=CYLINDRICAL_SURFACE('',#5070,0.005);
#147=CYLINDRICAL_SURFACE('',#5081,0.05);
#148=CYLINDRICAL_SURFACE('',#5084,0.005);
#149=ORIENTED_EDGE('',*,*,#1415,.T.);
#150=ORIENTED_EDGE('',*,*,#1416,.T.);
#151=ORIENTED_EDGE('',*,*,#1417,.F.);
#152=ORIENTED_EDGE('',*,*,#1418,.T.);
#153=ORIENTED_EDGE('',*,*,#1419,.T.);
#154=ORIENTED_EDGE('',*,*,#1420,.F.);
#155=ORIENTED_EDGE('',*,*,#1421,.F.);
#156=ORIENTED_EDGE('',*,*,#1422,.T.);
#157=ORIENTED_EDGE('',*,*,#1417,.T.);
#158=ORIENTED_EDGE('',*,*,#1423,.T.);
#159=ORIENTED_EDGE('',*,*,#1424,.T.);
#160=ORIENTED_EDGE('',*,*,#1425,.T.);
#161=ORIENTED_EDGE('',*,*,#1426,.T.);
#162=ORIENTED_EDGE('',*,*,#1427,.T.);
#163=ORIENTED_EDGE('',*,*,#1428,.F.);
#164=ORIENTED_EDGE('',*,*,#1429,.F.);
#165=ORIENTED_EDGE('',*,*,#1430,.T.);
#166=ORIENTED_EDGE('',*,*,#1431,.F.);
#167=ORIENTED_EDGE('',*,*,#1425,.F.);
#168=ORIENTED_EDGE('',*,*,#1432,.T.);
#169=ORIENTED_EDGE('',*,*,#1433,.F.);
#170=ORIENTED_EDGE('',*,*,#1434,.T.);
#171=ORIENTED_EDGE('',*,*,#1435,.F.);
#172=ORIENTED_EDGE('',*,*,#1436,.T.);
#173=ORIENTED_EDGE('',*,*,#1437,.T.);
#174=ORIENTED_EDGE('',*,*,#1438,.T.);
#175=ORIENTED_EDGE('',*,*,#1439,.T.);
#176=ORIENTED_EDGE('',*,*,#1440,.F.);
#177=ORIENTED_EDGE('',*,*,#1441,.T.);
#178=ORIENTED_EDGE('',*,*,#1442,.T.);
#179=ORIENTED_EDGE('',*,*,#1443,.T.);
#180=ORIENTED_EDGE('',*,*,#1444,.F.);
#181=ORIENTED_EDGE('',*,*,#1445,.T.);
#182=ORIENTED_EDGE('',*,*,#1446,.T.);
#183=ORIENTED_EDGE('',*,*,#1447,.F.);
#184=ORIENTED_EDGE('',*,*,#1448,.F.);
#185=ORIENTED_EDGE('',*,*,#1449,.T.);
#186=ORIENTED_EDGE('',*,*,#1450,.T.);
#187=ORIENTED_EDGE('',*,*,#1451,.F.);
#188=ORIENTED_EDGE('',*,*,#1436,.F.);
#189=ORIENTED_EDGE('',*,*,#1420,.T.);
#190=ORIENTED_EDGE('',*,*,#1452,.T.);
#191=ORIENTED_EDGE('',*,*,#1450,.F.);
#192=ORIENTED_EDGE('',*,*,#1453,.F.);
#193=ORIENTED_EDGE('',*,*,#1448,.T.);
#194=ORIENTED_EDGE('',*,*,#1454,.F.);
#195=ORIENTED_EDGE('',*,*,#1455,.T.);
#196=ORIENTED_EDGE('',*,*,#1426,.F.);
#197=ORIENTED_EDGE('',*,*,#1456,.T.);
#198=ORIENTED_EDGE('',*,*,#1457,.T.);
#199=ORIENTED_EDGE('',*,*,#1458,.F.);
#200=ORIENTED_EDGE('',*,*,#1459,.F.);
#201=ORIENTED_EDGE('',*,*,#1460,.T.);
#202=ORIENTED_EDGE('',*,*,#1461,.F.);
#203=ORIENTED_EDGE('',*,*,#1418,.F.);
#204=ORIENTED_EDGE('',*,*,#1427,.F.);
#205=ORIENTED_EDGE('',*,*,#1455,.F.);
#206=ORIENTED_EDGE('',*,*,#1462,.T.);
#207=ORIENTED_EDGE('',*,*,#1463,.F.);
#208=ORIENTED_EDGE('',*,*,#1464,.T.);
#209=ORIENTED_EDGE('',*,*,#1465,.T.);
#210=ORIENTED_EDGE('',*,*,#1466,.F.);
#211=ORIENTED_EDGE('',*,*,#1467,.F.);
#212=ORIENTED_EDGE('',*,*,#1468,.T.);
#213=ORIENTED_EDGE('',*,*,#1469,.T.);
#214=ORIENTED_EDGE('',*,*,#1470,.F.);
#215=ORIENTED_EDGE('',*,*,#1462,.F.);
#216=ORIENTED_EDGE('',*,*,#1454,.T.);
#217=ORIENTED_EDGE('',*,*,#1447,.T.);
#218=ORIENTED_EDGE('',*,*,#1471,.F.);
#219=ORIENTED_EDGE('',*,*,#1445,.F.);
#220=ORIENTED_EDGE('',*,*,#1472,.F.);
#221=ORIENTED_EDGE('',*,*,#1473,.F.);
#222=ORIENTED_EDGE('',*,*,#1474,.T.);
#223=ORIENTED_EDGE('',*,*,#1441,.F.);
#224=ORIENTED_EDGE('',*,*,#1475,.F.);
#225=ORIENTED_EDGE('',*,*,#1476,.F.);
#226=ORIENTED_EDGE('',*,*,#1477,.T.);
#227=ORIENTED_EDGE('',*,*,#1437,.F.);
#228=ORIENTED_EDGE('',*,*,#1451,.T.);
#229=ORIENTED_EDGE('',*,*,#1452,.F.);
#230=ORIENTED_EDGE('',*,*,#1419,.F.);
#231=ORIENTED_EDGE('',*,*,#1461,.T.);
#232=ORIENTED_EDGE('',*,*,#1478,.F.);
#233=ORIENTED_EDGE('',*,*,#1442,.F.);
#234=ORIENTED_EDGE('',*,*,#1474,.F.);
#235=ORIENTED_EDGE('',*,*,#1479,.T.);
#236=ORIENTED_EDGE('',*,*,#1480,.T.);
#237=ORIENTED_EDGE('',*,*,#1443,.F.);
#238=ORIENTED_EDGE('',*,*,#1480,.F.);
#239=ORIENTED_EDGE('',*,*,#1481,.T.);
#240=ORIENTED_EDGE('',*,*,#1482,.T.);
#241=ORIENTED_EDGE('',*,*,#1472,.T.);
#242=ORIENTED_EDGE('',*,*,#1444,.T.);
#243=ORIENTED_EDGE('',*,*,#1482,.F.);
#244=ORIENTED_EDGE('',*,*,#1483,.F.);
#245=ORIENTED_EDGE('',*,*,#1473,.T.);
#246=ORIENTED_EDGE('',*,*,#1483,.T.);
#247=ORIENTED_EDGE('',*,*,#1481,.F.);
#248=ORIENTED_EDGE('',*,*,#1479,.F.);
#249=ORIENTED_EDGE('',*,*,#1438,.F.);
#250=ORIENTED_EDGE('',*,*,#1477,.F.);
#251=ORIENTED_EDGE('',*,*,#1484,.T.);
#252=ORIENTED_EDGE('',*,*,#1485,.T.);
#253=ORIENTED_EDGE('',*,*,#1439,.F.);
#254=ORIENTED_EDGE('',*,*,#1485,.F.);
#255=ORIENTED_EDGE('',*,*,#1486,.T.);
#256=ORIENTED_EDGE('',*,*,#1487,.T.);
#257=ORIENTED_EDGE('',*,*,#1475,.T.);
#258=ORIENTED_EDGE('',*,*,#1440,.T.);
#259=ORIENTED_EDGE('',*,*,#1487,.F.);
#260=ORIENTED_EDGE('',*,*,#1488,.F.);
#261=ORIENTED_EDGE('',*,*,#1476,.T.);
#262=ORIENTED_EDGE('',*,*,#1488,.T.);
#263=ORIENTED_EDGE('',*,*,#1486,.F.);
#264=ORIENTED_EDGE('',*,*,#1484,.F.);
#265=ORIENTED_EDGE('',*,*,#1489,.F.);
#266=ORIENTED_EDGE('',*,*,#1490,.F.);
#267=ORIENTED_EDGE('',*,*,#1491,.T.);
#268=ORIENTED_EDGE('',*,*,#1492,.F.);
#269=ORIENTED_EDGE('',*,*,#1493,.T.);
#270=ORIENTED_EDGE('',*,*,#1494,.F.);
#271=ORIENTED_EDGE('',*,*,#1430,.F.);
#272=ORIENTED_EDGE('',*,*,#1495,.F.);
#273=ORIENTED_EDGE('',*,*,#1491,.F.);
#274=ORIENTED_EDGE('',*,*,#1496,.F.);
#275=ORIENTED_EDGE('',*,*,#1497,.F.);
#276=ORIENTED_EDGE('',*,*,#1493,.F.);
#277=ORIENTED_EDGE('',*,*,#1498,.F.);
#278=ORIENTED_EDGE('',*,*,#1499,.T.);
#279=ORIENTED_EDGE('',*,*,#1500,.F.);
#280=ORIENTED_EDGE('',*,*,#1501,.F.);
#281=ORIENTED_EDGE('',*,*,#1489,.T.);
#282=ORIENTED_EDGE('',*,*,#1502,.F.);
#283=ORIENTED_EDGE('',*,*,#1428,.T.);
#284=ORIENTED_EDGE('',*,*,#1503,.F.);
#285=ORIENTED_EDGE('',*,*,#1499,.F.);
#286=ORIENTED_EDGE('',*,*,#1504,.F.);
#287=ORIENTED_EDGE('',*,*,#1490,.T.);
#288=ORIENTED_EDGE('',*,*,#1501,.T.);
#289=ORIENTED_EDGE('',*,*,#1505,.T.);
#290=ORIENTED_EDGE('',*,*,#1496,.T.);
#291=ORIENTED_EDGE('',*,*,#1497,.T.);
#292=ORIENTED_EDGE('',*,*,#1505,.F.);
#293=ORIENTED_EDGE('',*,*,#1504,.T.);
#294=ORIENTED_EDGE('',*,*,#1498,.T.);
#295=ORIENTED_EDGE('',*,*,#1494,.T.);
#296=ORIENTED_EDGE('',*,*,#1500,.T.);
#297=ORIENTED_EDGE('',*,*,#1503,.T.);
#298=ORIENTED_EDGE('',*,*,#1431,.T.);
#299=ORIENTED_EDGE('',*,*,#1495,.T.);
#300=ORIENTED_EDGE('',*,*,#1429,.T.);
#301=ORIENTED_EDGE('',*,*,#1502,.T.);
#302=ORIENTED_EDGE('',*,*,#1492,.T.);
#303=ORIENTED_EDGE('',*,*,#1467,.T.);
#304=ORIENTED_EDGE('',*,*,#1506,.F.);
#305=ORIENTED_EDGE('',*,*,#1507,.T.);
#306=ORIENTED_EDGE('',*,*,#1508,.T.);
#307=ORIENTED_EDGE('',*,*,#1509,.F.);
#308=ORIENTED_EDGE('',*,*,#1510,.F.);
#309=ORIENTED_EDGE('',*,*,#1511,.T.);
#310=ORIENTED_EDGE('',*,*,#1469,.F.);
#311=ORIENTED_EDGE('',*,*,#1470,.T.);
#312=ORIENTED_EDGE('',*,*,#1511,.F.);
#313=ORIENTED_EDGE('',*,*,#1512,.T.);
#314=ORIENTED_EDGE('',*,*,#1506,.T.);
#315=ORIENTED_EDGE('',*,*,#1508,.F.);
#316=ORIENTED_EDGE('',*,*,#1513,.F.);
#317=ORIENTED_EDGE('',*,*,#1509,.T.);
#318=ORIENTED_EDGE('',*,*,#1468,.F.);
#319=ORIENTED_EDGE('',*,*,#1513,.T.);
#320=ORIENTED_EDGE('',*,*,#1507,.F.);
#321=ORIENTED_EDGE('',*,*,#1512,.F.);
#322=ORIENTED_EDGE('',*,*,#1510,.T.);
#323=ORIENTED_EDGE('',*,*,#1463,.T.);
#324=ORIENTED_EDGE('',*,*,#1514,.F.);
#325=ORIENTED_EDGE('',*,*,#1515,.T.);
#326=ORIENTED_EDGE('',*,*,#1516,.T.);
#327=ORIENTED_EDGE('',*,*,#1517,.F.);
#328=ORIENTED_EDGE('',*,*,#1518,.F.);
#329=ORIENTED_EDGE('',*,*,#1519,.T.);
#330=ORIENTED_EDGE('',*,*,#1465,.F.);
#331=ORIENTED_EDGE('',*,*,#1466,.T.);
#332=ORIENTED_EDGE('',*,*,#1519,.F.);
#333=ORIENTED_EDGE('',*,*,#1520,.T.);
#334=ORIENTED_EDGE('',*,*,#1514,.T.);
#335=ORIENTED_EDGE('',*,*,#1516,.F.);
#336=ORIENTED_EDGE('',*,*,#1521,.F.);
#337=ORIENTED_EDGE('',*,*,#1517,.T.);
#338=ORIENTED_EDGE('',*,*,#1464,.F.);
#339=ORIENTED_EDGE('',*,*,#1521,.T.);
#340=ORIENTED_EDGE('',*,*,#1515,.F.);
#341=ORIENTED_EDGE('',*,*,#1520,.F.);
#342=ORIENTED_EDGE('',*,*,#1518,.T.);
#343=ORIENTED_EDGE('',*,*,#1522,.T.);
#344=ORIENTED_EDGE('',*,*,#1523,.T.);
#345=ORIENTED_EDGE('',*,*,#1524,.F.);
#346=ORIENTED_EDGE('',*,*,#1525,.F.);
#347=ORIENTED_EDGE('',*,*,#1460,.F.);
#348=ORIENTED_EDGE('',*,*,#1471,.T.);
#349=ORIENTED_EDGE('',*,*,#1446,.F.);
#350=ORIENTED_EDGE('',*,*,#1478,.T.);
#351=ORIENTED_EDGE('',*,*,#1525,.T.);
#352=ORIENTED_EDGE('',*,*,#1526,.F.);
#353=ORIENTED_EDGE('',*,*,#1527,.F.);
#354=ORIENTED_EDGE('',*,*,#1528,.T.);
#355=ORIENTED_EDGE('',*,*,#1522,.F.);
#356=ORIENTED_EDGE('',*,*,#1528,.F.);
#357=ORIENTED_EDGE('',*,*,#1529,.T.);
#358=ORIENTED_EDGE('',*,*,#1530,.T.);
#359=ORIENTED_EDGE('',*,*,#1523,.F.);
#360=ORIENTED_EDGE('',*,*,#1530,.F.);
#361=ORIENTED_EDGE('',*,*,#1531,.T.);
#362=ORIENTED_EDGE('',*,*,#1532,.T.);
#363=ORIENTED_EDGE('',*,*,#1524,.T.);
#364=ORIENTED_EDGE('',*,*,#1532,.F.);
#365=ORIENTED_EDGE('',*,*,#1533,.F.);
#366=ORIENTED_EDGE('',*,*,#1526,.T.);
#367=ORIENTED_EDGE('',*,*,#1527,.T.);
#368=ORIENTED_EDGE('',*,*,#1533,.T.);
#369=ORIENTED_EDGE('',*,*,#1531,.F.);
#370=ORIENTED_EDGE('',*,*,#1529,.F.);
#371=ORIENTED_EDGE('',*,*,#1459,.T.);
#372=ORIENTED_EDGE('',*,*,#1534,.F.);
#373=ORIENTED_EDGE('',*,*,#1535,.F.);
#374=ORIENTED_EDGE('',*,*,#1536,.T.);
#375=ORIENTED_EDGE('',*,*,#1456,.F.);
#376=ORIENTED_EDGE('',*,*,#1536,.F.);
#377=ORIENTED_EDGE('',*,*,#1537,.T.);
#378=ORIENTED_EDGE('',*,*,#1538,.T.);
#379=ORIENTED_EDGE('',*,*,#1457,.F.);
#380=ORIENTED_EDGE('',*,*,#1538,.F.);
#381=ORIENTED_EDGE('',*,*,#1539,.T.);
#382=ORIENTED_EDGE('',*,*,#1540,.T.);
#383=ORIENTED_EDGE('',*,*,#1458,.T.);
#384=ORIENTED_EDGE('',*,*,#1540,.F.);
#385=ORIENTED_EDGE('',*,*,#1541,.F.);
#386=ORIENTED_EDGE('',*,*,#1534,.T.);
#387=ORIENTED_EDGE('',*,*,#1535,.T.);
#388=ORIENTED_EDGE('',*,*,#1541,.T.);
#389=ORIENTED_EDGE('',*,*,#1539,.F.);
#390=ORIENTED_EDGE('',*,*,#1537,.F.);
#391=ORIENTED_EDGE('',*,*,#1542,.F.);
#392=ORIENTED_EDGE('',*,*,#1543,.T.);
#393=ORIENTED_EDGE('',*,*,#1433,.T.);
#394=ORIENTED_EDGE('',*,*,#1544,.T.);
#395=ORIENTED_EDGE('',*,*,#1415,.F.);
#396=ORIENTED_EDGE('',*,*,#1545,.T.);
#397=ORIENTED_EDGE('',*,*,#1542,.T.);
#398=ORIENTED_EDGE('',*,*,#1546,.T.);
#399=ORIENTED_EDGE('',*,*,#1547,.T.);
#400=ORIENTED_EDGE('',*,*,#1548,.T.);
#401=ORIENTED_EDGE('',*,*,#1421,.T.);
#402=ORIENTED_EDGE('',*,*,#1453,.T.);
#403=ORIENTED_EDGE('',*,*,#1449,.F.);
#404=ORIENTED_EDGE('',*,*,#1435,.T.);
#405=ORIENTED_EDGE('',*,*,#1434,.F.);
#406=ORIENTED_EDGE('',*,*,#1543,.F.);
#407=ORIENTED_EDGE('',*,*,#1549,.F.);
#408=ORIENTED_EDGE('',*,*,#1547,.F.);
#409=ORIENTED_EDGE('',*,*,#1422,.F.);
#410=ORIENTED_EDGE('',*,*,#1548,.F.);
#411=ORIENTED_EDGE('',*,*,#1549,.T.);
#412=ORIENTED_EDGE('',*,*,#1545,.F.);
#413=ORIENTED_EDGE('',*,*,#1432,.F.);
#414=ORIENTED_EDGE('',*,*,#1424,.F.);
#415=ORIENTED_EDGE('',*,*,#1550,.F.);
#416=ORIENTED_EDGE('',*,*,#1544,.F.);
#417=ORIENTED_EDGE('',*,*,#1416,.F.);
#418=ORIENTED_EDGE('',*,*,#1546,.F.);
#419=ORIENTED_EDGE('',*,*,#1550,.T.);
#420=ORIENTED_EDGE('',*,*,#1423,.F.);
#421=ORIENTED_EDGE('',*,*,#1551,.F.);
#422=ORIENTED_EDGE('',*,*,#1552,.T.);
#423=ORIENTED_EDGE('',*,*,#1553,.F.);
#424=ORIENTED_EDGE('',*,*,#1554,.F.);
#425=ORIENTED_EDGE('',*,*,#1555,.F.);
#426=ORIENTED_EDGE('',*,*,#1556,.T.);
#427=ORIENTED_EDGE('',*,*,#1557,.T.);
#428=ORIENTED_EDGE('',*,*,#1558,.F.);
#429=ORIENTED_EDGE('',*,*,#1559,.F.);
#430=ORIENTED_EDGE('',*,*,#1560,.F.);
#431=ORIENTED_EDGE('',*,*,#1561,.F.);
#432=ORIENTED_EDGE('',*,*,#1562,.F.);
#433=ORIENTED_EDGE('',*,*,#1563,.T.);
#434=ORIENTED_EDGE('',*,*,#1564,.T.);
#435=ORIENTED_EDGE('',*,*,#1565,.T.);
#436=ORIENTED_EDGE('',*,*,#1562,.T.);
#437=ORIENTED_EDGE('',*,*,#1566,.F.);
#438=ORIENTED_EDGE('',*,*,#1567,.F.);
#439=ORIENTED_EDGE('',*,*,#1568,.T.);
#440=ORIENTED_EDGE('',*,*,#1569,.T.);
#441=ORIENTED_EDGE('',*,*,#1570,.T.);
#442=ORIENTED_EDGE('',*,*,#1571,.F.);
#443=ORIENTED_EDGE('',*,*,#1572,.F.);
#444=ORIENTED_EDGE('',*,*,#1573,.F.);
#445=ORIENTED_EDGE('',*,*,#1574,.T.);
#446=ORIENTED_EDGE('',*,*,#1575,.F.);
#447=ORIENTED_EDGE('',*,*,#1576,.F.);
#448=ORIENTED_EDGE('',*,*,#1573,.T.);
#449=ORIENTED_EDGE('',*,*,#1577,.T.);
#450=ORIENTED_EDGE('',*,*,#1563,.F.);
#451=ORIENTED_EDGE('',*,*,#1578,.T.);
#452=ORIENTED_EDGE('',*,*,#1559,.T.);
#453=ORIENTED_EDGE('',*,*,#1565,.F.);
#454=ORIENTED_EDGE('',*,*,#1579,.F.);
#455=ORIENTED_EDGE('',*,*,#1575,.T.);
#456=ORIENTED_EDGE('',*,*,#1580,.T.);
#457=ORIENTED_EDGE('',*,*,#1581,.F.);
#458=ORIENTED_EDGE('',*,*,#1560,.T.);
#459=ORIENTED_EDGE('',*,*,#1578,.F.);
#460=ORIENTED_EDGE('',*,*,#1582,.T.);
#461=ORIENTED_EDGE('',*,*,#1583,.T.);
#462=ORIENTED_EDGE('',*,*,#1584,.T.);
#463=ORIENTED_EDGE('',*,*,#1569,.F.);
#464=ORIENTED_EDGE('',*,*,#1585,.F.);
#465=ORIENTED_EDGE('',*,*,#1586,.F.);
#466=ORIENTED_EDGE('',*,*,#1587,.F.);
#467=ORIENTED_EDGE('',*,*,#1570,.F.);
#468=ORIENTED_EDGE('',*,*,#1584,.F.);
#469=ORIENTED_EDGE('',*,*,#1571,.T.);
#470=ORIENTED_EDGE('',*,*,#1587,.T.);
#471=ORIENTED_EDGE('',*,*,#1588,.T.);
#472=ORIENTED_EDGE('',*,*,#1589,.T.);
#473=ORIENTED_EDGE('',*,*,#1590,.F.);
#474=ORIENTED_EDGE('',*,*,#1568,.F.);
#475=ORIENTED_EDGE('',*,*,#1590,.T.);
#476=ORIENTED_EDGE('',*,*,#1591,.F.);
#477=ORIENTED_EDGE('',*,*,#1554,.T.);
#478=ORIENTED_EDGE('',*,*,#1592,.F.);
#479=ORIENTED_EDGE('',*,*,#1588,.F.);
#480=ORIENTED_EDGE('',*,*,#1586,.T.);
#481=ORIENTED_EDGE('',*,*,#1583,.F.);
#482=ORIENTED_EDGE('',*,*,#1592,.T.);
#483=ORIENTED_EDGE('',*,*,#1553,.T.);
#484=ORIENTED_EDGE('',*,*,#1593,.F.);
#485=ORIENTED_EDGE('',*,*,#1582,.F.);
#486=ORIENTED_EDGE('',*,*,#1580,.F.);
#487=ORIENTED_EDGE('',*,*,#1577,.F.);
#488=ORIENTED_EDGE('',*,*,#1572,.T.);
#489=ORIENTED_EDGE('',*,*,#1589,.F.);
#490=ORIENTED_EDGE('',*,*,#1594,.F.);
#491=ORIENTED_EDGE('',*,*,#1551,.T.);
#492=ORIENTED_EDGE('',*,*,#1591,.T.);
#493=ORIENTED_EDGE('',*,*,#1585,.T.);
#494=ORIENTED_EDGE('',*,*,#1574,.F.);
#495=ORIENTED_EDGE('',*,*,#1576,.T.);
#496=ORIENTED_EDGE('',*,*,#1579,.T.);
#497=ORIENTED_EDGE('',*,*,#1567,.T.);
#498=ORIENTED_EDGE('',*,*,#1564,.F.);
#499=ORIENTED_EDGE('',*,*,#1552,.F.);
#500=ORIENTED_EDGE('',*,*,#1594,.T.);
#501=ORIENTED_EDGE('',*,*,#1566,.T.);
#502=ORIENTED_EDGE('',*,*,#1561,.T.);
#503=ORIENTED_EDGE('',*,*,#1581,.T.);
#504=ORIENTED_EDGE('',*,*,#1593,.T.);
#505=ORIENTED_EDGE('',*,*,#1556,.F.);
#506=ORIENTED_EDGE('',*,*,#1595,.F.);
#507=ORIENTED_EDGE('',*,*,#1596,.T.);
#508=ORIENTED_EDGE('',*,*,#1597,.T.);
#509=ORIENTED_EDGE('',*,*,#1555,.T.);
#510=ORIENTED_EDGE('',*,*,#1598,.F.);
#511=ORIENTED_EDGE('',*,*,#1599,.F.);
#512=ORIENTED_EDGE('',*,*,#1595,.T.);
#513=ORIENTED_EDGE('',*,*,#1558,.T.);
#514=ORIENTED_EDGE('',*,*,#1600,.F.);
#515=ORIENTED_EDGE('',*,*,#1601,.F.);
#516=ORIENTED_EDGE('',*,*,#1598,.T.);
#517=ORIENTED_EDGE('',*,*,#1557,.F.);
#518=ORIENTED_EDGE('',*,*,#1597,.F.);
#519=ORIENTED_EDGE('',*,*,#1602,.T.);
#520=ORIENTED_EDGE('',*,*,#1600,.T.);
#521=ORIENTED_EDGE('',*,*,#1596,.F.);
#522=ORIENTED_EDGE('',*,*,#1599,.T.);
#523=ORIENTED_EDGE('',*,*,#1601,.T.);
#524=ORIENTED_EDGE('',*,*,#1602,.F.);
#525=ORIENTED_EDGE('',*,*,#1603,.T.);
#526=ORIENTED_EDGE('',*,*,#1604,.F.);
#527=ORIENTED_EDGE('',*,*,#1605,.F.);
#528=ORIENTED_EDGE('',*,*,#1604,.T.);
#529=ORIENTED_EDGE('',*,*,#1606,.T.);
#530=ORIENTED_EDGE('',*,*,#1606,.F.);
#531=ORIENTED_EDGE('',*,*,#1603,.F.);
#532=ORIENTED_EDGE('',*,*,#1607,.F.);
#533=ORIENTED_EDGE('',*,*,#1605,.T.);
#534=ORIENTED_EDGE('',*,*,#1608,.F.);
#535=ORIENTED_EDGE('',*,*,#1607,.T.);
#536=ORIENTED_EDGE('',*,*,#1609,.T.);
#537=ORIENTED_EDGE('',*,*,#1610,.F.);
#538=ORIENTED_EDGE('',*,*,#1609,.F.);
#539=ORIENTED_EDGE('',*,*,#1611,.T.);
#540=ORIENTED_EDGE('',*,*,#1610,.T.);
#541=ORIENTED_EDGE('',*,*,#1612,.T.);
#542=ORIENTED_EDGE('',*,*,#1613,.T.);
#543=ORIENTED_EDGE('',*,*,#1614,.T.);
#544=ORIENTED_EDGE('',*,*,#1608,.T.);
#545=ORIENTED_EDGE('',*,*,#1613,.F.);
#546=ORIENTED_EDGE('',*,*,#1612,.F.);
#547=ORIENTED_EDGE('',*,*,#1614,.F.);
#548=ORIENTED_EDGE('',*,*,#1611,.F.);
#549=ORIENTED_EDGE('',*,*,#1615,.T.);
#550=ORIENTED_EDGE('',*,*,#1616,.F.);
#551=ORIENTED_EDGE('',*,*,#1617,.T.);
#552=ORIENTED_EDGE('',*,*,#1618,.F.);
#553=ORIENTED_EDGE('',*,*,#1619,.T.);
#554=ORIENTED_EDGE('',*,*,#1620,.T.);
#555=ORIENTED_EDGE('',*,*,#1621,.F.);
#556=ORIENTED_EDGE('',*,*,#1622,.F.);
#557=ORIENTED_EDGE('',*,*,#1623,.T.);
#558=ORIENTED_EDGE('',*,*,#1624,.F.);
#559=ORIENTED_EDGE('',*,*,#1625,.F.);
#560=ORIENTED_EDGE('',*,*,#1626,.T.);
#561=ORIENTED_EDGE('',*,*,#1627,.T.);
#562=ORIENTED_EDGE('',*,*,#1628,.F.);
#563=ORIENTED_EDGE('',*,*,#1629,.F.);
#564=ORIENTED_EDGE('',*,*,#1630,.T.);
#565=ORIENTED_EDGE('',*,*,#1631,.F.);
#566=ORIENTED_EDGE('',*,*,#1632,.F.);
#567=ORIENTED_EDGE('',*,*,#1633,.T.);
#568=ORIENTED_EDGE('',*,*,#1634,.T.);
#569=ORIENTED_EDGE('',*,*,#1635,.F.);
#570=ORIENTED_EDGE('',*,*,#1636,.F.);
#571=ORIENTED_EDGE('',*,*,#1637,.T.);
#572=ORIENTED_EDGE('',*,*,#1638,.T.);
#573=ORIENTED_EDGE('',*,*,#1639,.F.);
#574=ORIENTED_EDGE('',*,*,#1623,.F.);
#575=ORIENTED_EDGE('',*,*,#1640,.T.);
#576=ORIENTED_EDGE('',*,*,#1641,.F.);
#577=ORIENTED_EDGE('',*,*,#1640,.F.);
#578=ORIENTED_EDGE('',*,*,#1626,.F.);
#579=ORIENTED_EDGE('',*,*,#1642,.T.);
#580=ORIENTED_EDGE('',*,*,#1643,.F.);
#581=ORIENTED_EDGE('',*,*,#1644,.T.);
#582=ORIENTED_EDGE('',*,*,#1642,.F.);
#583=ORIENTED_EDGE('',*,*,#1625,.T.);
#584=ORIENTED_EDGE('',*,*,#1645,.T.);
#585=ORIENTED_EDGE('',*,*,#1646,.T.);
#586=ORIENTED_EDGE('',*,*,#1645,.F.);
#587=ORIENTED_EDGE('',*,*,#1624,.T.);
#588=ORIENTED_EDGE('',*,*,#1639,.T.);
#589=ORIENTED_EDGE('',*,*,#1647,.F.);
#590=ORIENTED_EDGE('',*,*,#1627,.F.);
#591=ORIENTED_EDGE('',*,*,#1648,.T.);
#592=ORIENTED_EDGE('',*,*,#1649,.F.);
#593=ORIENTED_EDGE('',*,*,#1648,.F.);
#594=ORIENTED_EDGE('',*,*,#1630,.F.);
#595=ORIENTED_EDGE('',*,*,#1650,.T.);
#596=ORIENTED_EDGE('',*,*,#1651,.F.);
#597=ORIENTED_EDGE('',*,*,#1652,.T.);
#598=ORIENTED_EDGE('',*,*,#1650,.F.);
#599=ORIENTED_EDGE('',*,*,#1629,.T.);
#600=ORIENTED_EDGE('',*,*,#1653,.T.);
#601=ORIENTED_EDGE('',*,*,#1654,.T.);
#602=ORIENTED_EDGE('',*,*,#1653,.F.);
#603=ORIENTED_EDGE('',*,*,#1628,.T.);
#604=ORIENTED_EDGE('',*,*,#1647,.T.);
#605=ORIENTED_EDGE('',*,*,#1655,.T.);
#606=ORIENTED_EDGE('',*,*,#1656,.T.);
#607=ORIENTED_EDGE('',*,*,#1657,.F.);
#608=ORIENTED_EDGE('',*,*,#1658,.F.);
#609=ORIENTED_EDGE('',*,*,#1659,.F.);
#610=ORIENTED_EDGE('',*,*,#1660,.T.);
#611=ORIENTED_EDGE('',*,*,#1661,.F.);
#612=ORIENTED_EDGE('',*,*,#1662,.T.);
#613=ORIENTED_EDGE('',*,*,#1663,.T.);
#614=ORIENTED_EDGE('',*,*,#1664,.T.);
#615=ORIENTED_EDGE('',*,*,#1638,.F.);
#616=ORIENTED_EDGE('',*,*,#1665,.F.);
#617=ORIENTED_EDGE('',*,*,#1666,.T.);
#618=ORIENTED_EDGE('',*,*,#1665,.T.);
#619=ORIENTED_EDGE('',*,*,#1637,.F.);
#620=ORIENTED_EDGE('',*,*,#1667,.F.);
#621=ORIENTED_EDGE('',*,*,#1668,.F.);
#622=ORIENTED_EDGE('',*,*,#1669,.F.);
#623=ORIENTED_EDGE('',*,*,#1667,.T.);
#624=ORIENTED_EDGE('',*,*,#1636,.T.);
#625=ORIENTED_EDGE('',*,*,#1670,.T.);
#626=ORIENTED_EDGE('',*,*,#1671,.T.);
#627=ORIENTED_EDGE('',*,*,#1634,.F.);
#628=ORIENTED_EDGE('',*,*,#1672,.F.);
#629=ORIENTED_EDGE('',*,*,#1673,.T.);
#630=ORIENTED_EDGE('',*,*,#1672,.T.);
#631=ORIENTED_EDGE('',*,*,#1633,.F.);
#632=ORIENTED_EDGE('',*,*,#1674,.F.);
#633=ORIENTED_EDGE('',*,*,#1675,.F.);
#634=ORIENTED_EDGE('',*,*,#1676,.F.);
#635=ORIENTED_EDGE('',*,*,#1674,.T.);
#636=ORIENTED_EDGE('',*,*,#1632,.T.);
#637=ORIENTED_EDGE('',*,*,#1616,.T.);
#638=ORIENTED_EDGE('',*,*,#1677,.T.);
#639=ORIENTED_EDGE('',*,*,#1660,.F.);
#640=ORIENTED_EDGE('',*,*,#1678,.F.);
#641=ORIENTED_EDGE('',*,*,#1663,.F.);
#642=ORIENTED_EDGE('',*,*,#1666,.F.);
#643=ORIENTED_EDGE('',*,*,#1669,.T.);
#644=ORIENTED_EDGE('',*,*,#1679,.F.);
#645=ORIENTED_EDGE('',*,*,#1670,.F.);
#646=ORIENTED_EDGE('',*,*,#1673,.F.);
#647=ORIENTED_EDGE('',*,*,#1676,.T.);
#648=ORIENTED_EDGE('',*,*,#1680,.F.);
#649=ORIENTED_EDGE('',*,*,#1654,.F.);
#650=ORIENTED_EDGE('',*,*,#1649,.T.);
#651=ORIENTED_EDGE('',*,*,#1651,.T.);
#652=ORIENTED_EDGE('',*,*,#1652,.F.);
#653=ORIENTED_EDGE('',*,*,#1646,.F.);
#654=ORIENTED_EDGE('',*,*,#1641,.T.);
#655=ORIENTED_EDGE('',*,*,#1643,.T.);
#656=ORIENTED_EDGE('',*,*,#1644,.F.);
#657=ORIENTED_EDGE('',*,*,#1618,.T.);
#658=ORIENTED_EDGE('',*,*,#1681,.T.);
#659=ORIENTED_EDGE('',*,*,#1662,.F.);
#660=ORIENTED_EDGE('',*,*,#1682,.F.);
#661=ORIENTED_EDGE('',*,*,#1682,.T.);
#662=ORIENTED_EDGE('',*,*,#1661,.T.);
#663=ORIENTED_EDGE('',*,*,#1677,.F.);
#664=ORIENTED_EDGE('',*,*,#1615,.F.);
#665=ORIENTED_EDGE('',*,*,#1680,.T.);
#666=ORIENTED_EDGE('',*,*,#1675,.T.);
#667=ORIENTED_EDGE('',*,*,#1631,.T.);
#668=ORIENTED_EDGE('',*,*,#1671,.F.);
#669=ORIENTED_EDGE('',*,*,#1679,.T.);
#670=ORIENTED_EDGE('',*,*,#1668,.T.);
#671=ORIENTED_EDGE('',*,*,#1635,.T.);
#672=ORIENTED_EDGE('',*,*,#1664,.F.);
#673=ORIENTED_EDGE('',*,*,#1678,.T.);
#674=ORIENTED_EDGE('',*,*,#1659,.T.);
#675=ORIENTED_EDGE('',*,*,#1681,.F.);
#676=ORIENTED_EDGE('',*,*,#1617,.F.);
#677=ORIENTED_EDGE('',*,*,#1658,.T.);
#678=ORIENTED_EDGE('',*,*,#1683,.F.);
#679=ORIENTED_EDGE('',*,*,#1684,.F.);
#680=ORIENTED_EDGE('',*,*,#1685,.T.);
#681=ORIENTED_EDGE('',*,*,#1655,.F.);
#682=ORIENTED_EDGE('',*,*,#1685,.F.);
#683=ORIENTED_EDGE('',*,*,#1686,.T.);
#684=ORIENTED_EDGE('',*,*,#1687,.T.);
#685=ORIENTED_EDGE('',*,*,#1656,.F.);
#686=ORIENTED_EDGE('',*,*,#1687,.F.);
#687=ORIENTED_EDGE('',*,*,#1688,.T.);
#688=ORIENTED_EDGE('',*,*,#1689,.T.);
#689=ORIENTED_EDGE('',*,*,#1657,.T.);
#690=ORIENTED_EDGE('',*,*,#1689,.F.);
#691=ORIENTED_EDGE('',*,*,#1690,.F.);
#692=ORIENTED_EDGE('',*,*,#1683,.T.);
#693=ORIENTED_EDGE('',*,*,#1684,.T.);
#694=ORIENTED_EDGE('',*,*,#1690,.T.);
#695=ORIENTED_EDGE('',*,*,#1688,.F.);
#696=ORIENTED_EDGE('',*,*,#1686,.F.);
#697=ORIENTED_EDGE('',*,*,#1622,.T.);
#698=ORIENTED_EDGE('',*,*,#1691,.F.);
#699=ORIENTED_EDGE('',*,*,#1692,.F.);
#700=ORIENTED_EDGE('',*,*,#1693,.T.);
#701=ORIENTED_EDGE('',*,*,#1619,.F.);
#702=ORIENTED_EDGE('',*,*,#1693,.F.);
#703=ORIENTED_EDGE('',*,*,#1694,.T.);
#704=ORIENTED_EDGE('',*,*,#1695,.T.);
#705=ORIENTED_EDGE('',*,*,#1620,.F.);
#706=ORIENTED_EDGE('',*,*,#1695,.F.);
#707=ORIENTED_EDGE('',*,*,#1696,.T.);
#708=ORIENTED_EDGE('',*,*,#1697,.T.);
#709=ORIENTED_EDGE('',*,*,#1621,.T.);
#710=ORIENTED_EDGE('',*,*,#1697,.F.);
#711=ORIENTED_EDGE('',*,*,#1698,.F.);
#712=ORIENTED_EDGE('',*,*,#1691,.T.);
#713=ORIENTED_EDGE('',*,*,#1692,.T.);
#714=ORIENTED_EDGE('',*,*,#1698,.T.);
#715=ORIENTED_EDGE('',*,*,#1696,.F.);
#716=ORIENTED_EDGE('',*,*,#1694,.F.);
#717=ORIENTED_EDGE('',*,*,#1699,.T.);
#718=ORIENTED_EDGE('',*,*,#1700,.T.);
#719=ORIENTED_EDGE('',*,*,#1701,.F.);
#720=ORIENTED_EDGE('',*,*,#1702,.T.);
#721=ORIENTED_EDGE('',*,*,#1703,.T.);
#722=ORIENTED_EDGE('',*,*,#1704,.T.);
#723=ORIENTED_EDGE('',*,*,#1705,.F.);
#724=ORIENTED_EDGE('',*,*,#1706,.F.);
#725=ORIENTED_EDGE('',*,*,#1707,.T.);
#726=ORIENTED_EDGE('',*,*,#1708,.T.);
#727=ORIENTED_EDGE('',*,*,#1699,.F.);
#728=ORIENTED_EDGE('',*,*,#1709,.F.);
#729=ORIENTED_EDGE('',*,*,#1710,.F.);
#730=ORIENTED_EDGE('',*,*,#1711,.F.);
#731=ORIENTED_EDGE('',*,*,#1712,.T.);
#732=ORIENTED_EDGE('',*,*,#1713,.T.);
#733=ORIENTED_EDGE('',*,*,#1714,.F.);
#734=ORIENTED_EDGE('',*,*,#1715,.T.);
#735=ORIENTED_EDGE('',*,*,#1716,.T.);
#736=ORIENTED_EDGE('',*,*,#1717,.T.);
#737=ORIENTED_EDGE('',*,*,#1711,.T.);
#738=ORIENTED_EDGE('',*,*,#1718,.T.);
#739=ORIENTED_EDGE('',*,*,#1719,.T.);
#740=ORIENTED_EDGE('',*,*,#1720,.F.);
#741=ORIENTED_EDGE('',*,*,#1721,.F.);
#742=ORIENTED_EDGE('',*,*,#1722,.T.);
#743=ORIENTED_EDGE('',*,*,#1723,.F.);
#744=ORIENTED_EDGE('',*,*,#1724,.F.);
#745=ORIENTED_EDGE('',*,*,#1725,.F.);
#746=ORIENTED_EDGE('',*,*,#1726,.T.);
#747=ORIENTED_EDGE('',*,*,#1727,.F.);
#748=ORIENTED_EDGE('',*,*,#1728,.F.);
#749=ORIENTED_EDGE('',*,*,#1729,.F.);
#750=ORIENTED_EDGE('',*,*,#1730,.F.);
#751=ORIENTED_EDGE('',*,*,#1731,.T.);
#752=ORIENTED_EDGE('',*,*,#1732,.T.);
#753=ORIENTED_EDGE('',*,*,#1733,.F.);
#754=ORIENTED_EDGE('',*,*,#1730,.T.);
#755=ORIENTED_EDGE('',*,*,#1734,.T.);
#756=ORIENTED_EDGE('',*,*,#1735,.F.);
#757=ORIENTED_EDGE('',*,*,#1704,.F.);
#758=ORIENTED_EDGE('',*,*,#1736,.T.);
#759=ORIENTED_EDGE('',*,*,#1735,.T.);
#760=ORIENTED_EDGE('',*,*,#1737,.F.);
#761=ORIENTED_EDGE('',*,*,#1718,.F.);
#762=ORIENTED_EDGE('',*,*,#1710,.T.);
#763=ORIENTED_EDGE('',*,*,#1738,.F.);
#764=ORIENTED_EDGE('',*,*,#1739,.T.);
#765=ORIENTED_EDGE('',*,*,#1740,.F.);
#766=ORIENTED_EDGE('',*,*,#1741,.T.);
#767=ORIENTED_EDGE('',*,*,#1742,.T.);
#768=ORIENTED_EDGE('',*,*,#1743,.F.);
#769=ORIENTED_EDGE('',*,*,#1744,.F.);
#770=ORIENTED_EDGE('',*,*,#1745,.F.);
#771=ORIENTED_EDGE('',*,*,#1738,.T.);
#772=ORIENTED_EDGE('',*,*,#1709,.T.);
#773=ORIENTED_EDGE('',*,*,#1706,.T.);
#774=ORIENTED_EDGE('',*,*,#1746,.T.);
#775=ORIENTED_EDGE('',*,*,#1747,.T.);
#776=ORIENTED_EDGE('',*,*,#1748,.T.);
#777=ORIENTED_EDGE('',*,*,#1749,.F.);
#778=ORIENTED_EDGE('',*,*,#1750,.F.);
#779=ORIENTED_EDGE('',*,*,#1751,.T.);
#780=ORIENTED_EDGE('',*,*,#1752,.T.);
#781=ORIENTED_EDGE('',*,*,#1753,.F.);
#782=ORIENTED_EDGE('',*,*,#1754,.F.);
#783=ORIENTED_EDGE('',*,*,#1745,.T.);
#784=ORIENTED_EDGE('',*,*,#1755,.T.);
#785=ORIENTED_EDGE('',*,*,#1719,.F.);
#786=ORIENTED_EDGE('',*,*,#1739,.F.);
#787=ORIENTED_EDGE('',*,*,#1721,.T.);
#788=ORIENTED_EDGE('',*,*,#1756,.T.);
#789=ORIENTED_EDGE('',*,*,#1746,.F.);
#790=ORIENTED_EDGE('',*,*,#1705,.T.);
#791=ORIENTED_EDGE('',*,*,#1737,.T.);
#792=ORIENTED_EDGE('',*,*,#1734,.F.);
#793=ORIENTED_EDGE('',*,*,#1729,.T.);
#794=ORIENTED_EDGE('',*,*,#1757,.F.);
#795=ORIENTED_EDGE('',*,*,#1758,.T.);
#796=ORIENTED_EDGE('',*,*,#1759,.T.);
#797=ORIENTED_EDGE('',*,*,#1725,.T.);
#798=ORIENTED_EDGE('',*,*,#1760,.F.);
#799=ORIENTED_EDGE('',*,*,#1761,.T.);
#800=ORIENTED_EDGE('',*,*,#1762,.T.);
#801=ORIENTED_EDGE('',*,*,#1724,.T.);
#802=ORIENTED_EDGE('',*,*,#1763,.F.);
#803=ORIENTED_EDGE('',*,*,#1764,.F.);
#804=ORIENTED_EDGE('',*,*,#1760,.T.);
#805=ORIENTED_EDGE('',*,*,#1723,.T.);
#806=ORIENTED_EDGE('',*,*,#1765,.F.);
#807=ORIENTED_EDGE('',*,*,#1766,.F.);
#808=ORIENTED_EDGE('',*,*,#1763,.T.);
#809=ORIENTED_EDGE('',*,*,#1762,.F.);
#810=ORIENTED_EDGE('',*,*,#1767,.T.);
#811=ORIENTED_EDGE('',*,*,#1765,.T.);
#812=ORIENTED_EDGE('',*,*,#1722,.F.);
#813=ORIENTED_EDGE('',*,*,#1761,.F.);
#814=ORIENTED_EDGE('',*,*,#1764,.T.);
#815=ORIENTED_EDGE('',*,*,#1766,.T.);
#816=ORIENTED_EDGE('',*,*,#1767,.F.);
#817=ORIENTED_EDGE('',*,*,#1728,.T.);
#818=ORIENTED_EDGE('',*,*,#1768,.F.);
#819=ORIENTED_EDGE('',*,*,#1769,.F.);
#820=ORIENTED_EDGE('',*,*,#1757,.T.);
#821=ORIENTED_EDGE('',*,*,#1727,.T.);
#822=ORIENTED_EDGE('',*,*,#1770,.F.);
#823=ORIENTED_EDGE('',*,*,#1771,.F.);
#824=ORIENTED_EDGE('',*,*,#1768,.T.);
#825=ORIENTED_EDGE('',*,*,#1759,.F.);
#826=ORIENTED_EDGE('',*,*,#1772,.T.);
#827=ORIENTED_EDGE('',*,*,#1770,.T.);
#828=ORIENTED_EDGE('',*,*,#1726,.F.);
#829=ORIENTED_EDGE('',*,*,#1758,.F.);
#830=ORIENTED_EDGE('',*,*,#1769,.T.);
#831=ORIENTED_EDGE('',*,*,#1771,.T.);
#832=ORIENTED_EDGE('',*,*,#1772,.F.);
#833=ORIENTED_EDGE('',*,*,#1773,.T.);
#834=ORIENTED_EDGE('',*,*,#1774,.T.);
#835=ORIENTED_EDGE('',*,*,#1775,.F.);
#836=ORIENTED_EDGE('',*,*,#1776,.T.);
#837=ORIENTED_EDGE('',*,*,#1777,.F.);
#838=ORIENTED_EDGE('',*,*,#1778,.T.);
#839=ORIENTED_EDGE('',*,*,#1779,.T.);
#840=ORIENTED_EDGE('',*,*,#1775,.T.);
#841=ORIENTED_EDGE('',*,*,#1780,.T.);
#842=ORIENTED_EDGE('',*,*,#1714,.T.);
#843=ORIENTED_EDGE('',*,*,#1781,.T.);
#844=ORIENTED_EDGE('',*,*,#1777,.T.);
#845=ORIENTED_EDGE('',*,*,#1782,.T.);
#846=ORIENTED_EDGE('',*,*,#1783,.F.);
#847=ORIENTED_EDGE('',*,*,#1784,.T.);
#848=ORIENTED_EDGE('',*,*,#1785,.T.);
#849=ORIENTED_EDGE('',*,*,#1786,.T.);
#850=ORIENTED_EDGE('',*,*,#1783,.T.);
#851=ORIENTED_EDGE('',*,*,#1787,.T.);
#852=ORIENTED_EDGE('',*,*,#1712,.F.);
#853=ORIENTED_EDGE('',*,*,#1788,.T.);
#854=ORIENTED_EDGE('',*,*,#1773,.F.);
#855=ORIENTED_EDGE('',*,*,#1776,.F.);
#856=ORIENTED_EDGE('',*,*,#1779,.F.);
#857=ORIENTED_EDGE('',*,*,#1789,.F.);
#858=ORIENTED_EDGE('',*,*,#1785,.F.);
#859=ORIENTED_EDGE('',*,*,#1778,.F.);
#860=ORIENTED_EDGE('',*,*,#1784,.F.);
#861=ORIENTED_EDGE('',*,*,#1786,.F.);
#862=ORIENTED_EDGE('',*,*,#1789,.T.);
#863=ORIENTED_EDGE('',*,*,#1781,.F.);
#864=ORIENTED_EDGE('',*,*,#1713,.F.);
#865=ORIENTED_EDGE('',*,*,#1787,.F.);
#866=ORIENTED_EDGE('',*,*,#1782,.F.);
#867=ORIENTED_EDGE('',*,*,#1780,.F.);
#868=ORIENTED_EDGE('',*,*,#1774,.F.);
#869=ORIENTED_EDGE('',*,*,#1788,.F.);
#870=ORIENTED_EDGE('',*,*,#1715,.F.);
#871=ORIENTED_EDGE('',*,*,#1751,.F.);
#872=ORIENTED_EDGE('',*,*,#1790,.F.);
#873=ORIENTED_EDGE('',*,*,#1791,.F.);
#874=ORIENTED_EDGE('',*,*,#1792,.T.);
#875=ORIENTED_EDGE('',*,*,#1793,.T.);
#876=ORIENTED_EDGE('',*,*,#1753,.T.);
#877=ORIENTED_EDGE('',*,*,#1794,.F.);
#878=ORIENTED_EDGE('',*,*,#1795,.T.);
#879=ORIENTED_EDGE('',*,*,#1752,.F.);
#880=ORIENTED_EDGE('',*,*,#1792,.F.);
#881=ORIENTED_EDGE('',*,*,#1796,.F.);
#882=ORIENTED_EDGE('',*,*,#1794,.T.);
#883=ORIENTED_EDGE('',*,*,#1790,.T.);
#884=ORIENTED_EDGE('',*,*,#1754,.T.);
#885=ORIENTED_EDGE('',*,*,#1793,.F.);
#886=ORIENTED_EDGE('',*,*,#1797,.T.);
#887=ORIENTED_EDGE('',*,*,#1797,.F.);
#888=ORIENTED_EDGE('',*,*,#1795,.F.);
#889=ORIENTED_EDGE('',*,*,#1796,.T.);
#890=ORIENTED_EDGE('',*,*,#1791,.T.);
#891=ORIENTED_EDGE('',*,*,#1747,.F.);
#892=ORIENTED_EDGE('',*,*,#1798,.F.);
#893=ORIENTED_EDGE('',*,*,#1799,.F.);
#894=ORIENTED_EDGE('',*,*,#1800,.T.);
#895=ORIENTED_EDGE('',*,*,#1801,.T.);
#896=ORIENTED_EDGE('',*,*,#1749,.T.);
#897=ORIENTED_EDGE('',*,*,#1802,.F.);
#898=ORIENTED_EDGE('',*,*,#1803,.T.);
#899=ORIENTED_EDGE('',*,*,#1748,.F.);
#900=ORIENTED_EDGE('',*,*,#1800,.F.);
#901=ORIENTED_EDGE('',*,*,#1804,.F.);
#902=ORIENTED_EDGE('',*,*,#1802,.T.);
#903=ORIENTED_EDGE('',*,*,#1798,.T.);
#904=ORIENTED_EDGE('',*,*,#1750,.T.);
#905=ORIENTED_EDGE('',*,*,#1801,.F.);
#906=ORIENTED_EDGE('',*,*,#1805,.T.);
#907=ORIENTED_EDGE('',*,*,#1805,.F.);
#908=ORIENTED_EDGE('',*,*,#1803,.F.);
#909=ORIENTED_EDGE('',*,*,#1804,.T.);
#910=ORIENTED_EDGE('',*,*,#1799,.T.);
#911=ORIENTED_EDGE('',*,*,#1806,.F.);
#912=ORIENTED_EDGE('',*,*,#1807,.T.);
#913=ORIENTED_EDGE('',*,*,#1808,.T.);
#914=ORIENTED_EDGE('',*,*,#1809,.F.);
#915=ORIENTED_EDGE('',*,*,#1744,.T.);
#916=ORIENTED_EDGE('',*,*,#1756,.F.);
#917=ORIENTED_EDGE('',*,*,#1720,.T.);
#918=ORIENTED_EDGE('',*,*,#1755,.F.);
#919=ORIENTED_EDGE('',*,*,#1807,.F.);
#920=ORIENTED_EDGE('',*,*,#1810,.F.);
#921=ORIENTED_EDGE('',*,*,#1811,.T.);
#922=ORIENTED_EDGE('',*,*,#1812,.T.);
#923=ORIENTED_EDGE('',*,*,#1806,.T.);
#924=ORIENTED_EDGE('',*,*,#1813,.F.);
#925=ORIENTED_EDGE('',*,*,#1814,.F.);
#926=ORIENTED_EDGE('',*,*,#1810,.T.);
#927=ORIENTED_EDGE('',*,*,#1809,.T.);
#928=ORIENTED_EDGE('',*,*,#1815,.F.);
#929=ORIENTED_EDGE('',*,*,#1816,.F.);
#930=ORIENTED_EDGE('',*,*,#1813,.T.);
#931=ORIENTED_EDGE('',*,*,#1808,.F.);
#932=ORIENTED_EDGE('',*,*,#1812,.F.);
#933=ORIENTED_EDGE('',*,*,#1817,.T.);
#934=ORIENTED_EDGE('',*,*,#1815,.T.);
#935=ORIENTED_EDGE('',*,*,#1811,.F.);
#936=ORIENTED_EDGE('',*,*,#1814,.T.);
#937=ORIENTED_EDGE('',*,*,#1816,.T.);
#938=ORIENTED_EDGE('',*,*,#1817,.F.);
#939=ORIENTED_EDGE('',*,*,#1741,.F.);
#940=ORIENTED_EDGE('',*,*,#1818,.F.);
#941=ORIENTED_EDGE('',*,*,#1819,.T.);
#942=ORIENTED_EDGE('',*,*,#1820,.T.);
#943=ORIENTED_EDGE('',*,*,#1740,.T.);
#944=ORIENTED_EDGE('',*,*,#1821,.F.);
#945=ORIENTED_EDGE('',*,*,#1822,.F.);
#946=ORIENTED_EDGE('',*,*,#1818,.T.);
#947=ORIENTED_EDGE('',*,*,#1743,.T.);
#948=ORIENTED_EDGE('',*,*,#1823,.F.);
#949=ORIENTED_EDGE('',*,*,#1824,.F.);
#950=ORIENTED_EDGE('',*,*,#1821,.T.);
#951=ORIENTED_EDGE('',*,*,#1742,.F.);
#952=ORIENTED_EDGE('',*,*,#1820,.F.);
#953=ORIENTED_EDGE('',*,*,#1825,.T.);
#954=ORIENTED_EDGE('',*,*,#1823,.T.);
#955=ORIENTED_EDGE('',*,*,#1819,.F.);
#956=ORIENTED_EDGE('',*,*,#1822,.T.);
#957=ORIENTED_EDGE('',*,*,#1824,.T.);
#958=ORIENTED_EDGE('',*,*,#1825,.F.);
#959=ORIENTED_EDGE('',*,*,#1716,.F.);
#960=ORIENTED_EDGE('',*,*,#1826,.T.);
#961=ORIENTED_EDGE('',*,*,#1827,.T.);
#962=ORIENTED_EDGE('',*,*,#1828,.T.);
#963=ORIENTED_EDGE('',*,*,#1827,.F.);
#964=ORIENTED_EDGE('',*,*,#1829,.T.);
#965=ORIENTED_EDGE('',*,*,#1701,.T.);
#966=ORIENTED_EDGE('',*,*,#1830,.T.);
#967=ORIENTED_EDGE('',*,*,#1703,.F.);
#968=ORIENTED_EDGE('',*,*,#1831,.T.);
#969=ORIENTED_EDGE('',*,*,#1832,.T.);
#970=ORIENTED_EDGE('',*,*,#1731,.F.);
#971=ORIENTED_EDGE('',*,*,#1733,.T.);
#972=ORIENTED_EDGE('',*,*,#1736,.F.);
#973=ORIENTED_EDGE('',*,*,#1732,.F.);
#974=ORIENTED_EDGE('',*,*,#1832,.F.);
#975=ORIENTED_EDGE('',*,*,#1833,.F.);
#976=ORIENTED_EDGE('',*,*,#1826,.F.);
#977=ORIENTED_EDGE('',*,*,#1702,.F.);
#978=ORIENTED_EDGE('',*,*,#1829,.F.);
#979=ORIENTED_EDGE('',*,*,#1833,.T.);
#980=ORIENTED_EDGE('',*,*,#1831,.F.);
#981=ORIENTED_EDGE('',*,*,#1717,.F.);
#982=ORIENTED_EDGE('',*,*,#1828,.F.);
#983=ORIENTED_EDGE('',*,*,#1834,.F.);
#984=ORIENTED_EDGE('',*,*,#1707,.F.);
#985=ORIENTED_EDGE('',*,*,#1700,.F.);
#986=ORIENTED_EDGE('',*,*,#1708,.F.);
#987=ORIENTED_EDGE('',*,*,#1834,.T.);
#988=ORIENTED_EDGE('',*,*,#1830,.F.);
#989=ORIENTED_EDGE('',*,*,#1835,.F.);
#990=ORIENTED_EDGE('',*,*,#1836,.T.);
#991=ORIENTED_EDGE('',*,*,#1837,.T.);
#992=ORIENTED_EDGE('',*,*,#1838,.F.);
#993=ORIENTED_EDGE('',*,*,#1839,.F.);
#994=ORIENTED_EDGE('',*,*,#1840,.T.);
#995=ORIENTED_EDGE('',*,*,#1841,.T.);
#996=ORIENTED_EDGE('',*,*,#1842,.F.);
#997=ORIENTED_EDGE('',*,*,#1841,.F.);
#998=ORIENTED_EDGE('',*,*,#1843,.T.);
#999=ORIENTED_EDGE('',*,*,#1844,.T.);
#1000=ORIENTED_EDGE('',*,*,#1845,.F.);
#1001=ORIENTED_EDGE('',*,*,#1837,.F.);
#1002=ORIENTED_EDGE('',*,*,#1846,.T.);
#1003=ORIENTED_EDGE('',*,*,#1847,.T.);
#1004=ORIENTED_EDGE('',*,*,#1848,.F.);
#1005=ORIENTED_EDGE('',*,*,#1849,.F.);
#1006=ORIENTED_EDGE('',*,*,#1850,.T.);
#1007=ORIENTED_EDGE('',*,*,#1851,.T.);
#1008=ORIENTED_EDGE('',*,*,#1844,.F.);
#1009=ORIENTED_EDGE('',*,*,#1852,.F.);
#1010=ORIENTED_EDGE('',*,*,#1853,.T.);
#1011=ORIENTED_EDGE('',*,*,#1854,.T.);
#1012=ORIENTED_EDGE('',*,*,#1855,.T.);
#1013=ORIENTED_EDGE('',*,*,#1856,.T.);
#1014=ORIENTED_EDGE('',*,*,#1857,.F.);
#1015=ORIENTED_EDGE('',*,*,#1858,.F.);
#1016=ORIENTED_EDGE('',*,*,#1859,.T.);
#1017=ORIENTED_EDGE('',*,*,#1860,.T.);
#1018=ORIENTED_EDGE('',*,*,#1849,.T.);
#1019=ORIENTED_EDGE('',*,*,#1843,.F.);
#1020=ORIENTED_EDGE('',*,*,#1840,.F.);
#1021=ORIENTED_EDGE('',*,*,#1861,.F.);
#1022=ORIENTED_EDGE('',*,*,#1862,.T.);
#1023=ORIENTED_EDGE('',*,*,#1863,.T.);
#1024=ORIENTED_EDGE('',*,*,#1864,.T.);
#1025=ORIENTED_EDGE('',*,*,#1865,.T.);
#1026=ORIENTED_EDGE('',*,*,#1866,.F.);
#1027=ORIENTED_EDGE('',*,*,#1867,.F.);
#1028=ORIENTED_EDGE('',*,*,#1868,.T.);
#1029=ORIENTED_EDGE('',*,*,#1869,.T.);
#1030=ORIENTED_EDGE('',*,*,#1870,.T.);
#1031=ORIENTED_EDGE('',*,*,#1846,.F.);
#1032=ORIENTED_EDGE('',*,*,#1836,.F.);
#1033=ORIENTED_EDGE('',*,*,#1871,.F.);
#1034=ORIENTED_EDGE('',*,*,#1872,.T.);
#1035=ORIENTED_EDGE('',*,*,#1873,.F.);
#1036=ORIENTED_EDGE('',*,*,#1874,.F.);
#1037=ORIENTED_EDGE('',*,*,#1873,.T.);
#1038=ORIENTED_EDGE('',*,*,#1875,.T.);
#1039=ORIENTED_EDGE('',*,*,#1875,.F.);
#1040=ORIENTED_EDGE('',*,*,#1872,.F.);
#1041=ORIENTED_EDGE('',*,*,#1876,.F.);
#1042=ORIENTED_EDGE('',*,*,#1877,.T.);
#1043=ORIENTED_EDGE('',*,*,#1878,.T.);
#1044=ORIENTED_EDGE('',*,*,#1838,.T.);
#1045=ORIENTED_EDGE('',*,*,#1848,.T.);
#1046=ORIENTED_EDGE('',*,*,#1879,.F.);
#1047=ORIENTED_EDGE('',*,*,#1880,.F.);
#1048=ORIENTED_EDGE('',*,*,#1881,.F.);
#1049=ORIENTED_EDGE('',*,*,#1882,.T.);
#1050=ORIENTED_EDGE('',*,*,#1883,.T.);
#1051=ORIENTED_EDGE('',*,*,#1884,.F.);
#1052=ORIENTED_EDGE('',*,*,#1885,.F.);
#1053=ORIENTED_EDGE('',*,*,#1886,.F.);
#1054=ORIENTED_EDGE('',*,*,#1887,.T.);
#1055=ORIENTED_EDGE('',*,*,#1888,.T.);
#1056=ORIENTED_EDGE('',*,*,#1842,.T.);
#1057=ORIENTED_EDGE('',*,*,#1845,.T.);
#1058=ORIENTED_EDGE('',*,*,#1851,.F.);
#1059=ORIENTED_EDGE('',*,*,#1889,.F.);
#1060=ORIENTED_EDGE('',*,*,#1890,.F.);
#1061=ORIENTED_EDGE('',*,*,#1891,.T.);
#1062=ORIENTED_EDGE('',*,*,#1892,.T.);
#1063=ORIENTED_EDGE('',*,*,#1893,.F.);
#1064=ORIENTED_EDGE('',*,*,#1894,.F.);
#1065=ORIENTED_EDGE('',*,*,#1874,.T.);
#1066=ORIENTED_EDGE('',*,*,#1847,.F.);
#1067=ORIENTED_EDGE('',*,*,#1870,.F.);
#1068=ORIENTED_EDGE('',*,*,#1895,.T.);
#1069=ORIENTED_EDGE('',*,*,#1879,.T.);
#1070=ORIENTED_EDGE('',*,*,#1871,.T.);
#1071=ORIENTED_EDGE('',*,*,#1895,.F.);
#1072=ORIENTED_EDGE('',*,*,#1869,.F.);
#1073=ORIENTED_EDGE('',*,*,#1896,.T.);
#1074=ORIENTED_EDGE('',*,*,#1880,.T.);
#1075=ORIENTED_EDGE('',*,*,#1868,.F.);
#1076=ORIENTED_EDGE('',*,*,#1897,.T.);
#1077=ORIENTED_EDGE('',*,*,#1881,.T.);
#1078=ORIENTED_EDGE('',*,*,#1896,.F.);
#1079=ORIENTED_EDGE('',*,*,#1850,.F.);
#1080=ORIENTED_EDGE('',*,*,#1860,.F.);
#1081=ORIENTED_EDGE('',*,*,#1898,.T.);
#1082=ORIENTED_EDGE('',*,*,#1889,.T.);
#1083=ORIENTED_EDGE('',*,*,#1898,.F.);
#1084=ORIENTED_EDGE('',*,*,#1859,.F.);
#1085=ORIENTED_EDGE('',*,*,#1899,.T.);
#1086=ORIENTED_EDGE('',*,*,#1890,.T.);
#1087=ORIENTED_EDGE('',*,*,#1900,.T.);
#1088=ORIENTED_EDGE('',*,*,#1882,.F.);
#1089=ORIENTED_EDGE('',*,*,#1897,.F.);
#1090=ORIENTED_EDGE('',*,*,#1867,.T.);
#1091=ORIENTED_EDGE('',*,*,#1866,.T.);
#1092=ORIENTED_EDGE('',*,*,#1901,.T.);
#1093=ORIENTED_EDGE('',*,*,#1883,.F.);
#1094=ORIENTED_EDGE('',*,*,#1900,.F.);
#1095=ORIENTED_EDGE('',*,*,#1902,.T.);
#1096=ORIENTED_EDGE('',*,*,#1891,.F.);
#1097=ORIENTED_EDGE('',*,*,#1899,.F.);
#1098=ORIENTED_EDGE('',*,*,#1858,.T.);
#1099=ORIENTED_EDGE('',*,*,#1857,.T.);
#1100=ORIENTED_EDGE('',*,*,#1903,.T.);
#1101=ORIENTED_EDGE('',*,*,#1892,.F.);
#1102=ORIENTED_EDGE('',*,*,#1902,.F.);
#1103=ORIENTED_EDGE('',*,*,#1888,.F.);
#1104=ORIENTED_EDGE('',*,*,#1904,.T.);
#1105=ORIENTED_EDGE('',*,*,#1861,.T.);
#1106=ORIENTED_EDGE('',*,*,#1839,.T.);
#1107=ORIENTED_EDGE('',*,*,#1901,.F.);
#1108=ORIENTED_EDGE('',*,*,#1865,.F.);
#1109=ORIENTED_EDGE('',*,*,#1905,.T.);
#1110=ORIENTED_EDGE('',*,*,#1884,.T.);
#1111=ORIENTED_EDGE('',*,*,#1905,.F.);
#1112=ORIENTED_EDGE('',*,*,#1864,.F.);
#1113=ORIENTED_EDGE('',*,*,#1906,.F.);
#1114=ORIENTED_EDGE('',*,*,#1885,.T.);
#1115=ORIENTED_EDGE('',*,*,#1863,.F.);
#1116=ORIENTED_EDGE('',*,*,#1907,.T.);
#1117=ORIENTED_EDGE('',*,*,#1886,.T.);
#1118=ORIENTED_EDGE('',*,*,#1906,.T.);
#1119=ORIENTED_EDGE('',*,*,#1878,.F.);
#1120=ORIENTED_EDGE('',*,*,#1908,.T.);
#1121=ORIENTED_EDGE('',*,*,#1852,.T.);
#1122=ORIENTED_EDGE('',*,*,#1835,.T.);
#1123=ORIENTED_EDGE('',*,*,#1903,.F.);
#1124=ORIENTED_EDGE('',*,*,#1856,.F.);
#1125=ORIENTED_EDGE('',*,*,#1909,.T.);
#1126=ORIENTED_EDGE('',*,*,#1893,.T.);
#1127=ORIENTED_EDGE('',*,*,#1909,.F.);
#1128=ORIENTED_EDGE('',*,*,#1855,.F.);
#1129=ORIENTED_EDGE('',*,*,#1910,.T.);
#1130=ORIENTED_EDGE('',*,*,#1894,.T.);
#1131=ORIENTED_EDGE('',*,*,#1854,.F.);
#1132=ORIENTED_EDGE('',*,*,#1911,.T.);
#1133=ORIENTED_EDGE('',*,*,#1876,.T.);
#1134=ORIENTED_EDGE('',*,*,#1910,.F.);
#1135=ORIENTED_EDGE('',*,*,#1853,.F.);
#1136=ORIENTED_EDGE('',*,*,#1908,.F.);
#1137=ORIENTED_EDGE('',*,*,#1877,.F.);
#1138=ORIENTED_EDGE('',*,*,#1911,.F.);
#1139=ORIENTED_EDGE('',*,*,#1862,.F.);
#1140=ORIENTED_EDGE('',*,*,#1904,.F.);
#1141=ORIENTED_EDGE('',*,*,#1887,.F.);
#1142=ORIENTED_EDGE('',*,*,#1907,.F.);
#1143=ORIENTED_EDGE('',*,*,#1912,.F.);
#1144=ORIENTED_EDGE('',*,*,#1913,.T.);
#1145=ORIENTED_EDGE('',*,*,#1914,.F.);
#1146=ORIENTED_EDGE('',*,*,#1915,.T.);
#1147=ORIENTED_EDGE('',*,*,#1916,.F.);
#1148=ORIENTED_EDGE('',*,*,#1917,.T.);
#1149=ORIENTED_EDGE('',*,*,#1918,.T.);
#1150=ORIENTED_EDGE('',*,*,#1919,.F.);
#1151=ORIENTED_EDGE('',*,*,#1920,.F.);
#1152=ORIENTED_EDGE('',*,*,#1921,.F.);
#1153=ORIENTED_EDGE('',*,*,#1922,.T.);
#1154=ORIENTED_EDGE('',*,*,#1923,.T.);
#1155=ORIENTED_EDGE('',*,*,#1924,.F.);
#1156=ORIENTED_EDGE('',*,*,#1925,.F.);
#1157=ORIENTED_EDGE('',*,*,#1926,.T.);
#1158=ORIENTED_EDGE('',*,*,#1927,.T.);
#1159=ORIENTED_EDGE('',*,*,#1928,.T.);
#1160=ORIENTED_EDGE('',*,*,#1929,.F.);
#1161=ORIENTED_EDGE('',*,*,#1930,.F.);
#1162=ORIENTED_EDGE('',*,*,#1931,.T.);
#1163=ORIENTED_EDGE('',*,*,#1932,.T.);
#1164=ORIENTED_EDGE('',*,*,#1933,.F.);
#1165=ORIENTED_EDGE('',*,*,#1934,.F.);
#1166=ORIENTED_EDGE('',*,*,#1935,.T.);
#1167=ORIENTED_EDGE('',*,*,#1936,.T.);
#1168=ORIENTED_EDGE('',*,*,#1937,.T.);
#1169=ORIENTED_EDGE('',*,*,#1938,.F.);
#1170=ORIENTED_EDGE('',*,*,#1920,.T.);
#1171=ORIENTED_EDGE('',*,*,#1938,.T.);
#1172=ORIENTED_EDGE('',*,*,#1939,.T.);
#1173=ORIENTED_EDGE('',*,*,#1940,.F.);
#1174=ORIENTED_EDGE('',*,*,#1921,.T.);
#1175=ORIENTED_EDGE('',*,*,#1941,.F.);
#1176=ORIENTED_EDGE('',*,*,#1942,.F.);
#1177=ORIENTED_EDGE('',*,*,#1922,.F.);
#1178=ORIENTED_EDGE('',*,*,#1940,.T.);
#1179=ORIENTED_EDGE('',*,*,#1943,.F.);
#1180=ORIENTED_EDGE('',*,*,#1936,.F.);
#1181=ORIENTED_EDGE('',*,*,#1923,.F.);
#1182=ORIENTED_EDGE('',*,*,#1942,.T.);
#1183=ORIENTED_EDGE('',*,*,#1944,.T.);
#1184=ORIENTED_EDGE('',*,*,#1945,.T.);
#1185=ORIENTED_EDGE('',*,*,#1946,.F.);
#1186=ORIENTED_EDGE('',*,*,#1924,.T.);
#1187=ORIENTED_EDGE('',*,*,#1946,.T.);
#1188=ORIENTED_EDGE('',*,*,#1947,.T.);
#1189=ORIENTED_EDGE('',*,*,#1948,.F.);
#1190=ORIENTED_EDGE('',*,*,#1925,.T.);
#1191=ORIENTED_EDGE('',*,*,#1949,.F.);
#1192=ORIENTED_EDGE('',*,*,#1950,.F.);
#1193=ORIENTED_EDGE('',*,*,#1926,.F.);
#1194=ORIENTED_EDGE('',*,*,#1948,.T.);
#1195=ORIENTED_EDGE('',*,*,#1951,.F.);
#1196=ORIENTED_EDGE('',*,*,#1944,.F.);
#1197=ORIENTED_EDGE('',*,*,#1927,.F.);
#1198=ORIENTED_EDGE('',*,*,#1950,.T.);
#1199=ORIENTED_EDGE('',*,*,#1952,.F.);
#1200=ORIENTED_EDGE('',*,*,#1953,.T.);
#1201=ORIENTED_EDGE('',*,*,#1954,.T.);
#1202=ORIENTED_EDGE('',*,*,#1955,.F.);
#1203=ORIENTED_EDGE('',*,*,#1956,.T.);
#1204=ORIENTED_EDGE('',*,*,#1957,.F.);
#1205=ORIENTED_EDGE('',*,*,#1958,.T.);
#1206=ORIENTED_EDGE('',*,*,#1959,.F.);
#1207=ORIENTED_EDGE('',*,*,#1960,.F.);
#1208=ORIENTED_EDGE('',*,*,#1961,.T.);
#1209=ORIENTED_EDGE('',*,*,#1933,.T.);
#1210=ORIENTED_EDGE('',*,*,#1962,.F.);
#1211=ORIENTED_EDGE('',*,*,#1963,.F.);
#1212=ORIENTED_EDGE('',*,*,#1964,.T.);
#1213=ORIENTED_EDGE('',*,*,#1934,.T.);
#1214=ORIENTED_EDGE('',*,*,#1961,.F.);
#1215=ORIENTED_EDGE('',*,*,#1965,.T.);
#1216=ORIENTED_EDGE('',*,*,#1935,.F.);
#1217=ORIENTED_EDGE('',*,*,#1964,.F.);
#1218=ORIENTED_EDGE('',*,*,#1966,.T.);
#1219=ORIENTED_EDGE('',*,*,#1967,.F.);
#1220=ORIENTED_EDGE('',*,*,#1968,.T.);
#1221=ORIENTED_EDGE('',*,*,#1929,.T.);
#1222=ORIENTED_EDGE('',*,*,#1969,.F.);
#1223=ORIENTED_EDGE('',*,*,#1970,.F.);
#1224=ORIENTED_EDGE('',*,*,#1971,.T.);
#1225=ORIENTED_EDGE('',*,*,#1930,.T.);
#1226=ORIENTED_EDGE('',*,*,#1968,.F.);
#1227=ORIENTED_EDGE('',*,*,#1972,.T.);
#1228=ORIENTED_EDGE('',*,*,#1931,.F.);
#1229=ORIENTED_EDGE('',*,*,#1971,.F.);
#1230=ORIENTED_EDGE('',*,*,#1973,.T.);
#1231=ORIENTED_EDGE('',*,*,#1915,.F.);
#1232=ORIENTED_EDGE('',*,*,#1974,.T.);
#1233=ORIENTED_EDGE('',*,*,#1973,.F.);
#1234=ORIENTED_EDGE('',*,*,#1970,.T.);
#1235=ORIENTED_EDGE('',*,*,#1967,.T.);
#1236=ORIENTED_EDGE('',*,*,#1975,.T.);
#1237=ORIENTED_EDGE('',*,*,#1966,.F.);
#1238=ORIENTED_EDGE('',*,*,#1963,.T.);
#1239=ORIENTED_EDGE('',*,*,#1960,.T.);
#1240=ORIENTED_EDGE('',*,*,#1976,.T.);
#1241=ORIENTED_EDGE('',*,*,#1959,.T.);
#1242=ORIENTED_EDGE('',*,*,#1977,.F.);
#1243=ORIENTED_EDGE('',*,*,#1951,.T.);
#1244=ORIENTED_EDGE('',*,*,#1949,.T.);
#1245=ORIENTED_EDGE('',*,*,#1947,.F.);
#1246=ORIENTED_EDGE('',*,*,#1945,.F.);
#1247=ORIENTED_EDGE('',*,*,#1943,.T.);
#1248=ORIENTED_EDGE('',*,*,#1941,.T.);
#1249=ORIENTED_EDGE('',*,*,#1939,.F.);
#1250=ORIENTED_EDGE('',*,*,#1937,.F.);
#1251=ORIENTED_EDGE('',*,*,#1913,.F.);
#1252=ORIENTED_EDGE('',*,*,#1978,.T.);
#1253=ORIENTED_EDGE('',*,*,#1957,.T.);
#1254=ORIENTED_EDGE('',*,*,#1979,.F.);
#1255=ORIENTED_EDGE('',*,*,#1978,.F.);
#1256=ORIENTED_EDGE('',*,*,#1912,.T.);
#1257=ORIENTED_EDGE('',*,*,#1977,.T.);
#1258=ORIENTED_EDGE('',*,*,#1958,.F.);
#1259=ORIENTED_EDGE('',*,*,#1974,.F.);
#1260=ORIENTED_EDGE('',*,*,#1914,.T.);
#1261=ORIENTED_EDGE('',*,*,#1979,.T.);
#1262=ORIENTED_EDGE('',*,*,#1956,.F.);
#1263=ORIENTED_EDGE('',*,*,#1976,.F.);
#1264=ORIENTED_EDGE('',*,*,#1962,.T.);
#1265=ORIENTED_EDGE('',*,*,#1932,.F.);
#1266=ORIENTED_EDGE('',*,*,#1965,.F.);
#1267=ORIENTED_EDGE('',*,*,#1975,.F.);
#1268=ORIENTED_EDGE('',*,*,#1969,.T.);
#1269=ORIENTED_EDGE('',*,*,#1928,.F.);
#1270=ORIENTED_EDGE('',*,*,#1972,.F.);
#1271=ORIENTED_EDGE('',*,*,#1953,.F.);
#1272=ORIENTED_EDGE('',*,*,#1980,.F.);
#1273=ORIENTED_EDGE('',*,*,#1981,.T.);
#1274=ORIENTED_EDGE('',*,*,#1982,.T.);
#1275=ORIENTED_EDGE('',*,*,#1952,.T.);
#1276=ORIENTED_EDGE('',*,*,#1983,.F.);
#1277=ORIENTED_EDGE('',*,*,#1984,.F.);
#1278=ORIENTED_EDGE('',*,*,#1980,.T.);
#1279=ORIENTED_EDGE('',*,*,#1955,.T.);
#1280=ORIENTED_EDGE('',*,*,#1985,.F.);
#1281=ORIENTED_EDGE('',*,*,#1986,.F.);
#1282=ORIENTED_EDGE('',*,*,#1983,.T.);
#1283=ORIENTED_EDGE('',*,*,#1954,.F.);
#1284=ORIENTED_EDGE('',*,*,#1982,.F.);
#1285=ORIENTED_EDGE('',*,*,#1987,.T.);
#1286=ORIENTED_EDGE('',*,*,#1985,.T.);
#1287=ORIENTED_EDGE('',*,*,#1981,.F.);
#1288=ORIENTED_EDGE('',*,*,#1984,.T.);
#1289=ORIENTED_EDGE('',*,*,#1986,.T.);
#1290=ORIENTED_EDGE('',*,*,#1987,.F.);
#1291=ORIENTED_EDGE('',*,*,#1917,.F.);
#1292=ORIENTED_EDGE('',*,*,#1988,.F.);
#1293=ORIENTED_EDGE('',*,*,#1989,.T.);
#1294=ORIENTED_EDGE('',*,*,#1990,.T.);
#1295=ORIENTED_EDGE('',*,*,#1916,.T.);
#1296=ORIENTED_EDGE('',*,*,#1991,.F.);
#1297=ORIENTED_EDGE('',*,*,#1992,.F.);
#1298=ORIENTED_EDGE('',*,*,#1988,.T.);
#1299=ORIENTED_EDGE('',*,*,#1919,.T.);
#1300=ORIENTED_EDGE('',*,*,#1993,.F.);
#1301=ORIENTED_EDGE('',*,*,#1994,.F.);
#1302=ORIENTED_EDGE('',*,*,#1991,.T.);
#1303=ORIENTED_EDGE('',*,*,#1918,.F.);
#1304=ORIENTED_EDGE('',*,*,#1990,.F.);
#1305=ORIENTED_EDGE('',*,*,#1995,.T.);
#1306=ORIENTED_EDGE('',*,*,#1993,.T.);
#1307=ORIENTED_EDGE('',*,*,#1989,.F.);
#1308=ORIENTED_EDGE('',*,*,#1992,.T.);
#1309=ORIENTED_EDGE('',*,*,#1994,.T.);
#1310=ORIENTED_EDGE('',*,*,#1995,.F.);
#1311=ORIENTED_EDGE('',*,*,#1996,.T.);
#1312=ORIENTED_EDGE('',*,*,#1997,.T.);
#1313=ORIENTED_EDGE('',*,*,#1998,.T.);
#1314=ORIENTED_EDGE('',*,*,#1999,.F.);
#1315=ORIENTED_EDGE('',*,*,#2000,.T.);
#1316=ORIENTED_EDGE('',*,*,#2001,.T.);
#1317=ORIENTED_EDGE('',*,*,#2002,.F.);
#1318=ORIENTED_EDGE('',*,*,#2003,.F.);
#1319=ORIENTED_EDGE('',*,*,#2004,.T.);
#1320=ORIENTED_EDGE('',*,*,#2005,.T.);
#1321=ORIENTED_EDGE('',*,*,#2006,.T.);
#1322=ORIENTED_EDGE('',*,*,#2007,.T.);
#1323=ORIENTED_EDGE('',*,*,#2008,.F.);
#1324=ORIENTED_EDGE('',*,*,#2009,.F.);
#1325=ORIENTED_EDGE('',*,*,#2010,.F.);
#1326=ORIENTED_EDGE('',*,*,#2011,.T.);
#1327=ORIENTED_EDGE('',*,*,#2012,.T.);
#1328=ORIENTED_EDGE('',*,*,#2005,.F.);
#1329=ORIENTED_EDGE('',*,*,#2013,.F.);
#1330=ORIENTED_EDGE('',*,*,#2014,.F.);
#1331=ORIENTED_EDGE('',*,*,#2015,.F.);
#1332=ORIENTED_EDGE('',*,*,#2016,.T.);
#1333=ORIENTED_EDGE('',*,*,#2017,.T.);
#1334=ORIENTED_EDGE('',*,*,#2018,.T.);
#1335=ORIENTED_EDGE('',*,*,#2019,.F.);
#1336=ORIENTED_EDGE('',*,*,#2020,.T.);
#1337=ORIENTED_EDGE('',*,*,#2021,.F.);
#1338=ORIENTED_EDGE('',*,*,#2016,.F.);
#1339=ORIENTED_EDGE('',*,*,#2022,.T.);
#1340=ORIENTED_EDGE('',*,*,#2008,.T.);
#1341=ORIENTED_EDGE('',*,*,#2023,.F.);
#1342=ORIENTED_EDGE('',*,*,#2024,.F.);
#1343=ORIENTED_EDGE('',*,*,#2020,.F.);
#1344=ORIENTED_EDGE('',*,*,#2025,.T.);
#1345=ORIENTED_EDGE('',*,*,#2010,.T.);
#1346=ORIENTED_EDGE('',*,*,#2004,.F.);
#1347=ORIENTED_EDGE('',*,*,#2026,.T.);
#1348=ORIENTED_EDGE('',*,*,#2027,.F.);
#1349=ORIENTED_EDGE('',*,*,#2023,.T.);
#1350=ORIENTED_EDGE('',*,*,#2007,.F.);
#1351=ORIENTED_EDGE('',*,*,#2028,.F.);
#1352=ORIENTED_EDGE('',*,*,#2029,.T.);
#1353=ORIENTED_EDGE('',*,*,#2014,.T.);
#1354=ORIENTED_EDGE('',*,*,#2030,.F.);
#1355=ORIENTED_EDGE('',*,*,#2031,.T.);
#1356=ORIENTED_EDGE('',*,*,#2030,.T.);
#1357=ORIENTED_EDGE('',*,*,#2019,.T.);
#1358=ORIENTED_EDGE('',*,*,#2032,.T.);
#1359=ORIENTED_EDGE('',*,*,#2018,.F.);
#1360=ORIENTED_EDGE('',*,*,#2033,.F.);
#1361=ORIENTED_EDGE('',*,*,#2034,.F.);
#1362=ORIENTED_EDGE('',*,*,#2032,.F.);
#1363=ORIENTED_EDGE('',*,*,#2035,.T.);
#1364=ORIENTED_EDGE('',*,*,#2013,.T.);
#1365=ORIENTED_EDGE('',*,*,#2035,.F.);
#1366=ORIENTED_EDGE('',*,*,#2036,.T.);
#1367=ORIENTED_EDGE('',*,*,#2028,.T.);
#1368=ORIENTED_EDGE('',*,*,#2031,.F.);
#1369=ORIENTED_EDGE('',*,*,#2034,.T.);
#1370=ORIENTED_EDGE('',*,*,#2037,.T.);
#1371=ORIENTED_EDGE('',*,*,#1997,.F.);
#1372=ORIENTED_EDGE('',*,*,#2037,.F.);
#1373=ORIENTED_EDGE('',*,*,#2033,.T.);
#1374=ORIENTED_EDGE('',*,*,#2017,.F.);
#1375=ORIENTED_EDGE('',*,*,#2021,.T.);
#1376=ORIENTED_EDGE('',*,*,#2024,.T.);
#1377=ORIENTED_EDGE('',*,*,#2027,.T.);
#1378=ORIENTED_EDGE('',*,*,#2038,.T.);
#1379=ORIENTED_EDGE('',*,*,#1998,.F.);
#1380=ORIENTED_EDGE('',*,*,#2039,.T.);
#1381=ORIENTED_EDGE('',*,*,#2011,.F.);
#1382=ORIENTED_EDGE('',*,*,#2025,.F.);
#1383=ORIENTED_EDGE('',*,*,#2022,.F.);
#1384=ORIENTED_EDGE('',*,*,#2015,.T.);
#1385=ORIENTED_EDGE('',*,*,#2029,.F.);
#1386=ORIENTED_EDGE('',*,*,#2036,.F.);
#1387=ORIENTED_EDGE('',*,*,#1996,.F.);
#1388=ORIENTED_EDGE('',*,*,#2009,.T.);
#1389=ORIENTED_EDGE('',*,*,#1999,.T.);
#1390=ORIENTED_EDGE('',*,*,#2038,.F.);
#1391=ORIENTED_EDGE('',*,*,#2026,.F.);
#1392=ORIENTED_EDGE('',*,*,#2006,.F.);
#1393=ORIENTED_EDGE('',*,*,#2012,.F.);
#1394=ORIENTED_EDGE('',*,*,#2039,.F.);
#1395=ORIENTED_EDGE('',*,*,#2003,.T.);
#1396=ORIENTED_EDGE('',*,*,#2040,.F.);
#1397=ORIENTED_EDGE('',*,*,#2041,.F.);
#1398=ORIENTED_EDGE('',*,*,#2042,.T.);
#1399=ORIENTED_EDGE('',*,*,#2000,.F.);
#1400=ORIENTED_EDGE('',*,*,#2042,.F.);
#1401=ORIENTED_EDGE('',*,*,#2043,.T.);
#1402=ORIENTED_EDGE('',*,*,#2044,.T.);
#1403=ORIENTED_EDGE('',*,*,#2001,.F.);
#1404=ORIENTED_EDGE('',*,*,#2044,.F.);
#1405=ORIENTED_EDGE('',*,*,#2045,.T.);
#1406=ORIENTED_EDGE('',*,*,#2046,.T.);
#1407=ORIENTED_EDGE('',*,*,#2002,.T.);
#1408=ORIENTED_EDGE('',*,*,#2046,.F.);
#1409=ORIENTED_EDGE('',*,*,#2047,.F.);
#1410=ORIENTED_EDGE('',*,*,#2040,.T.);
#1411=ORIENTED_EDGE('',*,*,#2041,.T.);
#1412=ORIENTED_EDGE('',*,*,#2047,.T.);
#1413=ORIENTED_EDGE('',*,*,#2045,.F.);
#1414=ORIENTED_EDGE('',*,*,#2043,.F.);
#1415=EDGE_CURVE('',#2048,#2049,#2475,.T.);
#1416=EDGE_CURVE('',#2049,#2050,#2476,.T.);
#1417=EDGE_CURVE('',#2051,#2050,#2477,.T.);
#1418=EDGE_CURVE('',#2051,#2052,#2478,.T.);
#1419=EDGE_CURVE('',#2052,#2053,#2479,.T.);
#1420=EDGE_CURVE('',#2054,#2053,#2480,.T.);
#1421=EDGE_CURVE('',#2055,#2054,#2481,.T.);
#1422=EDGE_CURVE('',#2055,#2048,#2482,.T.);
#1423=EDGE_CURVE('',#2050,#2056,#2483,.T.);
#1424=EDGE_CURVE('',#2056,#2057,#2484,.T.);
#1425=EDGE_CURVE('',#2057,#2058,#2485,.T.);
#1426=EDGE_CURVE('',#2058,#2059,#2486,.T.);
#1427=EDGE_CURVE('',#2059,#2051,#2487,.T.);
#1428=EDGE_CURVE('',#2060,#2061,#2488,.T.);
#1429=EDGE_CURVE('',#2062,#2060,#2489,.T.);
#1430=EDGE_CURVE('',#2062,#2063,#2490,.T.);
#1431=EDGE_CURVE('',#2061,#2063,#2491,.T.);
#1432=EDGE_CURVE('',#2057,#2064,#2492,.F.);
#1433=EDGE_CURVE('',#2065,#2064,#2493,.T.);
#1434=EDGE_CURVE('',#2065,#2066,#2494,.F.);
#1435=EDGE_CURVE('',#2067,#2066,#2495,.T.);
#1436=EDGE_CURVE('',#2067,#2068,#2496,.T.);
#1437=EDGE_CURVE('',#2068,#2069,#2497,.T.);
#1438=EDGE_CURVE('',#2069,#2070,#2498,.T.);
#1439=EDGE_CURVE('',#2070,#2071,#2499,.T.);
#1440=EDGE_CURVE('',#2072,#2071,#2500,.T.);
#1441=EDGE_CURVE('',#2072,#2073,#2501,.T.);
#1442=EDGE_CURVE('',#2073,#2074,#2502,.T.);
#1443=EDGE_CURVE('',#2074,#2075,#2503,.T.);
#1444=EDGE_CURVE('',#2076,#2075,#2504,.T.);
#1445=EDGE_CURVE('',#2076,#2077,#2505,.T.);
#1446=EDGE_CURVE('',#2077,#2078,#2506,.T.);
#1447=EDGE_CURVE('',#2079,#2078,#2507,.T.);
#1448=EDGE_CURVE('',#2058,#2079,#2508,.T.);
#1449=EDGE_CURVE('',#2067,#2080,#2509,.T.);
#1450=EDGE_CURVE('',#2080,#2081,#2510,.T.);
#1451=EDGE_CURVE('',#2068,#2081,#2511,.T.);
#1452=EDGE_CURVE('',#2053,#2081,#2512,.T.);
#1453=EDGE_CURVE('',#2054,#2080,#2513,.T.);
#1454=EDGE_CURVE('',#2082,#2079,#2514,.T.);
#1455=EDGE_CURVE('',#2082,#2059,#2515,.T.);
#1456=EDGE_CURVE('',#2083,#2084,#2516,.T.);
#1457=EDGE_CURVE('',#2084,#2085,#2517,.T.);
#1458=EDGE_CURVE('',#2086,#2085,#2518,.T.);
#1459=EDGE_CURVE('',#2083,#2086,#2519,.T.);
#1460=EDGE_CURVE('',#2087,#2088,#2520,.T.);
#1461=EDGE_CURVE('',#2052,#2088,#2521,.T.);
#1462=EDGE_CURVE('',#2082,#2087,#2522,.T.);
#1463=EDGE_CURVE('',#2089,#2090,#2523,.F.);
#1464=EDGE_CURVE('',#2089,#2091,#2524,.T.);
#1465=EDGE_CURVE('',#2091,#2092,#2525,.F.);
#1466=EDGE_CURVE('',#2090,#2092,#2526,.T.);
#1467=EDGE_CURVE('',#2093,#2094,#2527,.F.);
#1468=EDGE_CURVE('',#2093,#2095,#2528,.T.);
#1469=EDGE_CURVE('',#2095,#2096,#2529,.F.);
#1470=EDGE_CURVE('',#2094,#2096,#2530,.T.);
#1471=EDGE_CURVE('',#2087,#2078,#2531,.T.);
#1472=EDGE_CURVE('',#2097,#2076,#2532,.T.);
#1473=EDGE_CURVE('',#2098,#2097,#2533,.T.);
#1474=EDGE_CURVE('',#2098,#2073,#2534,.T.);
#1475=EDGE_CURVE('',#2099,#2072,#2535,.T.);
#1476=EDGE_CURVE('',#2100,#2099,#2536,.T.);
#1477=EDGE_CURVE('',#2100,#2069,#2537,.T.);
#1478=EDGE_CURVE('',#2077,#2088,#2538,.T.);
#1479=EDGE_CURVE('',#2098,#2101,#2539,.T.);
#1480=EDGE_CURVE('',#2101,#2074,#2540,.T.);
#1481=EDGE_CURVE('',#2101,#2102,#2541,.T.);
#1482=EDGE_CURVE('',#2102,#2075,#2542,.T.);
#1483=EDGE_CURVE('',#2097,#2102,#2543,.T.);
#1484=EDGE_CURVE('',#2100,#2103,#2544,.T.);
#1485=EDGE_CURVE('',#2103,#2070,#2545,.T.);
#1486=EDGE_CURVE('',#2103,#2104,#2546,.T.);
#1487=EDGE_CURVE('',#2104,#2071,#2547,.T.);
#1488=EDGE_CURVE('',#2099,#2104,#2548,.T.);
#1489=EDGE_CURVE('',#2105,#2106,#2549,.T.);
#1490=EDGE_CURVE('',#2107,#2105,#2550,.T.);
#1491=EDGE_CURVE('',#2107,#2108,#2551,.T.);
#1492=EDGE_CURVE('',#2106,#2108,#2552,.T.);
#1493=EDGE_CURVE('',#2109,#2110,#2553,.T.);
#1494=EDGE_CURVE('',#2063,#2110,#2554,.T.);
#1495=EDGE_CURVE('',#2108,#2062,#2555,.F.);
#1496=EDGE_CURVE('',#2111,#2107,#2556,.F.);
#1497=EDGE_CURVE('',#2109,#2111,#2557,.T.);
#1498=EDGE_CURVE('',#2112,#2109,#2558,.T.);
#1499=EDGE_CURVE('',#2112,#2113,#2559,.T.);
#1500=EDGE_CURVE('',#2110,#2113,#2560,.T.);
#1501=EDGE_CURVE('',#2105,#2114,#2561,.F.);
#1502=EDGE_CURVE('',#2060,#2106,#2562,.F.);
#1503=EDGE_CURVE('',#2113,#2061,#2563,.T.);
#1504=EDGE_CURVE('',#2114,#2112,#2564,.T.);
#1505=EDGE_CURVE('',#2114,#2111,#2565,.T.);
#1506=EDGE_CURVE('',#2115,#2094,#38,.T.);
#1507=EDGE_CURVE('',#2115,#2116,#2566,.T.);
#1508=EDGE_CURVE('',#2116,#2093,#39,.T.);
#1509=EDGE_CURVE('',#2117,#2095,#40,.T.);
#1510=EDGE_CURVE('',#2118,#2117,#2567,.T.);
#1511=EDGE_CURVE('',#2118,#2096,#41,.T.);
#1512=EDGE_CURVE('',#2118,#2115,#2568,.T.);
#1513=EDGE_CURVE('',#2117,#2116,#2569,.T.);
#1514=EDGE_CURVE('',#2119,#2090,#42,.T.);
#1515=EDGE_CURVE('',#2119,#2120,#2570,.T.);
#1516=EDGE_CURVE('',#2120,#2089,#43,.T.);
#1517=EDGE_CURVE('',#2121,#2091,#44,.T.);
#1518=EDGE_CURVE('',#2122,#2121,#2571,.T.);
#1519=EDGE_CURVE('',#2122,#2092,#45,.T.);
#1520=EDGE_CURVE('',#2122,#2119,#2572,.T.);
#1521=EDGE_CURVE('',#2121,#2120,#2573,.T.);
#1522=EDGE_CURVE('',#2123,#2124,#2574,.T.);
#1523=EDGE_CURVE('',#2124,#2125,#2575,.T.);
#1524=EDGE_CURVE('',#2126,#2125,#2576,.T.);
#1525=EDGE_CURVE('',#2123,#2126,#2577,.T.);
#1526=EDGE_CURVE('',#2127,#2126,#2578,.T.);
#1527=EDGE_CURVE('',#2128,#2127,#2579,.T.);
#1528=EDGE_CURVE('',#2128,#2123,#2580,.T.);
#1529=EDGE_CURVE('',#2128,#2129,#2581,.T.);
#1530=EDGE_CURVE('',#2129,#2124,#2582,.T.);
#1531=EDGE_CURVE('',#2129,#2130,#2583,.T.);
#1532=EDGE_CURVE('',#2130,#2125,#2584,.T.);
#1533=EDGE_CURVE('',#2127,#2130,#2585,.T.);
#1534=EDGE_CURVE('',#2131,#2086,#2586,.T.);
#1535=EDGE_CURVE('',#2132,#2131,#2587,.T.);
#1536=EDGE_CURVE('',#2132,#2083,#2588,.T.);
#1537=EDGE_CURVE('',#2132,#2133,#2589,.T.);
#1538=EDGE_CURVE('',#2133,#2084,#2590,.T.);
#1539=EDGE_CURVE('',#2133,#2134,#2591,.T.);
#1540=EDGE_CURVE('',#2134,#2085,#2592,.T.);
#1541=EDGE_CURVE('',#2131,#2134,#2593,.T.);
#1542=EDGE_CURVE('',#2135,#2136,#2594,.T.);
#1543=EDGE_CURVE('',#2135,#2065,#2595,.T.);
#1544=EDGE_CURVE('',#2064,#2136,#2596,.T.);
#1545=EDGE_CURVE('',#2048,#2135,#2597,.T.);
#1546=EDGE_CURVE('',#2136,#2049,#2598,.T.);
#1547=EDGE_CURVE('',#2066,#2137,#2599,.T.);
#1548=EDGE_CURVE('',#2137,#2055,#2600,.T.);
#1549=EDGE_CURVE('',#2137,#2135,#2601,.T.);
#1550=EDGE_CURVE('',#2136,#2056,#2602,.T.);
#1551=EDGE_CURVE('',#2138,#2139,#2603,.T.);
#1552=EDGE_CURVE('',#2138,#2140,#2604,.T.);
#1553=EDGE_CURVE('',#2141,#2140,#2605,.T.);
#1554=EDGE_CURVE('',#2139,#2141,#2606,.T.);
#1555=EDGE_CURVE('',#2142,#2143,#2607,.T.);
#1556=EDGE_CURVE('',#2142,#2144,#2608,.T.);
#1557=EDGE_CURVE('',#2144,#2145,#2609,.T.);
#1558=EDGE_CURVE('',#2143,#2145,#2610,.T.);
#1559=EDGE_CURVE('',#2146,#2147,#46,.T.);
#1560=EDGE_CURVE('',#2148,#2146,#2611,.F.);
#1561=EDGE_CURVE('',#2149,#2148,#47,.F.);
#1562=EDGE_CURVE('',#2147,#2149,#2612,.T.);
#1563=EDGE_CURVE('',#2150,#2150,#48,.T.);
#1564=EDGE_CURVE('',#2151,#2151,#49,.T.);
#1565=EDGE_CURVE('',#2152,#2147,#2613,.T.);
#1566=EDGE_CURVE('',#2153,#2149,#2614,.T.);
#1567=EDGE_CURVE('',#2152,#2153,#2615,.T.);
#1568=EDGE_CURVE('',#2154,#2154,#50,.T.);
#1569=EDGE_CURVE('',#2155,#2156,#2616,.T.);
#1570=EDGE_CURVE('',#2156,#2157,#51,.F.);
#1571=EDGE_CURVE('',#2158,#2157,#2617,.T.);
#1572=EDGE_CURVE('',#2159,#2158,#2618,.T.);
#1573=EDGE_CURVE('',#2160,#2159,#2619,.T.);
#1574=EDGE_CURVE('',#2160,#2155,#2620,.T.);
#1575=EDGE_CURVE('',#2161,#2162,#2621,.T.);
#1576=EDGE_CURVE('',#2160,#2161,#2622,.T.);
#1577=EDGE_CURVE('',#2159,#2162,#2623,.T.);
#1578=EDGE_CURVE('',#2163,#2146,#2624,.T.);
#1579=EDGE_CURVE('',#2161,#2152,#2625,.T.);
#1580=EDGE_CURVE('',#2162,#2163,#2626,.T.);
#1581=EDGE_CURVE('',#2148,#2164,#2627,.T.);
#1582=EDGE_CURVE('',#2163,#2164,#2628,.T.);
#1583=EDGE_CURVE('',#2165,#2166,#2629,.T.);
#1584=EDGE_CURVE('',#2166,#2156,#2630,.T.);
#1585=EDGE_CURVE('',#2165,#2155,#2631,.T.);
#1586=EDGE_CURVE('',#2167,#2166,#52,.T.);
#1587=EDGE_CURVE('',#2157,#2167,#2632,.F.);
#1588=EDGE_CURVE('',#2167,#2168,#2633,.T.);
#1589=EDGE_CURVE('',#2168,#2158,#2634,.T.);
#1590=EDGE_CURVE('',#2169,#2169,#53,.T.);
#1591=EDGE_CURVE('',#2139,#2165,#2635,.T.);
#1592=EDGE_CURVE('',#2168,#2141,#2636,.T.);
#1593=EDGE_CURVE('',#2164,#2140,#2637,.T.);
#1594=EDGE_CURVE('',#2138,#2153,#2638,.T.);
#1595=EDGE_CURVE('',#2170,#2142,#2639,.T.);
#1596=EDGE_CURVE('',#2170,#2171,#2640,.T.);
#1597=EDGE_CURVE('',#2171,#2144,#2641,.T.);
#1598=EDGE_CURVE('',#2172,#2143,#2642,.T.);
#1599=EDGE_CURVE('',#2170,#2172,#2643,.T.);
#1600=EDGE_CURVE('',#2173,#2145,#2644,.T.);
#1601=EDGE_CURVE('',#2172,#2173,#2645,.T.);
#1602=EDGE_CURVE('',#2171,#2173,#2646,.T.);
#1603=EDGE_CURVE('',#2174,#2174,#16,.T.);
#1604=EDGE_CURVE('',#2175,#2175,#54,.T.);
#1605=EDGE_CURVE('',#2176,#2176,#55,.T.);
#1606=EDGE_CURVE('',#2177,#2177,#17,.T.);
#1607=EDGE_CURVE('',#2178,#2178,#56,.T.);
#1608=EDGE_CURVE('',#2179,#2179,#57,.T.);
#1609=EDGE_CURVE('',#2180,#2180,#58,.T.);
#1610=EDGE_CURVE('',#2181,#2181,#59,.T.);
#1611=EDGE_CURVE('',#2182,#2182,#18,.T.);
#1612=EDGE_CURVE('',#2183,#2183,#19,.T.);
#1613=EDGE_CURVE('',#2183,#2182,#60,.T.);
#1614=EDGE_CURVE('',#2182,#2183,#61,.T.);
#1615=EDGE_CURVE('',#2184,#2185,#2647,.T.);
#1616=EDGE_CURVE('',#2186,#2185,#2648,.T.);
#1617=EDGE_CURVE('',#2186,#2187,#2649,.T.);
#1618=EDGE_CURVE('',#2184,#2187,#2650,.T.);
#1619=EDGE_CURVE('',#2188,#2189,#2651,.T.);
#1620=EDGE_CURVE('',#2189,#2190,#2652,.T.);
#1621=EDGE_CURVE('',#2191,#2190,#2653,.T.);
#1622=EDGE_CURVE('',#2188,#2191,#2654,.T.);
#1623=EDGE_CURVE('',#2192,#2193,#2655,.T.);
#1624=EDGE_CURVE('',#2194,#2193,#2656,.T.);
#1625=EDGE_CURVE('',#2195,#2194,#2657,.T.);
#1626=EDGE_CURVE('',#2195,#2192,#2658,.T.);
#1627=EDGE_CURVE('',#2196,#2197,#2659,.T.);
#1628=EDGE_CURVE('',#2198,#2197,#2660,.T.);
#1629=EDGE_CURVE('',#2199,#2198,#2661,.T.);
#1630=EDGE_CURVE('',#2199,#2196,#2662,.T.);
#1631=EDGE_CURVE('',#2200,#2201,#2663,.T.);
#1632=EDGE_CURVE('',#2202,#2200,#2664,.T.);
#1633=EDGE_CURVE('',#2202,#2203,#2665,.T.);
#1634=EDGE_CURVE('',#2203,#2201,#2666,.T.);
#1635=EDGE_CURVE('',#2204,#2205,#2667,.T.);
#1636=EDGE_CURVE('',#2206,#2204,#2668,.T.);
#1637=EDGE_CURVE('',#2206,#2207,#2669,.T.);
#1638=EDGE_CURVE('',#2207,#2205,#2670,.T.);
#1639=EDGE_CURVE('',#2193,#2208,#62,.T.);
#1640=EDGE_CURVE('',#2192,#2209,#63,.T.);
#1641=EDGE_CURVE('',#2208,#2209,#2671,.T.);
#1642=EDGE_CURVE('',#2195,#2210,#64,.T.);
#1643=EDGE_CURVE('',#2209,#2210,#2672,.F.);
#1644=EDGE_CURVE('',#2211,#2210,#2673,.T.);
#1645=EDGE_CURVE('',#2194,#2211,#65,.T.);
#1646=EDGE_CURVE('',#2208,#2211,#2674,.F.);
#1647=EDGE_CURVE('',#2197,#2212,#66,.T.);
#1648=EDGE_CURVE('',#2196,#2213,#67,.T.);
#1649=EDGE_CURVE('',#2212,#2213,#2675,.T.);
#1650=EDGE_CURVE('',#2199,#2214,#68,.T.);
#1651=EDGE_CURVE('',#2213,#2214,#2676,.F.);
#1652=EDGE_CURVE('',#2215,#2214,#2677,.T.);
#1653=EDGE_CURVE('',#2198,#2215,#69,.T.);
#1654=EDGE_CURVE('',#2212,#2215,#2678,.F.);
#1655=EDGE_CURVE('',#2216,#2217,#2679,.T.);
#1656=EDGE_CURVE('',#2217,#2218,#2680,.T.);
#1657=EDGE_CURVE('',#2219,#2218,#2681,.T.);
#1658=EDGE_CURVE('',#2216,#2219,#2682,.T.);
#1659=EDGE_CURVE('',#2220,#2221,#2683,.T.);
#1660=EDGE_CURVE('',#2220,#2222,#2684,.T.);
#1661=EDGE_CURVE('',#2223,#2222,#2685,.T.);
#1662=EDGE_CURVE('',#2223,#2221,#2686,.T.);
#1663=EDGE_CURVE('',#2224,#2225,#2687,.T.);
#1664=EDGE_CURVE('',#2225,#2205,#2688,.T.);
#1665=EDGE_CURVE('',#2224,#2207,#2689,.T.);
#1666=EDGE_CURVE('',#2226,#2224,#2690,.T.);
#1667=EDGE_CURVE('',#2226,#2206,#2691,.T.);
#1668=EDGE_CURVE('',#2227,#2204,#2692,.T.);
#1669=EDGE_CURVE('',#2226,#2227,#2693,.T.);
#1670=EDGE_CURVE('',#2228,#2229,#2694,.T.);
#1671=EDGE_CURVE('',#2229,#2201,#2695,.T.);
#1672=EDGE_CURVE('',#2228,#2203,#2696,.T.);
#1673=EDGE_CURVE('',#2230,#2228,#2697,.T.);
#1674=EDGE_CURVE('',#2230,#2202,#2698,.T.);
#1675=EDGE_CURVE('',#2231,#2200,#2699,.T.);
#1676=EDGE_CURVE('',#2230,#2231,#2700,.T.);
#1677=EDGE_CURVE('',#2185,#2222,#2701,.T.);
#1678=EDGE_CURVE('',#2225,#2220,#2702,.T.);
#1679=EDGE_CURVE('',#2229,#2227,#2703,.T.);
#1680=EDGE_CURVE('',#2186,#2231,#2704,.T.);
#1681=EDGE_CURVE('',#2187,#2221,#2705,.T.);
#1682=EDGE_CURVE('',#2184,#2223,#2706,.T.);
#1683=EDGE_CURVE('',#2232,#2219,#2707,.T.);
#1684=EDGE_CURVE('',#2233,#2232,#2708,.T.);
#1685=EDGE_CURVE('',#2233,#2216,#2709,.T.);
#1686=EDGE_CURVE('',#2233,#2234,#2710,.T.);
#1687=EDGE_CURVE('',#2234,#2217,#2711,.T.);
#1688=EDGE_CURVE('',#2234,#2235,#2712,.T.);
#1689=EDGE_CURVE('',#2235,#2218,#2713,.T.);
#1690=EDGE_CURVE('',#2232,#2235,#2714,.T.);
#1691=EDGE_CURVE('',#2236,#2191,#2715,.T.);
#1692=EDGE_CURVE('',#2237,#2236,#2716,.T.);
#1693=EDGE_CURVE('',#2237,#2188,#2717,.T.);
#1694=EDGE_CURVE('',#2237,#2238,#2718,.T.);
#1695=EDGE_CURVE('',#2238,#2189,#2719,.T.);
#1696=EDGE_CURVE('',#2238,#2239,#2720,.T.);
#1697=EDGE_CURVE('',#2239,#2190,#2721,.T.);
#1698=EDGE_CURVE('',#2236,#2239,#2722,.T.);
#1699=EDGE_CURVE('',#2240,#2241,#2723,.T.);
#1700=EDGE_CURVE('',#2241,#2242,#2724,.T.);
#1701=EDGE_CURVE('',#2243,#2242,#2725,.T.);
#1702=EDGE_CURVE('',#2243,#2244,#2726,.T.);
#1703=EDGE_CURVE('',#2244,#2245,#2727,.T.);
#1704=EDGE_CURVE('',#2245,#2246,#2728,.T.);
#1705=EDGE_CURVE('',#2247,#2246,#2729,.T.);
#1706=EDGE_CURVE('',#2240,#2247,#2730,.T.);
#1707=EDGE_CURVE('',#2248,#2249,#2731,.T.);
#1708=EDGE_CURVE('',#2249,#2241,#2732,.T.);
#1709=EDGE_CURVE('',#2250,#2240,#2733,.T.);
#1710=EDGE_CURVE('',#2251,#2250,#2734,.T.);
#1711=EDGE_CURVE('',#2248,#2251,#2735,.T.);
#1712=EDGE_CURVE('',#2252,#2253,#2736,.T.);
#1713=EDGE_CURVE('',#2253,#2254,#2737,.T.);
#1714=EDGE_CURVE('',#2255,#2254,#2738,.T.);
#1715=EDGE_CURVE('',#2255,#2252,#2739,.T.);
#1716=EDGE_CURVE('',#2256,#2257,#2740,.T.);
#1717=EDGE_CURVE('',#2257,#2248,#2741,.F.);
#1718=EDGE_CURVE('',#2251,#2258,#2742,.T.);
#1719=EDGE_CURVE('',#2258,#2259,#2743,.T.);
#1720=EDGE_CURVE('',#2260,#2259,#2744,.T.);
#1721=EDGE_CURVE('',#2261,#2260,#2745,.T.);
#1722=EDGE_CURVE('',#2261,#2262,#2746,.T.);
#1723=EDGE_CURVE('',#2263,#2262,#2747,.T.);
#1724=EDGE_CURVE('',#2264,#2263,#2748,.T.);
#1725=EDGE_CURVE('',#2265,#2264,#2749,.T.);
#1726=EDGE_CURVE('',#2265,#2266,#2750,.T.);
#1727=EDGE_CURVE('',#2267,#2266,#2751,.T.);
#1728=EDGE_CURVE('',#2268,#2267,#2752,.T.);
#1729=EDGE_CURVE('',#2269,#2268,#2753,.T.);
#1730=EDGE_CURVE('',#2270,#2269,#2754,.T.);
#1731=EDGE_CURVE('',#2270,#2271,#2755,.T.);
#1732=EDGE_CURVE('',#2271,#2256,#2756,.F.);
#1733=EDGE_CURVE('',#2270,#2272,#2757,.T.);
#1734=EDGE_CURVE('',#2269,#2273,#2758,.T.);
#1735=EDGE_CURVE('',#2272,#2273,#2759,.T.);
#1736=EDGE_CURVE('',#2245,#2272,#2760,.T.);
#1737=EDGE_CURVE('',#2246,#2273,#2761,.T.);
#1738=EDGE_CURVE('',#2274,#2250,#2762,.T.);
#1739=EDGE_CURVE('',#2274,#2258,#2763,.T.);
#1740=EDGE_CURVE('',#2275,#2276,#2764,.T.);
#1741=EDGE_CURVE('',#2275,#2277,#2765,.T.);
#1742=EDGE_CURVE('',#2277,#2278,#2766,.T.);
#1743=EDGE_CURVE('',#2276,#2278,#2767,.T.);
#1744=EDGE_CURVE('',#2279,#2280,#2768,.T.);
#1745=EDGE_CURVE('',#2274,#2279,#2769,.T.);
#1746=EDGE_CURVE('',#2247,#2280,#2770,.T.);
#1747=EDGE_CURVE('',#2281,#2282,#2771,.F.);
#1748=EDGE_CURVE('',#2282,#2283,#2772,.T.);
#1749=EDGE_CURVE('',#2284,#2283,#2773,.F.);
#1750=EDGE_CURVE('',#2281,#2284,#2774,.T.);
#1751=EDGE_CURVE('',#2285,#2286,#2775,.F.);
#1752=EDGE_CURVE('',#2286,#2287,#2776,.T.);
#1753=EDGE_CURVE('',#2288,#2287,#2777,.F.);
#1754=EDGE_CURVE('',#2285,#2288,#2778,.T.);
#1755=EDGE_CURVE('',#2279,#2259,#2779,.T.);
#1756=EDGE_CURVE('',#2260,#2280,#2780,.T.);
#1757=EDGE_CURVE('',#2289,#2268,#2781,.T.);
#1758=EDGE_CURVE('',#2289,#2290,#2782,.T.);
#1759=EDGE_CURVE('',#2290,#2265,#2783,.T.);
#1760=EDGE_CURVE('',#2291,#2264,#2784,.T.);
#1761=EDGE_CURVE('',#2291,#2292,#2785,.T.);
#1762=EDGE_CURVE('',#2292,#2261,#2786,.T.);
#1763=EDGE_CURVE('',#2293,#2263,#2787,.T.);
#1764=EDGE_CURVE('',#2291,#2293,#2788,.T.);
#1765=EDGE_CURVE('',#2294,#2262,#2789,.T.);
#1766=EDGE_CURVE('',#2293,#2294,#2790,.T.);
#1767=EDGE_CURVE('',#2292,#2294,#2791,.T.);
#1768=EDGE_CURVE('',#2295,#2267,#2792,.T.);
#1769=EDGE_CURVE('',#2289,#2295,#2793,.T.);
#1770=EDGE_CURVE('',#2296,#2266,#2794,.T.);
#1771=EDGE_CURVE('',#2295,#2296,#2795,.T.);
#1772=EDGE_CURVE('',#2290,#2296,#2796,.T.);
#1773=EDGE_CURVE('',#2297,#2298,#2797,.T.);
#1774=EDGE_CURVE('',#2298,#2299,#2798,.T.);
#1775=EDGE_CURVE('',#2300,#2299,#2799,.T.);
#1776=EDGE_CURVE('',#2300,#2297,#2800,.T.);
#1777=EDGE_CURVE('',#2301,#2302,#2801,.T.);
#1778=EDGE_CURVE('',#2301,#2303,#2802,.T.);
#1779=EDGE_CURVE('',#2303,#2300,#2803,.F.);
#1780=EDGE_CURVE('',#2299,#2255,#2804,.F.);
#1781=EDGE_CURVE('',#2254,#2302,#2805,.T.);
#1782=EDGE_CURVE('',#2302,#2304,#2806,.T.);
#1783=EDGE_CURVE('',#2305,#2304,#2807,.T.);
#1784=EDGE_CURVE('',#2305,#2301,#2808,.T.);
#1785=EDGE_CURVE('',#2297,#2306,#2809,.F.);
#1786=EDGE_CURVE('',#2306,#2305,#2810,.T.);
#1787=EDGE_CURVE('',#2304,#2253,#2811,.T.);
#1788=EDGE_CURVE('',#2252,#2298,#2812,.F.);
#1789=EDGE_CURVE('',#2306,#2303,#2813,.T.);
#1790=EDGE_CURVE('',#2307,#2285,#70,.T.);
#1791=EDGE_CURVE('',#2308,#2307,#2814,.T.);
#1792=EDGE_CURVE('',#2308,#2286,#71,.T.);
#1793=EDGE_CURVE('',#2309,#2288,#72,.T.);
#1794=EDGE_CURVE('',#2310,#2287,#73,.T.);
#1795=EDGE_CURVE('',#2310,#2309,#2815,.T.);
#1796=EDGE_CURVE('',#2310,#2308,#2816,.T.);
#1797=EDGE_CURVE('',#2309,#2307,#2817,.T.);
#1798=EDGE_CURVE('',#2311,#2281,#74,.T.);
#1799=EDGE_CURVE('',#2312,#2311,#2818,.T.);
#1800=EDGE_CURVE('',#2312,#2282,#75,.T.);
#1801=EDGE_CURVE('',#2313,#2284,#76,.T.);
#1802=EDGE_CURVE('',#2314,#2283,#77,.T.);
#1803=EDGE_CURVE('',#2314,#2313,#2819,.T.);
#1804=EDGE_CURVE('',#2314,#2312,#2820,.T.);
#1805=EDGE_CURVE('',#2313,#2311,#2821,.T.);
#1806=EDGE_CURVE('',#2315,#2316,#2822,.T.);
#1807=EDGE_CURVE('',#2315,#2317,#2823,.T.);
#1808=EDGE_CURVE('',#2317,#2318,#2824,.T.);
#1809=EDGE_CURVE('',#2316,#2318,#2825,.T.);
#1810=EDGE_CURVE('',#2319,#2315,#2826,.T.);
#1811=EDGE_CURVE('',#2319,#2320,#2827,.T.);
#1812=EDGE_CURVE('',#2320,#2317,#2828,.T.);
#1813=EDGE_CURVE('',#2321,#2316,#2829,.T.);
#1814=EDGE_CURVE('',#2319,#2321,#2830,.T.);
#1815=EDGE_CURVE('',#2322,#2318,#2831,.T.);
#1816=EDGE_CURVE('',#2321,#2322,#2832,.T.);
#1817=EDGE_CURVE('',#2320,#2322,#2833,.T.);
#1818=EDGE_CURVE('',#2323,#2275,#2834,.T.);
#1819=EDGE_CURVE('',#2323,#2324,#2835,.T.);
#1820=EDGE_CURVE('',#2324,#2277,#2836,.T.);
#1821=EDGE_CURVE('',#2325,#2276,#2837,.T.);
#1822=EDGE_CURVE('',#2323,#2325,#2838,.T.);
#1823=EDGE_CURVE('',#2326,#2278,#2839,.T.);
#1824=EDGE_CURVE('',#2325,#2326,#2840,.T.);
#1825=EDGE_CURVE('',#2324,#2326,#2841,.T.);
#1826=EDGE_CURVE('',#2256,#2327,#2842,.T.);
#1827=EDGE_CURVE('',#2327,#2328,#2843,.T.);
#1828=EDGE_CURVE('',#2328,#2257,#2844,.T.);
#1829=EDGE_CURVE('',#2327,#2243,#2845,.T.);
#1830=EDGE_CURVE('',#2242,#2328,#2846,.T.);
#1831=EDGE_CURVE('',#2244,#2329,#2847,.T.);
#1832=EDGE_CURVE('',#2329,#2271,#2848,.T.);
#1833=EDGE_CURVE('',#2327,#2329,#2849,.T.);
#1834=EDGE_CURVE('',#2249,#2328,#2850,.T.);
#1835=EDGE_CURVE('',#2330,#2331,#2851,.T.);
#1836=EDGE_CURVE('',#2330,#2332,#78,.T.);
#1837=EDGE_CURVE('',#2332,#2333,#2852,.T.);
#1838=EDGE_CURVE('',#2331,#2333,#79,.T.);
#1839=EDGE_CURVE('',#2334,#2335,#2853,.T.);
#1840=EDGE_CURVE('',#2334,#2336,#80,.T.);
#1841=EDGE_CURVE('',#2336,#2337,#2854,.T.);
#1842=EDGE_CURVE('',#2335,#2337,#81,.T.);
#1843=EDGE_CURVE('',#2336,#2338,#2855,.T.);
#1844=EDGE_CURVE('',#2338,#2339,#2856,.T.);
#1845=EDGE_CURVE('',#2337,#2339,#2857,.T.);
#1846=EDGE_CURVE('',#2332,#2340,#2858,.T.);
#1847=EDGE_CURVE('',#2340,#2341,#2859,.T.);
#1848=EDGE_CURVE('',#2333,#2341,#2860,.T.);
#1849=EDGE_CURVE('',#2342,#2338,#82,.T.);
#1850=EDGE_CURVE('',#2342,#2343,#2861,.T.);
#1851=EDGE_CURVE('',#2343,#2339,#83,.T.);
#1852=EDGE_CURVE('',#2344,#2330,#2862,.T.);
#1853=EDGE_CURVE('',#2344,#2345,#10,.T.);
#1854=EDGE_CURVE('',#2345,#2346,#2863,.T.);
#1855=EDGE_CURVE('',#2346,#2347,#84,.T.);
#1856=EDGE_CURVE('',#2347,#2348,#2864,.T.);
#1857=EDGE_CURVE('',#2349,#2348,#85,.T.);
#1858=EDGE_CURVE('',#2350,#2349,#2865,.T.);
#1859=EDGE_CURVE('',#2350,#2351,#86,.T.);
#1860=EDGE_CURVE('',#2351,#2342,#2866,.T.);
#1861=EDGE_CURVE('',#2352,#2334,#2867,.T.);
#1862=EDGE_CURVE('',#2352,#2353,#11,.T.);
#1863=EDGE_CURVE('',#2353,#2354,#2868,.T.);
#1864=EDGE_CURVE('',#2354,#2355,#87,.T.);
#1865=EDGE_CURVE('',#2355,#2356,#2869,.T.);
#1866=EDGE_CURVE('',#2357,#2356,#88,.T.);
#1867=EDGE_CURVE('',#2358,#2357,#2870,.T.);
#1868=EDGE_CURVE('',#2358,#2359,#89,.T.);
#1869=EDGE_CURVE('',#2359,#2360,#2871,.T.);
#1870=EDGE_CURVE('',#2360,#2340,#90,.T.);
#1871=EDGE_CURVE('',#2361,#2361,#91,.T.);
#1872=EDGE_CURVE('',#2362,#2362,#20,.T.);
#1873=EDGE_CURVE('',#2363,#2363,#92,.T.);
#1874=EDGE_CURVE('',#2364,#2364,#93,.T.);
#1875=EDGE_CURVE('',#2365,#2365,#21,.T.);
#1876=EDGE_CURVE('',#2366,#2367,#2872,.T.);
#1877=EDGE_CURVE('',#2366,#2368,#12,.F.);
#1878=EDGE_CURVE('',#2368,#2331,#2873,.T.);
#1879=EDGE_CURVE('',#2369,#2341,#94,.T.);
#1880=EDGE_CURVE('',#2370,#2369,#2874,.T.);
#1881=EDGE_CURVE('',#2371,#2370,#95,.T.);
#1882=EDGE_CURVE('',#2371,#2372,#2875,.T.);
#1883=EDGE_CURVE('',#2372,#2373,#96,.T.);
#1884=EDGE_CURVE('',#2374,#2373,#2876,.T.);
#1885=EDGE_CURVE('',#2375,#2374,#97,.T.);
#1886=EDGE_CURVE('',#2376,#2375,#2877,.T.);
#1887=EDGE_CURVE('',#2376,#2377,#13,.F.);
#1888=EDGE_CURVE('',#2377,#2335,#2878,.T.);
#1889=EDGE_CURVE('',#2378,#2343,#2879,.T.);
#1890=EDGE_CURVE('',#2379,#2378,#98,.T.);
#1891=EDGE_CURVE('',#2379,#2380,#2880,.T.);
#1892=EDGE_CURVE('',#2380,#2381,#99,.T.);
#1893=EDGE_CURVE('',#2382,#2381,#2881,.T.);
#1894=EDGE_CURVE('',#2367,#2382,#100,.T.);
#1895=EDGE_CURVE('',#2360,#2369,#2882,.T.);
#1896=EDGE_CURVE('',#2359,#2370,#2883,.T.);
#1897=EDGE_CURVE('',#2358,#2371,#2884,.T.);
#1898=EDGE_CURVE('',#2351,#2378,#2885,.T.);
#1899=EDGE_CURVE('',#2350,#2379,#2886,.T.);
#1900=EDGE_CURVE('',#2357,#2372,#2887,.T.);
#1901=EDGE_CURVE('',#2356,#2373,#2888,.T.);
#1902=EDGE_CURVE('',#2349,#2380,#2889,.T.);
#1903=EDGE_CURVE('',#2348,#2381,#2890,.T.);
#1904=EDGE_CURVE('',#2377,#2352,#2891,.T.);
#1905=EDGE_CURVE('',#2355,#2374,#2892,.T.);
#1906=EDGE_CURVE('',#2375,#2354,#2893,.T.);
#1907=EDGE_CURVE('',#2353,#2376,#2894,.T.);
#1908=EDGE_CURVE('',#2368,#2344,#2895,.T.);
#1909=EDGE_CURVE('',#2347,#2382,#2896,.T.);
#1910=EDGE_CURVE('',#2346,#2367,#2897,.T.);
#1911=EDGE_CURVE('',#2345,#2366,#2898,.T.);
#1912=EDGE_CURVE('',#2383,#2384,#2899,.T.);
#1913=EDGE_CURVE('',#2383,#2385,#2900,.T.);
#1914=EDGE_CURVE('',#2386,#2385,#2901,.T.);
#1915=EDGE_CURVE('',#2386,#2384,#2902,.T.);
#1916=EDGE_CURVE('',#2387,#2388,#2903,.T.);
#1917=EDGE_CURVE('',#2387,#2389,#2904,.T.);
#1918=EDGE_CURVE('',#2389,#2390,#2905,.T.);
#1919=EDGE_CURVE('',#2388,#2390,#2906,.T.);
#1920=EDGE_CURVE('',#2391,#2392,#2907,.T.);
#1921=EDGE_CURVE('',#2393,#2391,#2908,.T.);
#1922=EDGE_CURVE('',#2393,#2394,#2909,.T.);
#1923=EDGE_CURVE('',#2394,#2392,#2910,.T.);
#1924=EDGE_CURVE('',#2395,#2396,#2911,.T.);
#1925=EDGE_CURVE('',#2397,#2395,#2912,.T.);
#1926=EDGE_CURVE('',#2397,#2398,#2913,.T.);
#1927=EDGE_CURVE('',#2398,#2396,#2914,.T.);
#1928=EDGE_CURVE('',#2399,#2400,#2915,.T.);
#1929=EDGE_CURVE('',#2401,#2400,#2916,.T.);
#1930=EDGE_CURVE('',#2402,#2401,#2917,.T.);
#1931=EDGE_CURVE('',#2402,#2399,#2918,.T.);
#1932=EDGE_CURVE('',#2403,#2404,#2919,.T.);
#1933=EDGE_CURVE('',#2405,#2404,#2920,.T.);
#1934=EDGE_CURVE('',#2406,#2405,#2921,.T.);
#1935=EDGE_CURVE('',#2406,#2403,#2922,.T.);
#1936=EDGE_CURVE('',#2392,#2407,#101,.T.);
#1937=EDGE_CURVE('',#2407,#2408,#2923,.T.);
#1938=EDGE_CURVE('',#2391,#2408,#102,.T.);
#1939=EDGE_CURVE('',#2408,#2409,#2924,.F.);
#1940=EDGE_CURVE('',#2393,#2409,#103,.T.);
#1941=EDGE_CURVE('',#2410,#2409,#2925,.T.);
#1942=EDGE_CURVE('',#2394,#2410,#104,.T.);
#1943=EDGE_CURVE('',#2407,#2410,#2926,.F.);
#1944=EDGE_CURVE('',#2396,#2411,#105,.T.);
#1945=EDGE_CURVE('',#2411,#2412,#2927,.T.);
#1946=EDGE_CURVE('',#2395,#2412,#106,.T.);
#1947=EDGE_CURVE('',#2412,#2413,#2928,.F.);
#1948=EDGE_CURVE('',#2397,#2413,#107,.T.);
#1949=EDGE_CURVE('',#2414,#2413,#2929,.T.);
#1950=EDGE_CURVE('',#2398,#2414,#108,.T.);
#1951=EDGE_CURVE('',#2411,#2414,#2930,.F.);
#1952=EDGE_CURVE('',#2415,#2416,#2931,.T.);
#1953=EDGE_CURVE('',#2415,#2417,#2932,.T.);
#1954=EDGE_CURVE('',#2417,#2418,#2933,.T.);
#1955=EDGE_CURVE('',#2416,#2418,#2934,.T.);
#1956=EDGE_CURVE('',#2419,#2420,#2935,.T.);
#1957=EDGE_CURVE('',#2421,#2420,#2936,.T.);
#1958=EDGE_CURVE('',#2421,#2422,#2937,.T.);
#1959=EDGE_CURVE('',#2419,#2422,#2938,.T.);
#1960=EDGE_CURVE('',#2423,#2424,#2939,.T.);
#1961=EDGE_CURVE('',#2423,#2405,#2940,.T.);
#1962=EDGE_CURVE('',#2424,#2404,#2941,.T.);
#1963=EDGE_CURVE('',#2425,#2423,#2942,.T.);
#1964=EDGE_CURVE('',#2425,#2406,#2943,.T.);
#1965=EDGE_CURVE('',#2426,#2403,#2944,.T.);
#1966=EDGE_CURVE('',#2425,#2426,#2945,.T.);
#1967=EDGE_CURVE('',#2427,#2428,#2946,.T.);
#1968=EDGE_CURVE('',#2427,#2401,#2947,.T.);
#1969=EDGE_CURVE('',#2428,#2400,#2948,.T.);
#1970=EDGE_CURVE('',#2429,#2427,#2949,.T.);
#1971=EDGE_CURVE('',#2429,#2402,#2950,.T.);
#1972=EDGE_CURVE('',#2430,#2399,#2951,.T.);
#1973=EDGE_CURVE('',#2429,#2430,#2952,.T.);
#1974=EDGE_CURVE('',#2386,#2430,#2953,.T.);
#1975=EDGE_CURVE('',#2428,#2426,#2954,.T.);
#1976=EDGE_CURVE('',#2424,#2419,#2955,.T.);
#1977=EDGE_CURVE('',#2384,#2422,#2956,.T.);
#1978=EDGE_CURVE('',#2383,#2421,#2957,.T.);
#1979=EDGE_CURVE('',#2385,#2420,#2958,.T.);
#1980=EDGE_CURVE('',#2431,#2415,#2959,.T.);
#1981=EDGE_CURVE('',#2431,#2432,#2960,.T.);
#1982=EDGE_CURVE('',#2432,#2417,#2961,.T.);
#1983=EDGE_CURVE('',#2433,#2416,#2962,.T.);
#1984=EDGE_CURVE('',#2431,#2433,#2963,.T.);
#1985=EDGE_CURVE('',#2434,#2418,#2964,.T.);
#1986=EDGE_CURVE('',#2433,#2434,#2965,.T.);
#1987=EDGE_CURVE('',#2432,#2434,#2966,.T.);
#1988=EDGE_CURVE('',#2435,#2387,#2967,.T.);
#1989=EDGE_CURVE('',#2435,#2436,#2968,.T.);
#1990=EDGE_CURVE('',#2436,#2389,#2969,.T.);
#1991=EDGE_CURVE('',#2437,#2388,#2970,.T.);
#1992=EDGE_CURVE('',#2435,#2437,#2971,.T.);
#1993=EDGE_CURVE('',#2438,#2390,#2972,.T.);
#1994=EDGE_CURVE('',#2437,#2438,#2973,.T.);
#1995=EDGE_CURVE('',#2436,#2438,#2974,.T.);
#1996=EDGE_CURVE('',#2439,#2440,#2975,.T.);
#1997=EDGE_CURVE('',#2440,#2441,#2976,.T.);
#1998=EDGE_CURVE('',#2441,#2442,#2977,.T.);
#1999=EDGE_CURVE('',#2439,#2442,#2978,.T.);
#2000=EDGE_CURVE('',#2443,#2444,#2979,.T.);
#2001=EDGE_CURVE('',#2444,#2445,#2980,.T.);
#2002=EDGE_CURVE('',#2446,#2445,#2981,.T.);
#2003=EDGE_CURVE('',#2443,#2446,#2982,.T.);
#2004=EDGE_CURVE('',#2447,#2448,#109,.T.);
#2005=EDGE_CURVE('',#2448,#2449,#2983,.T.);
#2006=EDGE_CURVE('',#2449,#2450,#110,.F.);
#2007=EDGE_CURVE('',#2450,#2447,#2984,.F.);
#2008=EDGE_CURVE('',#2451,#2451,#111,.T.);
#2009=EDGE_CURVE('',#2452,#2452,#112,.T.);
#2010=EDGE_CURVE('',#2453,#2448,#2985,.T.);
#2011=EDGE_CURVE('',#2453,#2454,#2986,.T.);
#2012=EDGE_CURVE('',#2454,#2449,#2987,.T.);
#2013=EDGE_CURVE('',#2455,#2455,#113,.T.);
#2014=EDGE_CURVE('',#2456,#2457,#2988,.T.);
#2015=EDGE_CURVE('',#2458,#2456,#2989,.T.);
#2016=EDGE_CURVE('',#2458,#2459,#2990,.T.);
#2017=EDGE_CURVE('',#2459,#2460,#2991,.T.);
#2018=EDGE_CURVE('',#2460,#2461,#2992,.T.);
#2019=EDGE_CURVE('',#2457,#2461,#114,.F.);
#2020=EDGE_CURVE('',#2462,#2463,#2993,.T.);
#2021=EDGE_CURVE('',#2459,#2463,#2994,.T.);
#2022=EDGE_CURVE('',#2458,#2462,#2995,.T.);
#2023=EDGE_CURVE('',#2464,#2447,#2996,.T.);
#2024=EDGE_CURVE('',#2463,#2464,#2997,.T.);
#2025=EDGE_CURVE('',#2462,#2453,#2998,.T.);
#2026=EDGE_CURVE('',#2450,#2465,#2999,.T.);
#2027=EDGE_CURVE('',#2464,#2465,#3000,.T.);
#2028=EDGE_CURVE('',#2466,#2467,#3001,.T.);
#2029=EDGE_CURVE('',#2466,#2456,#3002,.T.);
#2030=EDGE_CURVE('',#2467,#2457,#3003,.T.);
#2031=EDGE_CURVE('',#2468,#2467,#115,.T.);
#2032=EDGE_CURVE('',#2461,#2468,#3004,.F.);
#2033=EDGE_CURVE('',#2469,#2460,#3005,.T.);
#2034=EDGE_CURVE('',#2468,#2469,#3006,.T.);
#2035=EDGE_CURVE('',#2470,#2470,#116,.T.);
#2036=EDGE_CURVE('',#2440,#2466,#3007,.T.);
#2037=EDGE_CURVE('',#2469,#2441,#3008,.T.);
#2038=EDGE_CURVE('',#2465,#2442,#3009,.T.);
#2039=EDGE_CURVE('',#2439,#2454,#3010,.T.);
#2040=EDGE_CURVE('',#2471,#2446,#3011,.T.);
#2041=EDGE_CURVE('',#2472,#2471,#3012,.T.);
#2042=EDGE_CURVE('',#2472,#2443,#3013,.T.);
#2043=EDGE_CURVE('',#2472,#2473,#3014,.T.);
#2044=EDGE_CURVE('',#2473,#2444,#3015,.T.);
#2045=EDGE_CURVE('',#2473,#2474,#3016,.T.);
#2046=EDGE_CURVE('',#2474,#2445,#3017,.T.);
#2047=EDGE_CURVE('',#2471,#2474,#3018,.T.);
#2048=VERTEX_POINT('',#6338);
#2049=VERTEX_POINT('',#6339);
#2050=VERTEX_POINT('',#6341);
#2051=VERTEX_POINT('',#6343);
#2052=VERTEX_POINT('',#6345);
#2053=VERTEX_POINT('',#6347);
#2054=VERTEX_POINT('',#6349);
#2055=VERTEX_POINT('',#6351);
#2056=VERTEX_POINT('',#6355);
#2057=VERTEX_POINT('',#6357);
#2058=VERTEX_POINT('',#6359);
#2059=VERTEX_POINT('',#6361);
#2060=VERTEX_POINT('',#6365);
#2061=VERTEX_POINT('',#6366);
#2062=VERTEX_POINT('',#6368);
#2063=VERTEX_POINT('',#6370);
#2064=VERTEX_POINT('',#6373);
#2065=VERTEX_POINT('',#6375);
#2066=VERTEX_POINT('',#6377);
#2067=VERTEX_POINT('',#6379);
#2068=VERTEX_POINT('',#6381);
#2069=VERTEX_POINT('',#6383);
#2070=VERTEX_POINT('',#6385);
#2071=VERTEX_POINT('',#6387);
#2072=VERTEX_POINT('',#6389);
#2073=VERTEX_POINT('',#6391);
#2074=VERTEX_POINT('',#6393);
#2075=VERTEX_POINT('',#6395);
#2076=VERTEX_POINT('',#6397);
#2077=VERTEX_POINT('',#6399);
#2078=VERTEX_POINT('',#6401);
#2079=VERTEX_POINT('',#6403);
#2080=VERTEX_POINT('',#6407);
#2081=VERTEX_POINT('',#6409);
#2082=VERTEX_POINT('',#6416);
#2083=VERTEX_POINT('',#6419);
#2084=VERTEX_POINT('',#6420);
#2085=VERTEX_POINT('',#6422);
#2086=VERTEX_POINT('',#6424);
#2087=VERTEX_POINT('',#6428);
#2088=VERTEX_POINT('',#6429);
#2089=VERTEX_POINT('',#6434);
#2090=VERTEX_POINT('',#6435);
#2091=VERTEX_POINT('',#6437);
#2092=VERTEX_POINT('',#6439);
#2093=VERTEX_POINT('',#6442);
#2094=VERTEX_POINT('',#6443);
#2095=VERTEX_POINT('',#6445);
#2096=VERTEX_POINT('',#6447);
#2097=VERTEX_POINT('',#6452);
#2098=VERTEX_POINT('',#6454);
#2099=VERTEX_POINT('',#6457);
#2100=VERTEX_POINT('',#6459);
#2101=VERTEX_POINT('',#6464);
#2102=VERTEX_POINT('',#6468);
#2103=VERTEX_POINT('',#6475);
#2104=VERTEX_POINT('',#6479);
#2105=VERTEX_POINT('',#6486);
#2106=VERTEX_POINT('',#6487);
#2107=VERTEX_POINT('',#6489);
#2108=VERTEX_POINT('',#6491);
#2109=VERTEX_POINT('',#6495);
#2110=VERTEX_POINT('',#6496);
#2111=VERTEX_POINT('',#6500);
#2112=VERTEX_POINT('',#6504);
#2113=VERTEX_POINT('',#6506);
#2114=VERTEX_POINT('',#6510);
#2115=VERTEX_POINT('',#6521);
#2116=VERTEX_POINT('',#6523);
#2117=VERTEX_POINT('',#6527);
#2118=VERTEX_POINT('',#6529);
#2119=VERTEX_POINT('',#6538);
#2120=VERTEX_POINT('',#6540);
#2121=VERTEX_POINT('',#6544);
#2122=VERTEX_POINT('',#6546);
#2123=VERTEX_POINT('',#6555);
#2124=VERTEX_POINT('',#6556);
#2125=VERTEX_POINT('',#6558);
#2126=VERTEX_POINT('',#6560);
#2127=VERTEX_POINT('',#6564);
#2128=VERTEX_POINT('',#6566);
#2129=VERTEX_POINT('',#6570);
#2130=VERTEX_POINT('',#6574);
#2131=VERTEX_POINT('',#6581);
#2132=VERTEX_POINT('',#6583);
#2133=VERTEX_POINT('',#6587);
#2134=VERTEX_POINT('',#6591);
#2135=VERTEX_POINT('',#6598);
#2136=VERTEX_POINT('',#6599);
#2137=VERTEX_POINT('',#6607);
#2138=VERTEX_POINT('',#6618);
#2139=VERTEX_POINT('',#6619);
#2140=VERTEX_POINT('',#6621);
#2141=VERTEX_POINT('',#6623);
#2142=VERTEX_POINT('',#6626);
#2143=VERTEX_POINT('',#6627);
#2144=VERTEX_POINT('',#6629);
#2145=VERTEX_POINT('',#6631);
#2146=VERTEX_POINT('',#6635);
#2147=VERTEX_POINT('',#6636);
#2148=VERTEX_POINT('',#6638);
#2149=VERTEX_POINT('',#6640);
#2150=VERTEX_POINT('',#6644);
#2151=VERTEX_POINT('',#6646);
#2152=VERTEX_POINT('',#6649);
#2153=VERTEX_POINT('',#6651);
#2154=VERTEX_POINT('',#6655);
#2155=VERTEX_POINT('',#6657);
#2156=VERTEX_POINT('',#6658);
#2157=VERTEX_POINT('',#6660);
#2158=VERTEX_POINT('',#6662);
#2159=VERTEX_POINT('',#6664);
#2160=VERTEX_POINT('',#6666);
#2161=VERTEX_POINT('',#6670);
#2162=VERTEX_POINT('',#6671);
#2163=VERTEX_POINT('',#6676);
#2164=VERTEX_POINT('',#6681);
#2165=VERTEX_POINT('',#6685);
#2166=VERTEX_POINT('',#6686);
#2167=VERTEX_POINT('',#6691);
#2168=VERTEX_POINT('',#6695);
#2169=VERTEX_POINT('',#6699);
#2170=VERTEX_POINT('',#6710);
#2171=VERTEX_POINT('',#6712);
#2172=VERTEX_POINT('',#6716);
#2173=VERTEX_POINT('',#6720);
#2174=VERTEX_POINT('',#6738);
#2175=VERTEX_POINT('',#6740);
#2176=VERTEX_POINT('',#6743);
#2177=VERTEX_POINT('',#6756);
#2178=VERTEX_POINT('',#6911);
#2179=VERTEX_POINT('',#6914);
#2180=VERTEX_POINT('',#6917);
#2181=VERTEX_POINT('',#6920);
#2182=VERTEX_POINT('',#6933);
#2183=VERTEX_POINT('',#6946);
#2184=VERTEX_POINT('',#6954);
#2185=VERTEX_POINT('',#6955);
#2186=VERTEX_POINT('',#6957);
#2187=VERTEX_POINT('',#6959);
#2188=VERTEX_POINT('',#6962);
#2189=VERTEX_POINT('',#6963);
#2190=VERTEX_POINT('',#6965);
#2191=VERTEX_POINT('',#6967);
#2192=VERTEX_POINT('',#6971);
#2193=VERTEX_POINT('',#6972);
#2194=VERTEX_POINT('',#6974);
#2195=VERTEX_POINT('',#6976);
#2196=VERTEX_POINT('',#6980);
#2197=VERTEX_POINT('',#6981);
#2198=VERTEX_POINT('',#6983);
#2199=VERTEX_POINT('',#6985);
#2200=VERTEX_POINT('',#6989);
#2201=VERTEX_POINT('',#6990);
#2202=VERTEX_POINT('',#6992);
#2203=VERTEX_POINT('',#6994);
#2204=VERTEX_POINT('',#6998);
#2205=VERTEX_POINT('',#6999);
#2206=VERTEX_POINT('',#7001);
#2207=VERTEX_POINT('',#7003);
#2208=VERTEX_POINT('',#7007);
#2209=VERTEX_POINT('',#7009);
#2210=VERTEX_POINT('',#7013);
#2211=VERTEX_POINT('',#7017);
#2212=VERTEX_POINT('',#7023);
#2213=VERTEX_POINT('',#7025);
#2214=VERTEX_POINT('',#7029);
#2215=VERTEX_POINT('',#7033);
#2216=VERTEX_POINT('',#7039);
#2217=VERTEX_POINT('',#7040);
#2218=VERTEX_POINT('',#7042);
#2219=VERTEX_POINT('',#7044);
#2220=VERTEX_POINT('',#7047);
#2221=VERTEX_POINT('',#7048);
#2222=VERTEX_POINT('',#7050);
#2223=VERTEX_POINT('',#7052);
#2224=VERTEX_POINT('',#7056);
#2225=VERTEX_POINT('',#7057);
#2226=VERTEX_POINT('',#7062);
#2227=VERTEX_POINT('',#7066);
#2228=VERTEX_POINT('',#7070);
#2229=VERTEX_POINT('',#7071);
#2230=VERTEX_POINT('',#7076);
#2231=VERTEX_POINT('',#7080);
#2232=VERTEX_POINT('',#7094);
#2233=VERTEX_POINT('',#7096);
#2234=VERTEX_POINT('',#7100);
#2235=VERTEX_POINT('',#7104);
#2236=VERTEX_POINT('',#7111);
#2237=VERTEX_POINT('',#7113);
#2238=VERTEX_POINT('',#7117);
#2239=VERTEX_POINT('',#7121);
#2240=VERTEX_POINT('',#7129);
#2241=VERTEX_POINT('',#7130);
#2242=VERTEX_POINT('',#7132);
#2243=VERTEX_POINT('',#7134);
#2244=VERTEX_POINT('',#7136);
#2245=VERTEX_POINT('',#7138);
#2246=VERTEX_POINT('',#7140);
#2247=VERTEX_POINT('',#7142);
#2248=VERTEX_POINT('',#7146);
#2249=VERTEX_POINT('',#7147);
#2250=VERTEX_POINT('',#7150);
#2251=VERTEX_POINT('',#7152);
#2252=VERTEX_POINT('',#7156);
#2253=VERTEX_POINT('',#7157);
#2254=VERTEX_POINT('',#7159);
#2255=VERTEX_POINT('',#7161);
#2256=VERTEX_POINT('',#7164);
#2257=VERTEX_POINT('',#7165);
#2258=VERTEX_POINT('',#7168);
#2259=VERTEX_POINT('',#7170);
#2260=VERTEX_POINT('',#7172);
#2261=VERTEX_POINT('',#7174);
#2262=VERTEX_POINT('',#7176);
#2263=VERTEX_POINT('',#7178);
#2264=VERTEX_POINT('',#7180);
#2265=VERTEX_POINT('',#7182);
#2266=VERTEX_POINT('',#7184);
#2267=VERTEX_POINT('',#7186);
#2268=VERTEX_POINT('',#7188);
#2269=VERTEX_POINT('',#7190);
#2270=VERTEX_POINT('',#7192);
#2271=VERTEX_POINT('',#7194);
#2272=VERTEX_POINT('',#7198);
#2273=VERTEX_POINT('',#7200);
#2274=VERTEX_POINT('',#7207);
#2275=VERTEX_POINT('',#7210);
#2276=VERTEX_POINT('',#7211);
#2277=VERTEX_POINT('',#7213);
#2278=VERTEX_POINT('',#7215);
#2279=VERTEX_POINT('',#7219);
#2280=VERTEX_POINT('',#7220);
#2281=VERTEX_POINT('',#7225);
#2282=VERTEX_POINT('',#7226);
#2283=VERTEX_POINT('',#7228);
#2284=VERTEX_POINT('',#7230);
#2285=VERTEX_POINT('',#7233);
#2286=VERTEX_POINT('',#7234);
#2287=VERTEX_POINT('',#7236);
#2288=VERTEX_POINT('',#7238);
#2289=VERTEX_POINT('',#7244);
#2290=VERTEX_POINT('',#7246);
#2291=VERTEX_POINT('',#7249);
#2292=VERTEX_POINT('',#7251);
#2293=VERTEX_POINT('',#7255);
#2294=VERTEX_POINT('',#7259);
#2295=VERTEX_POINT('',#7266);
#2296=VERTEX_POINT('',#7270);
#2297=VERTEX_POINT('',#7277);
#2298=VERTEX_POINT('',#7278);
#2299=VERTEX_POINT('',#7280);
#2300=VERTEX_POINT('',#7282);
#2301=VERTEX_POINT('',#7286);
#2302=VERTEX_POINT('',#7287);
#2303=VERTEX_POINT('',#7289);
#2304=VERTEX_POINT('',#7295);
#2305=VERTEX_POINT('',#7297);
#2306=VERTEX_POINT('',#7301);
#2307=VERTEX_POINT('',#7312);
#2308=VERTEX_POINT('',#7314);
#2309=VERTEX_POINT('',#7318);
#2310=VERTEX_POINT('',#7320);
#2311=VERTEX_POINT('',#7329);
#2312=VERTEX_POINT('',#7331);
#2313=VERTEX_POINT('',#7335);
#2314=VERTEX_POINT('',#7337);
#2315=VERTEX_POINT('',#7346);
#2316=VERTEX_POINT('',#7347);
#2317=VERTEX_POINT('',#7349);
#2318=VERTEX_POINT('',#7351);
#2319=VERTEX_POINT('',#7355);
#2320=VERTEX_POINT('',#7357);
#2321=VERTEX_POINT('',#7361);
#2322=VERTEX_POINT('',#7365);
#2323=VERTEX_POINT('',#7372);
#2324=VERTEX_POINT('',#7374);
#2325=VERTEX_POINT('',#7378);
#2326=VERTEX_POINT('',#7382);
#2327=VERTEX_POINT('',#7389);
#2328=VERTEX_POINT('',#7391);
#2329=VERTEX_POINT('',#7398);
#2330=VERTEX_POINT('',#7409);
#2331=VERTEX_POINT('',#7410);
#2332=VERTEX_POINT('',#7412);
#2333=VERTEX_POINT('',#7414);
#2334=VERTEX_POINT('',#7418);
#2335=VERTEX_POINT('',#7419);
#2336=VERTEX_POINT('',#7421);
#2337=VERTEX_POINT('',#7423);
#2338=VERTEX_POINT('',#7427);
#2339=VERTEX_POINT('',#7429);
#2340=VERTEX_POINT('',#7433);
#2341=VERTEX_POINT('',#7435);
#2342=VERTEX_POINT('',#7439);
#2343=VERTEX_POINT('',#7441);
#2344=VERTEX_POINT('',#7445);
#2345=VERTEX_POINT('',#7447);
#2346=VERTEX_POINT('',#7449);
#2347=VERTEX_POINT('',#7451);
#2348=VERTEX_POINT('',#7453);
#2349=VERTEX_POINT('',#7455);
#2350=VERTEX_POINT('',#7457);
#2351=VERTEX_POINT('',#7459);
#2352=VERTEX_POINT('',#7462);
#2353=VERTEX_POINT('',#7464);
#2354=VERTEX_POINT('',#7466);
#2355=VERTEX_POINT('',#7468);
#2356=VERTEX_POINT('',#7470);
#2357=VERTEX_POINT('',#7472);
#2358=VERTEX_POINT('',#7474);
#2359=VERTEX_POINT('',#7476);
#2360=VERTEX_POINT('',#7478);
#2361=VERTEX_POINT('',#7481);
#2362=VERTEX_POINT('',#7494);
#2363=VERTEX_POINT('',#7496);
#2364=VERTEX_POINT('',#7499);
#2365=VERTEX_POINT('',#7512);
#2366=VERTEX_POINT('',#7667);
#2367=VERTEX_POINT('',#7668);
#2368=VERTEX_POINT('',#7670);
#2369=VERTEX_POINT('',#7673);
#2370=VERTEX_POINT('',#7675);
#2371=VERTEX_POINT('',#7677);
#2372=VERTEX_POINT('',#7679);
#2373=VERTEX_POINT('',#7681);
#2374=VERTEX_POINT('',#7683);
#2375=VERTEX_POINT('',#7685);
#2376=VERTEX_POINT('',#7687);
#2377=VERTEX_POINT('',#7689);
#2378=VERTEX_POINT('',#7692);
#2379=VERTEX_POINT('',#7694);
#2380=VERTEX_POINT('',#7696);
#2381=VERTEX_POINT('',#7698);
#2382=VERTEX_POINT('',#7700);
#2383=VERTEX_POINT('',#7742);
#2384=VERTEX_POINT('',#7743);
#2385=VERTEX_POINT('',#7745);
#2386=VERTEX_POINT('',#7747);
#2387=VERTEX_POINT('',#7750);
#2388=VERTEX_POINT('',#7751);
#2389=VERTEX_POINT('',#7753);
#2390=VERTEX_POINT('',#7755);
#2391=VERTEX_POINT('',#7759);
#2392=VERTEX_POINT('',#7760);
#2393=VERTEX_POINT('',#7762);
#2394=VERTEX_POINT('',#7764);
#2395=VERTEX_POINT('',#7768);
#2396=VERTEX_POINT('',#7769);
#2397=VERTEX_POINT('',#7771);
#2398=VERTEX_POINT('',#7773);
#2399=VERTEX_POINT('',#7777);
#2400=VERTEX_POINT('',#7778);
#2401=VERTEX_POINT('',#7780);
#2402=VERTEX_POINT('',#7782);
#2403=VERTEX_POINT('',#7786);
#2404=VERTEX_POINT('',#7787);
#2405=VERTEX_POINT('',#7789);
#2406=VERTEX_POINT('',#7791);
#2407=VERTEX_POINT('',#7795);
#2408=VERTEX_POINT('',#7797);
#2409=VERTEX_POINT('',#7801);
#2410=VERTEX_POINT('',#7805);
#2411=VERTEX_POINT('',#7811);
#2412=VERTEX_POINT('',#7813);
#2413=VERTEX_POINT('',#7817);
#2414=VERTEX_POINT('',#7821);
#2415=VERTEX_POINT('',#7827);
#2416=VERTEX_POINT('',#7828);
#2417=VERTEX_POINT('',#7830);
#2418=VERTEX_POINT('',#7832);
#2419=VERTEX_POINT('',#7835);
#2420=VERTEX_POINT('',#7836);
#2421=VERTEX_POINT('',#7838);
#2422=VERTEX_POINT('',#7840);
#2423=VERTEX_POINT('',#7844);
#2424=VERTEX_POINT('',#7845);
#2425=VERTEX_POINT('',#7850);
#2426=VERTEX_POINT('',#7854);
#2427=VERTEX_POINT('',#7858);
#2428=VERTEX_POINT('',#7859);
#2429=VERTEX_POINT('',#7864);
#2430=VERTEX_POINT('',#7868);
#2431=VERTEX_POINT('',#7882);
#2432=VERTEX_POINT('',#7884);
#2433=VERTEX_POINT('',#7888);
#2434=VERTEX_POINT('',#7892);
#2435=VERTEX_POINT('',#7899);
#2436=VERTEX_POINT('',#7901);
#2437=VERTEX_POINT('',#7905);
#2438=VERTEX_POINT('',#7909);
#2439=VERTEX_POINT('',#7917);
#2440=VERTEX_POINT('',#7918);
#2441=VERTEX_POINT('',#7920);
#2442=VERTEX_POINT('',#7922);
#2443=VERTEX_POINT('',#7925);
#2444=VERTEX_POINT('',#7926);
#2445=VERTEX_POINT('',#7928);
#2446=VERTEX_POINT('',#7930);
#2447=VERTEX_POINT('',#7934);
#2448=VERTEX_POINT('',#7935);
#2449=VERTEX_POINT('',#7937);
#2450=VERTEX_POINT('',#7939);
#2451=VERTEX_POINT('',#7943);
#2452=VERTEX_POINT('',#7945);
#2453=VERTEX_POINT('',#7948);
#2454=VERTEX_POINT('',#7950);
#2455=VERTEX_POINT('',#7954);
#2456=VERTEX_POINT('',#7956);
#2457=VERTEX_POINT('',#7957);
#2458=VERTEX_POINT('',#7959);
#2459=VERTEX_POINT('',#7961);
#2460=VERTEX_POINT('',#7963);
#2461=VERTEX_POINT('',#7965);
#2462=VERTEX_POINT('',#7969);
#2463=VERTEX_POINT('',#7970);
#2464=VERTEX_POINT('',#7975);
#2465=VERTEX_POINT('',#7980);
#2466=VERTEX_POINT('',#7984);
#2467=VERTEX_POINT('',#7985);
#2468=VERTEX_POINT('',#7990);
#2469=VERTEX_POINT('',#7994);
#2470=VERTEX_POINT('',#7998);
#2471=VERTEX_POINT('',#8009);
#2472=VERTEX_POINT('',#8011);
#2473=VERTEX_POINT('',#8015);
#2474=VERTEX_POINT('',#8019);
#2475=LINE('',#6337,#3019);
#2476=LINE('',#6340,#3020);
#2477=LINE('',#6342,#3021);
#2478=LINE('',#6344,#3022);
#2479=LINE('',#6346,#3023);
#2480=LINE('',#6348,#3024);
#2481=LINE('',#6350,#3025);
#2482=LINE('',#6352,#3026);
#2483=LINE('',#6354,#3027);
#2484=LINE('',#6356,#3028);
#2485=LINE('',#6358,#3029);
#2486=LINE('',#6360,#3030);
#2487=LINE('',#6362,#3031);
#2488=LINE('',#6364,#3032);
#2489=LINE('',#6367,#3033);
#2490=LINE('',#6369,#3034);
#2491=LINE('',#6371,#3035);
#2492=LINE('',#6372,#3036);
#2493=LINE('',#6374,#3037);
#2494=LINE('',#6376,#3038);
#2495=LINE('',#6378,#3039);
#2496=LINE('',#6380,#3040);
#2497=LINE('',#6382,#3041);
#2498=LINE('',#6384,#3042);
#2499=LINE('',#6386,#3043);
#2500=LINE('',#6388,#3044);
#2501=LINE('',#6390,#3045);
#2502=LINE('',#6392,#3046);
#2503=LINE('',#6394,#3047);
#2504=LINE('',#6396,#3048);
#2505=LINE('',#6398,#3049);
#2506=LINE('',#6400,#3050);
#2507=LINE('',#6402,#3051);
#2508=LINE('',#6404,#3052);
#2509=LINE('',#6406,#3053);
#2510=LINE('',#6408,#3054);
#2511=LINE('',#6410,#3055);
#2512=LINE('',#6412,#3056);
#2513=LINE('',#6413,#3057);
#2514=LINE('',#6415,#3058);
#2515=LINE('',#6417,#3059);
#2516=LINE('',#6418,#3060);
#2517=LINE('',#6421,#3061);
#2518=LINE('',#6423,#3062);
#2519=LINE('',#6425,#3063);
#2520=LINE('',#6427,#3064);
#2521=LINE('',#6430,#3065);
#2522=LINE('',#6431,#3066);
#2523=LINE('',#6433,#3067);
#2524=LINE('',#6436,#3068);
#2525=LINE('',#6438,#3069);
#2526=LINE('',#6440,#3070);
#2527=LINE('',#6441,#3071);
#2528=LINE('',#6444,#3072);
#2529=LINE('',#6446,#3073);
#2530=LINE('',#6448,#3074);
#2531=LINE('',#6449,#3075);
#2532=LINE('',#6451,#3076);
#2533=LINE('',#6453,#3077);
#2534=LINE('',#6455,#3078);
#2535=LINE('',#6456,#3079);
#2536=LINE('',#6458,#3080);
#2537=LINE('',#6460,#3081);
#2538=LINE('',#6461,#3082);
#2539=LINE('',#6463,#3083);
#2540=LINE('',#6465,#3084);
#2541=LINE('',#6467,#3085);
#2542=LINE('',#6469,#3086);
#2543=LINE('',#6471,#3087);
#2544=LINE('',#6474,#3088);
#2545=LINE('',#6476,#3089);
#2546=LINE('',#6478,#3090);
#2547=LINE('',#6480,#3091);
#2548=LINE('',#6482,#3092);
#2549=LINE('',#6485,#3093);
#2550=LINE('',#6488,#3094);
#2551=LINE('',#6490,#3095);
#2552=LINE('',#6492,#3096);
#2553=LINE('',#6494,#3097);
#2554=LINE('',#6497,#3098);
#2555=LINE('',#6498,#3099);
#2556=LINE('',#6499,#3100);
#2557=LINE('',#6501,#3101);
#2558=LINE('',#6503,#3102);
#2559=LINE('',#6505,#3103);
#2560=LINE('',#6507,#3104);
#2561=LINE('',#6509,#3105);
#2562=LINE('',#6511,#3106);
#2563=LINE('',#6512,#3107);
#2564=LINE('',#6513,#3108);
#2565=LINE('',#6515,#3109);
#2566=LINE('',#6522,#3110);
#2567=LINE('',#6528,#3111);
#2568=LINE('',#6532,#3112);
#2569=LINE('',#6534,#3113);
#2570=LINE('',#6539,#3114);
#2571=LINE('',#6545,#3115);
#2572=LINE('',#6549,#3116);
#2573=LINE('',#6551,#3117);
#2574=LINE('',#6554,#3118);
#2575=LINE('',#6557,#3119);
#2576=LINE('',#6559,#3120);
#2577=LINE('',#6561,#3121);
#2578=LINE('',#6563,#3122);
#2579=LINE('',#6565,#3123);
#2580=LINE('',#6567,#3124);
#2581=LINE('',#6569,#3125);
#2582=LINE('',#6571,#3126);
#2583=LINE('',#6573,#3127);
#2584=LINE('',#6575,#3128);
#2585=LINE('',#6577,#3129);
#2586=LINE('',#6580,#3130);
#2587=LINE('',#6582,#3131);
#2588=LINE('',#6584,#3132);
#2589=LINE('',#6586,#3133);
#2590=LINE('',#6588,#3134);
#2591=LINE('',#6590,#3135);
#2592=LINE('',#6592,#3136);
#2593=LINE('',#6594,#3137);
#2594=LINE('',#6597,#3138);
#2595=LINE('',#6600,#3139);
#2596=LINE('',#6601,#3140);
#2597=LINE('',#6603,#3141);
#2598=LINE('',#6604,#3142);
#2599=LINE('',#6606,#3143);
#2600=LINE('',#6608,#3144);
#2601=LINE('',#6610,#3145);
#2602=LINE('',#6613,#3146);
#2603=LINE('',#6617,#3147);
#2604=LINE('',#6620,#3148);
#2605=LINE('',#6622,#3149);
#2606=LINE('',#6624,#3150);
#2607=LINE('',#6625,#3151);
#2608=LINE('',#6628,#3152);
#2609=LINE('',#6630,#3153);
#2610=LINE('',#6632,#3154);
#2611=LINE('',#6637,#3155);
#2612=LINE('',#6641,#3156);
#2613=LINE('',#6648,#3157);
#2614=LINE('',#6650,#3158);
#2615=LINE('',#6652,#3159);
#2616=LINE('',#6656,#3160);
#2617=LINE('',#6661,#3161);
#2618=LINE('',#6663,#3162);
#2619=LINE('',#6665,#3163);
#2620=LINE('',#6667,#3164);
#2621=LINE('',#6669,#3165);
#2622=LINE('',#6672,#3166);
#2623=LINE('',#6673,#3167);
#2624=LINE('',#6675,#3168);
#2625=LINE('',#6677,#3169);
#2626=LINE('',#6678,#3170);
#2627=LINE('',#6680,#3171);
#2628=LINE('',#6682,#3172);
#2629=LINE('',#6684,#3173);
#2630=LINE('',#6687,#3174);
#2631=LINE('',#6688,#3175);
#2632=LINE('',#6692,#3176);
#2633=LINE('',#6694,#3177);
#2634=LINE('',#6696,#3178);
#2635=LINE('',#6701,#3179);
#2636=LINE('',#6702,#3180);
#2637=LINE('',#6704,#3181);
#2638=LINE('',#6706,#3182);
#2639=LINE('',#6709,#3183);
#2640=LINE('',#6711,#3184);
#2641=LINE('',#6713,#3185);
#2642=LINE('',#6715,#3186);
#2643=LINE('',#6717,#3187);
#2644=LINE('',#6719,#3188);
#2645=LINE('',#6721,#3189);
#2646=LINE('',#6723,#3190);
#2647=LINE('',#6953,#3191);
#2648=LINE('',#6956,#3192);
#2649=LINE('',#6958,#3193);
#2650=LINE('',#6960,#3194);
#2651=LINE('',#6961,#3195);
#2652=LINE('',#6964,#3196);
#2653=LINE('',#6966,#3197);
#2654=LINE('',#6968,#3198);
#2655=LINE('',#6970,#3199);
#2656=LINE('',#6973,#3200);
#2657=LINE('',#6975,#3201);
#2658=LINE('',#6977,#3202);
#2659=LINE('',#6979,#3203);
#2660=LINE('',#6982,#3204);
#2661=LINE('',#6984,#3205);
#2662=LINE('',#6986,#3206);
#2663=LINE('',#6988,#3207);
#2664=LINE('',#6991,#3208);
#2665=LINE('',#6993,#3209);
#2666=LINE('',#6995,#3210);
#2667=LINE('',#6997,#3211);
#2668=LINE('',#7000,#3212);
#2669=LINE('',#7002,#3213);
#2670=LINE('',#7004,#3214);
#2671=LINE('',#7010,#3215);
#2672=LINE('',#7014,#3216);
#2673=LINE('',#7016,#3217);
#2674=LINE('',#7020,#3218);
#2675=LINE('',#7026,#3219);
#2676=LINE('',#7030,#3220);
#2677=LINE('',#7032,#3221);
#2678=LINE('',#7036,#3222);
#2679=LINE('',#7038,#3223);
#2680=LINE('',#7041,#3224);
#2681=LINE('',#7043,#3225);
#2682=LINE('',#7045,#3226);
#2683=LINE('',#7046,#3227);
#2684=LINE('',#7049,#3228);
#2685=LINE('',#7051,#3229);
#2686=LINE('',#7053,#3230);
#2687=LINE('',#7055,#3231);
#2688=LINE('',#7058,#3232);
#2689=LINE('',#7059,#3233);
#2690=LINE('',#7061,#3234);
#2691=LINE('',#7063,#3235);
#2692=LINE('',#7065,#3236);
#2693=LINE('',#7067,#3237);
#2694=LINE('',#7069,#3238);
#2695=LINE('',#7072,#3239);
#2696=LINE('',#7073,#3240);
#2697=LINE('',#7075,#3241);
#2698=LINE('',#7077,#3242);
#2699=LINE('',#7079,#3243);
#2700=LINE('',#7081,#3244);
#2701=LINE('',#7083,#3245);
#2702=LINE('',#7084,#3246);
#2703=LINE('',#7085,#3247);
#2704=LINE('',#7086,#3248);
#2705=LINE('',#7088,#3249);
#2706=LINE('',#7089,#3250);
#2707=LINE('',#7093,#3251);
#2708=LINE('',#7095,#3252);
#2709=LINE('',#7097,#3253);
#2710=LINE('',#7099,#3254);
#2711=LINE('',#7101,#3255);
#2712=LINE('',#7103,#3256);
#2713=LINE('',#7105,#3257);
#2714=LINE('',#7107,#3258);
#2715=LINE('',#7110,#3259);
#2716=LINE('',#7112,#3260);
#2717=LINE('',#7114,#3261);
#2718=LINE('',#7116,#3262);
#2719=LINE('',#7118,#3263);
#2720=LINE('',#7120,#3264);
#2721=LINE('',#7122,#3265);
#2722=LINE('',#7124,#3266);
#2723=LINE('',#7128,#3267);
#2724=LINE('',#7131,#3268);
#2725=LINE('',#7133,#3269);
#2726=LINE('',#7135,#3270);
#2727=LINE('',#7137,#3271);
#2728=LINE('',#7139,#3272);
#2729=LINE('',#7141,#3273);
#2730=LINE('',#7143,#3274);
#2731=LINE('',#7145,#3275);
#2732=LINE('',#7148,#3276);
#2733=LINE('',#7149,#3277);
#2734=LINE('',#7151,#3278);
#2735=LINE('',#7153,#3279);
#2736=LINE('',#7155,#3280);
#2737=LINE('',#7158,#3281);
#2738=LINE('',#7160,#3282);
#2739=LINE('',#7162,#3283);
#2740=LINE('',#7163,#3284);
#2741=LINE('',#7166,#3285);
#2742=LINE('',#7167,#3286);
#2743=LINE('',#7169,#3287);
#2744=LINE('',#7171,#3288);
#2745=LINE('',#7173,#3289);
#2746=LINE('',#7175,#3290);
#2747=LINE('',#7177,#3291);
#2748=LINE('',#7179,#3292);
#2749=LINE('',#7181,#3293);
#2750=LINE('',#7183,#3294);
#2751=LINE('',#7185,#3295);
#2752=LINE('',#7187,#3296);
#2753=LINE('',#7189,#3297);
#2754=LINE('',#7191,#3298);
#2755=LINE('',#7193,#3299);
#2756=LINE('',#7195,#3300);
#2757=LINE('',#7197,#3301);
#2758=LINE('',#7199,#3302);
#2759=LINE('',#7201,#3303);
#2760=LINE('',#7203,#3304);
#2761=LINE('',#7204,#3305);
#2762=LINE('',#7206,#3306);
#2763=LINE('',#7208,#3307);
#2764=LINE('',#7209,#3308);
#2765=LINE('',#7212,#3309);
#2766=LINE('',#7214,#3310);
#2767=LINE('',#7216,#3311);
#2768=LINE('',#7218,#3312);
#2769=LINE('',#7221,#3313);
#2770=LINE('',#7222,#3314);
#2771=LINE('',#7224,#3315);
#2772=LINE('',#7227,#3316);
#2773=LINE('',#7229,#3317);
#2774=LINE('',#7231,#3318);
#2775=LINE('',#7232,#3319);
#2776=LINE('',#7235,#3320);
#2777=LINE('',#7237,#3321);
#2778=LINE('',#7239,#3322);
#2779=LINE('',#7240,#3323);
#2780=LINE('',#7242,#3324);
#2781=LINE('',#7243,#3325);
#2782=LINE('',#7245,#3326);
#2783=LINE('',#7247,#3327);
#2784=LINE('',#7248,#3328);
#2785=LINE('',#7250,#3329);
#2786=LINE('',#7252,#3330);
#2787=LINE('',#7254,#3331);
#2788=LINE('',#7256,#3332);
#2789=LINE('',#7258,#3333);
#2790=LINE('',#7260,#3334);
#2791=LINE('',#7262,#3335);
#2792=LINE('',#7265,#3336);
#2793=LINE('',#7267,#3337);
#2794=LINE('',#7269,#3338);
#2795=LINE('',#7271,#3339);
#2796=LINE('',#7273,#3340);
#2797=LINE('',#7276,#3341);
#2798=LINE('',#7279,#3342);
#2799=LINE('',#7281,#3343);
#2800=LINE('',#7283,#3344);
#2801=LINE('',#7285,#3345);
#2802=LINE('',#7288,#3346);
#2803=LINE('',#7290,#3347);
#2804=LINE('',#7291,#3348);
#2805=LINE('',#7292,#3349);
#2806=LINE('',#7294,#3350);
#2807=LINE('',#7296,#3351);
#2808=LINE('',#7298,#3352);
#2809=LINE('',#7300,#3353);
#2810=LINE('',#7302,#3354);
#2811=LINE('',#7303,#3355);
#2812=LINE('',#7304,#3356);
#2813=LINE('',#7306,#3357);
#2814=LINE('',#7313,#3358);
#2815=LINE('',#7321,#3359);
#2816=LINE('',#7323,#3360);
#2817=LINE('',#7325,#3361);
#2818=LINE('',#7330,#3362);
#2819=LINE('',#7338,#3363);
#2820=LINE('',#7340,#3364);
#2821=LINE('',#7342,#3365);
#2822=LINE('',#7345,#3366);
#2823=LINE('',#7348,#3367);
#2824=LINE('',#7350,#3368);
#2825=LINE('',#7352,#3369);
#2826=LINE('',#7354,#3370);
#2827=LINE('',#7356,#3371);
#2828=LINE('',#7358,#3372);
#2829=LINE('',#7360,#3373);
#2830=LINE('',#7362,#3374);
#2831=LINE('',#7364,#3375);
#2832=LINE('',#7366,#3376);
#2833=LINE('',#7368,#3377);
#2834=LINE('',#7371,#3378);
#2835=LINE('',#7373,#3379);
#2836=LINE('',#7375,#3380);
#2837=LINE('',#7377,#3381);
#2838=LINE('',#7379,#3382);
#2839=LINE('',#7381,#3383);
#2840=LINE('',#7383,#3384);
#2841=LINE('',#7385,#3385);
#2842=LINE('',#7388,#3386);
#2843=LINE('',#7390,#3387);
#2844=LINE('',#7392,#3388);
#2845=LINE('',#7394,#3389);
#2846=LINE('',#7395,#3390);
#2847=LINE('',#7397,#3391);
#2848=LINE('',#7399,#3392);
#2849=LINE('',#7401,#3393);
#2850=LINE('',#7404,#3394);
#2851=LINE('',#7408,#3395);
#2852=LINE('',#7413,#3396);
#2853=LINE('',#7417,#3397);
#2854=LINE('',#7422,#3398);
#2855=LINE('',#7426,#3399);
#2856=LINE('',#7428,#3400);
#2857=LINE('',#7430,#3401);
#2858=LINE('',#7432,#3402);
#2859=LINE('',#7434,#3403);
#2860=LINE('',#7436,#3404);
#2861=LINE('',#7440,#3405);
#2862=LINE('',#7444,#3406);
#2863=LINE('',#7448,#3407);
#2864=LINE('',#7452,#3408);
#2865=LINE('',#7456,#3409);
#2866=LINE('',#7460,#3410);
#2867=LINE('',#7461,#3411);
#2868=LINE('',#7465,#3412);
#2869=LINE('',#7469,#3413);
#2870=LINE('',#7473,#3414);
#2871=LINE('',#7477,#3415);
#2872=LINE('',#7666,#3416);
#2873=LINE('',#7671,#3417);
#2874=LINE('',#7674,#3418);
#2875=LINE('',#7678,#3419);
#2876=LINE('',#7682,#3420);
#2877=LINE('',#7686,#3421);
#2878=LINE('',#7690,#3422);
#2879=LINE('',#7691,#3423);
#2880=LINE('',#7695,#3424);
#2881=LINE('',#7699,#3425);
#2882=LINE('',#7703,#3426);
#2883=LINE('',#7706,#3427);
#2884=LINE('',#7708,#3428);
#2885=LINE('',#7710,#3429);
#2886=LINE('',#7712,#3430);
#2887=LINE('',#7714,#3431);
#2888=LINE('',#7716,#3432);
#2889=LINE('',#7718,#3433);
#2890=LINE('',#7720,#3434);
#2891=LINE('',#7722,#3435);
#2892=LINE('',#7724,#3436);
#2893=LINE('',#7726,#3437);
#2894=LINE('',#7728,#3438);
#2895=LINE('',#7730,#3439);
#2896=LINE('',#7732,#3440);
#2897=LINE('',#7734,#3441);
#2898=LINE('',#7736,#3442);
#2899=LINE('',#7741,#3443);
#2900=LINE('',#7744,#3444);
#2901=LINE('',#7746,#3445);
#2902=LINE('',#7748,#3446);
#2903=LINE('',#7749,#3447);
#2904=LINE('',#7752,#3448);
#2905=LINE('',#7754,#3449);
#2906=LINE('',#7756,#3450);
#2907=LINE('',#7758,#3451);
#2908=LINE('',#7761,#3452);
#2909=LINE('',#7763,#3453);
#2910=LINE('',#7765,#3454);
#2911=LINE('',#7767,#3455);
#2912=LINE('',#7770,#3456);
#2913=LINE('',#7772,#3457);
#2914=LINE('',#7774,#3458);
#2915=LINE('',#7776,#3459);
#2916=LINE('',#7779,#3460);
#2917=LINE('',#7781,#3461);
#2918=LINE('',#7783,#3462);
#2919=LINE('',#7785,#3463);
#2920=LINE('',#7788,#3464);
#2921=LINE('',#7790,#3465);
#2922=LINE('',#7792,#3466);
#2923=LINE('',#7796,#3467);
#2924=LINE('',#7800,#3468);
#2925=LINE('',#7804,#3469);
#2926=LINE('',#7808,#3470);
#2927=LINE('',#7812,#3471);
#2928=LINE('',#7816,#3472);
#2929=LINE('',#7820,#3473);
#2930=LINE('',#7824,#3474);
#2931=LINE('',#7826,#3475);
#2932=LINE('',#7829,#3476);
#2933=LINE('',#7831,#3477);
#2934=LINE('',#7833,#3478);
#2935=LINE('',#7834,#3479);
#2936=LINE('',#7837,#3480);
#2937=LINE('',#7839,#3481);
#2938=LINE('',#7841,#3482);
#2939=LINE('',#7843,#3483);
#2940=LINE('',#7846,#3484);
#2941=LINE('',#7847,#3485);
#2942=LINE('',#7849,#3486);
#2943=LINE('',#7851,#3487);
#2944=LINE('',#7853,#3488);
#2945=LINE('',#7855,#3489);
#2946=LINE('',#7857,#3490);
#2947=LINE('',#7860,#3491);
#2948=LINE('',#7861,#3492);
#2949=LINE('',#7863,#3493);
#2950=LINE('',#7865,#3494);
#2951=LINE('',#7867,#3495);
#2952=LINE('',#7869,#3496);
#2953=LINE('',#7871,#3497);
#2954=LINE('',#7872,#3498);
#2955=LINE('',#7873,#3499);
#2956=LINE('',#7874,#3500);
#2957=LINE('',#7876,#3501);
#2958=LINE('',#7877,#3502);
#2959=LINE('',#7881,#3503);
#2960=LINE('',#7883,#3504);
#2961=LINE('',#7885,#3505);
#2962=LINE('',#7887,#3506);
#2963=LINE('',#7889,#3507);
#2964=LINE('',#7891,#3508);
#2965=LINE('',#7893,#3509);
#2966=LINE('',#7895,#3510);
#2967=LINE('',#7898,#3511);
#2968=LINE('',#7900,#3512);
#2969=LINE('',#7902,#3513);
#2970=LINE('',#7904,#3514);
#2971=LINE('',#7906,#3515);
#2972=LINE('',#7908,#3516);
#2973=LINE('',#7910,#3517);
#2974=LINE('',#7912,#3518);
#2975=LINE('',#7916,#3519);
#2976=LINE('',#7919,#3520);
#2977=LINE('',#7921,#3521);
#2978=LINE('',#7923,#3522);
#2979=LINE('',#7924,#3523);
#2980=LINE('',#7927,#3524);
#2981=LINE('',#7929,#3525);
#2982=LINE('',#7931,#3526);
#2983=LINE('',#7936,#3527);
#2984=LINE('',#7940,#3528);
#2985=LINE('',#7947,#3529);
#2986=LINE('',#7949,#3530);
#2987=LINE('',#7951,#3531);
#2988=LINE('',#7955,#3532);
#2989=LINE('',#7958,#3533);
#2990=LINE('',#7960,#3534);
#2991=LINE('',#7962,#3535);
#2992=LINE('',#7964,#3536);
#2993=LINE('',#7968,#3537);
#2994=LINE('',#7971,#3538);
#2995=LINE('',#7972,#3539);
#2996=LINE('',#7974,#3540);
#2997=LINE('',#7976,#3541);
#2998=LINE('',#7977,#3542);
#2999=LINE('',#7979,#3543);
#3000=LINE('',#7981,#3544);
#3001=LINE('',#7983,#3545);
#3002=LINE('',#7986,#3546);
#3003=LINE('',#7987,#3547);
#3004=LINE('',#7991,#3548);
#3005=LINE('',#7993,#3549);
#3006=LINE('',#7995,#3550);
#3007=LINE('',#8000,#3551);
#3008=LINE('',#8001,#3552);
#3009=LINE('',#8003,#3553);
#3010=LINE('',#8005,#3554);
#3011=LINE('',#8008,#3555);
#3012=LINE('',#8010,#3556);
#3013=LINE('',#8012,#3557);
#3014=LINE('',#8014,#3558);
#3015=LINE('',#8016,#3559);
#3016=LINE('',#8018,#3560);
#3017=LINE('',#8020,#3561);
#3018=LINE('',#8022,#3562);
#3019=VECTOR('',#5099,1.);
#3020=VECTOR('',#5100,1.);
#3021=VECTOR('',#5101,1.);
#3022=VECTOR('',#5102,1.);
#3023=VECTOR('',#5103,1.);
#3024=VECTOR('',#5104,1.);
#3025=VECTOR('',#5105,1.);
#3026=VECTOR('',#5106,1.);
#3027=VECTOR('',#5109,1.);
#3028=VECTOR('',#5110,1.);
#3029=VECTOR('',#5111,1.);
#3030=VECTOR('',#5112,1.);
#3031=VECTOR('',#5113,1.);
#3032=VECTOR('',#5116,1.);
#3033=VECTOR('',#5117,1.);
#3034=VECTOR('',#5118,1.);
#3035=VECTOR('',#5119,1.);
#3036=VECTOR('',#5120,1.);
#3037=VECTOR('',#5121,1.);
#3038=VECTOR('',#5122,1.);
#3039=VECTOR('',#5123,1.);
#3040=VECTOR('',#5124,1.);
#3041=VECTOR('',#5125,1.);
#3042=VECTOR('',#5126,1.);
#3043=VECTOR('',#5127,1.);
#3044=VECTOR('',#5128,1.);
#3045=VECTOR('',#5129,1.);
#3046=VECTOR('',#5130,1.);
#3047=VECTOR('',#5131,1.);
#3048=VECTOR('',#5132,1.);
#3049=VECTOR('',#5133,1.);
#3050=VECTOR('',#5134,1.);
#3051=VECTOR('',#5135,1.);
#3052=VECTOR('',#5136,1.);
#3053=VECTOR('',#5139,1.);
#3054=VECTOR('',#5140,1.);
#3055=VECTOR('',#5141,1.);
#3056=VECTOR('',#5144,1.);
#3057=VECTOR('',#5145,1.);
#3058=VECTOR('',#5148,1.);
#3059=VECTOR('',#5149,1.);
#3060=VECTOR('',#5150,1.);
#3061=VECTOR('',#5151,1.);
#3062=VECTOR('',#5152,1.);
#3063=VECTOR('',#5153,1.);
#3064=VECTOR('',#5156,1.);
#3065=VECTOR('',#5157,1.);
#3066=VECTOR('',#5158,1.);
#3067=VECTOR('',#5161,1.);
#3068=VECTOR('',#5162,1.);
#3069=VECTOR('',#5163,1.);
#3070=VECTOR('',#5164,1.);
#3071=VECTOR('',#5165,1.);
#3072=VECTOR('',#5166,1.);
#3073=VECTOR('',#5167,1.);
#3074=VECTOR('',#5168,1.);
#3075=VECTOR('',#5169,1.);
#3076=VECTOR('',#5172,1.);
#3077=VECTOR('',#5173,1.);
#3078=VECTOR('',#5174,1.);
#3079=VECTOR('',#5175,1.);
#3080=VECTOR('',#5176,1.);
#3081=VECTOR('',#5177,1.);
#3082=VECTOR('',#5178,1.);
#3083=VECTOR('',#5181,1.);
#3084=VECTOR('',#5182,1.);
#3085=VECTOR('',#5185,1.);
#3086=VECTOR('',#5186,1.);
#3087=VECTOR('',#5189,1.);
#3088=VECTOR('',#5194,1.);
#3089=VECTOR('',#5195,1.);
#3090=VECTOR('',#5198,1.);
#3091=VECTOR('',#5199,1.);
#3092=VECTOR('',#5202,1.);
#3093=VECTOR('',#5207,1.);
#3094=VECTOR('',#5208,1.);
#3095=VECTOR('',#5209,1.);
#3096=VECTOR('',#5210,1.);
#3097=VECTOR('',#5213,1.);
#3098=VECTOR('',#5214,1.);
#3099=VECTOR('',#5215,1.);
#3100=VECTOR('',#5216,1.);
#3101=VECTOR('',#5217,1.);
#3102=VECTOR('',#5220,1.);
#3103=VECTOR('',#5221,1.);
#3104=VECTOR('',#5222,1.);
#3105=VECTOR('',#5225,1.);
#3106=VECTOR('',#5226,1.);
#3107=VECTOR('',#5227,1.);
#3108=VECTOR('',#5228,1.);
#3109=VECTOR('',#5231,1.);
#3110=VECTOR('',#5242,1.);
#3111=VECTOR('',#5249,1.);
#3112=VECTOR('',#5254,1.);
#3113=VECTOR('',#5257,1.);
#3114=VECTOR('',#5264,1.);
#3115=VECTOR('',#5271,1.);
#3116=VECTOR('',#5276,1.);
#3117=VECTOR('',#5279,1.);
#3118=VECTOR('',#5284,1.);
#3119=VECTOR('',#5285,1.);
#3120=VECTOR('',#5286,1.);
#3121=VECTOR('',#5287,1.);
#3122=VECTOR('',#5290,1.);
#3123=VECTOR('',#5291,1.);
#3124=VECTOR('',#5292,1.);
#3125=VECTOR('',#5295,1.);
#3126=VECTOR('',#5296,1.);
#3127=VECTOR('',#5299,1.);
#3128=VECTOR('',#5300,1.);
#3129=VECTOR('',#5303,1.);
#3130=VECTOR('',#5308,1.);
#3131=VECTOR('',#5309,1.);
#3132=VECTOR('',#5310,1.);
#3133=VECTOR('',#5313,1.);
#3134=VECTOR('',#5314,1.);
#3135=VECTOR('',#5317,1.);
#3136=VECTOR('',#5318,1.);
#3137=VECTOR('',#5321,1.);
#3138=VECTOR('',#5326,1.);
#3139=VECTOR('',#5327,1.);
#3140=VECTOR('',#5328,1.);
#3141=VECTOR('',#5331,1.);
#3142=VECTOR('',#5332,1.);
#3143=VECTOR('',#5335,1.);
#3144=VECTOR('',#5336,1.);
#3145=VECTOR('',#5339,1.);
#3146=VECTOR('',#5344,1.);
#3147=VECTOR('',#5351,1.);
#3148=VECTOR('',#5352,1.);
#3149=VECTOR('',#5353,1.);
#3150=VECTOR('',#5354,1.);
#3151=VECTOR('',#5355,1.);
#3152=VECTOR('',#5356,1.);
#3153=VECTOR('',#5357,1.);
#3154=VECTOR('',#5358,1.);
#3155=VECTOR('',#5363,1.);
#3156=VECTOR('',#5366,1.);
#3157=VECTOR('',#5375,1.);
#3158=VECTOR('',#5376,1.);
#3159=VECTOR('',#5377,1.);
#3160=VECTOR('',#5382,1.);
#3161=VECTOR('',#5385,1.);
#3162=VECTOR('',#5386,1.);
#3163=VECTOR('',#5387,1.);
#3164=VECTOR('',#5388,1.);
#3165=VECTOR('',#5391,1.);
#3166=VECTOR('',#5392,1.);
#3167=VECTOR('',#5393,1.);
#3168=VECTOR('',#5396,1.);
#3169=VECTOR('',#5397,1.);
#3170=VECTOR('',#5398,1.);
#3171=VECTOR('',#5401,1.);
#3172=VECTOR('',#5402,1.);
#3173=VECTOR('',#5405,1.);
#3174=VECTOR('',#5406,1.);
#3175=VECTOR('',#5407,1.);
#3176=VECTOR('',#5412,1.);
#3177=VECTOR('',#5415,1.);
#3178=VECTOR('',#5416,1.);
#3179=VECTOR('',#5423,1.);
#3180=VECTOR('',#5424,1.);
#3181=VECTOR('',#5427,1.);
#3182=VECTOR('',#5430,1.);
#3183=VECTOR('',#5435,1.);
#3184=VECTOR('',#5436,1.);
#3185=VECTOR('',#5437,1.);
#3186=VECTOR('',#5440,1.);
#3187=VECTOR('',#5441,1.);
#3188=VECTOR('',#5444,1.);
#3189=VECTOR('',#5445,1.);
#3190=VECTOR('',#5448,1.);
#3191=VECTOR('',#5495,1.);
#3192=VECTOR('',#5496,1.);
#3193=VECTOR('',#5497,1.);
#3194=VECTOR('',#5498,1.);
#3195=VECTOR('',#5499,1.);
#3196=VECTOR('',#5500,1.);
#3197=VECTOR('',#5501,1.);
#3198=VECTOR('',#5502,1.);
#3199=VECTOR('',#5505,1.);
#3200=VECTOR('',#5506,1.);
#3201=VECTOR('',#5507,1.);
#3202=VECTOR('',#5508,1.);
#3203=VECTOR('',#5511,1.);
#3204=VECTOR('',#5512,1.);
#3205=VECTOR('',#5513,1.);
#3206=VECTOR('',#5514,1.);
#3207=VECTOR('',#5517,1.);
#3208=VECTOR('',#5518,1.);
#3209=VECTOR('',#5519,1.);
#3210=VECTOR('',#5520,1.);
#3211=VECTOR('',#5523,1.);
#3212=VECTOR('',#5524,1.);
#3213=VECTOR('',#5525,1.);
#3214=VECTOR('',#5526,1.);
#3215=VECTOR('',#5533,1.);
#3216=VECTOR('',#5538,1.);
#3217=VECTOR('',#5541,1.);
#3218=VECTOR('',#5546,1.);
#3219=VECTOR('',#5553,1.);
#3220=VECTOR('',#5558,1.);
#3221=VECTOR('',#5561,1.);
#3222=VECTOR('',#5566,1.);
#3223=VECTOR('',#5569,1.);
#3224=VECTOR('',#5570,1.);
#3225=VECTOR('',#5571,1.);
#3226=VECTOR('',#5572,1.);
#3227=VECTOR('',#5573,1.);
#3228=VECTOR('',#5574,1.);
#3229=VECTOR('',#5575,1.);
#3230=VECTOR('',#5576,1.);
#3231=VECTOR('',#5579,1.);
#3232=VECTOR('',#5580,1.);
#3233=VECTOR('',#5581,1.);
#3234=VECTOR('',#5584,1.);
#3235=VECTOR('',#5585,1.);
#3236=VECTOR('',#5588,1.);
#3237=VECTOR('',#5589,1.);
#3238=VECTOR('',#5592,1.);
#3239=VECTOR('',#5593,1.);
#3240=VECTOR('',#5594,1.);
#3241=VECTOR('',#5597,1.);
#3242=VECTOR('',#5598,1.);
#3243=VECTOR('',#5601,1.);
#3244=VECTOR('',#5602,1.);
#3245=VECTOR('',#5605,1.);
#3246=VECTOR('',#5606,1.);
#3247=VECTOR('',#5607,1.);
#3248=VECTOR('',#5608,1.);
#3249=VECTOR('',#5611,1.);
#3250=VECTOR('',#5612,1.);
#3251=VECTOR('',#5619,1.);
#3252=VECTOR('',#5620,1.);
#3253=VECTOR('',#5621,1.);
#3254=VECTOR('',#5624,1.);
#3255=VECTOR('',#5625,1.);
#3256=VECTOR('',#5628,1.);
#3257=VECTOR('',#5629,1.);
#3258=VECTOR('',#5632,1.);
#3259=VECTOR('',#5637,1.);
#3260=VECTOR('',#5638,1.);
#3261=VECTOR('',#5639,1.);
#3262=VECTOR('',#5642,1.);
#3263=VECTOR('',#5643,1.);
#3264=VECTOR('',#5646,1.);
#3265=VECTOR('',#5647,1.);
#3266=VECTOR('',#5650,1.);
#3267=VECTOR('',#5657,1.);
#3268=VECTOR('',#5658,1.);
#3269=VECTOR('',#5659,1.);
#3270=VECTOR('',#5660,1.);
#3271=VECTOR('',#5661,1.);
#3272=VECTOR('',#5662,1.);
#3273=VECTOR('',#5663,1.);
#3274=VECTOR('',#5664,1.);
#3275=VECTOR('',#5667,1.);
#3276=VECTOR('',#5668,1.);
#3277=VECTOR('',#5669,1.);
#3278=VECTOR('',#5670,1.);
#3279=VECTOR('',#5671,1.);
#3280=VECTOR('',#5674,1.);
#3281=VECTOR('',#5675,1.);
#3282=VECTOR('',#5676,1.);
#3283=VECTOR('',#5677,1.);
#3284=VECTOR('',#5678,1.);
#3285=VECTOR('',#5679,1.);
#3286=VECTOR('',#5680,1.);
#3287=VECTOR('',#5681,1.);
#3288=VECTOR('',#5682,1.);
#3289=VECTOR('',#5683,1.);
#3290=VECTOR('',#5684,1.);
#3291=VECTOR('',#5685,1.);
#3292=VECTOR('',#5686,1.);
#3293=VECTOR('',#5687,1.);
#3294=VECTOR('',#5688,1.);
#3295=VECTOR('',#5689,1.);
#3296=VECTOR('',#5690,1.);
#3297=VECTOR('',#5691,1.);
#3298=VECTOR('',#5692,1.);
#3299=VECTOR('',#5693,1.);
#3300=VECTOR('',#5694,1.);
#3301=VECTOR('',#5697,1.);
#3302=VECTOR('',#5698,1.);
#3303=VECTOR('',#5699,1.);
#3304=VECTOR('',#5702,1.);
#3305=VECTOR('',#5703,1.);
#3306=VECTOR('',#5706,1.);
#3307=VECTOR('',#5707,1.);
#3308=VECTOR('',#5708,1.);
#3309=VECTOR('',#5709,1.);
#3310=VECTOR('',#5710,1.);
#3311=VECTOR('',#5711,1.);
#3312=VECTOR('',#5714,1.);
#3313=VECTOR('',#5715,1.);
#3314=VECTOR('',#5716,1.);
#3315=VECTOR('',#5719,1.);
#3316=VECTOR('',#5720,1.);
#3317=VECTOR('',#5721,1.);
#3318=VECTOR('',#5722,1.);
#3319=VECTOR('',#5723,1.);
#3320=VECTOR('',#5724,1.);
#3321=VECTOR('',#5725,1.);
#3322=VECTOR('',#5726,1.);
#3323=VECTOR('',#5727,1.);
#3324=VECTOR('',#5730,1.);
#3325=VECTOR('',#5731,1.);
#3326=VECTOR('',#5732,1.);
#3327=VECTOR('',#5733,1.);
#3328=VECTOR('',#5734,1.);
#3329=VECTOR('',#5735,1.);
#3330=VECTOR('',#5736,1.);
#3331=VECTOR('',#5739,1.);
#3332=VECTOR('',#5740,1.);
#3333=VECTOR('',#5743,1.);
#3334=VECTOR('',#5744,1.);
#3335=VECTOR('',#5747,1.);
#3336=VECTOR('',#5752,1.);
#3337=VECTOR('',#5753,1.);
#3338=VECTOR('',#5756,1.);
#3339=VECTOR('',#5757,1.);
#3340=VECTOR('',#5760,1.);
#3341=VECTOR('',#5765,1.);
#3342=VECTOR('',#5766,1.);
#3343=VECTOR('',#5767,1.);
#3344=VECTOR('',#5768,1.);
#3345=VECTOR('',#5771,1.);
#3346=VECTOR('',#5772,1.);
#3347=VECTOR('',#5773,1.);
#3348=VECTOR('',#5774,1.);
#3349=VECTOR('',#5775,1.);
#3350=VECTOR('',#5778,1.);
#3351=VECTOR('',#5779,1.);
#3352=VECTOR('',#5780,1.);
#3353=VECTOR('',#5783,1.);
#3354=VECTOR('',#5784,1.);
#3355=VECTOR('',#5785,1.);
#3356=VECTOR('',#5786,1.);
#3357=VECTOR('',#5789,1.);
#3358=VECTOR('',#5800,1.);
#3359=VECTOR('',#5809,1.);
#3360=VECTOR('',#5812,1.);
#3361=VECTOR('',#5815,1.);
#3362=VECTOR('',#5822,1.);
#3363=VECTOR('',#5831,1.);
#3364=VECTOR('',#5834,1.);
#3365=VECTOR('',#5837,1.);
#3366=VECTOR('',#5842,1.);
#3367=VECTOR('',#5843,1.);
#3368=VECTOR('',#5844,1.);
#3369=VECTOR('',#5845,1.);
#3370=VECTOR('',#5848,1.);
#3371=VECTOR('',#5849,1.);
#3372=VECTOR('',#5850,1.);
#3373=VECTOR('',#5853,1.);
#3374=VECTOR('',#5854,1.);
#3375=VECTOR('',#5857,1.);
#3376=VECTOR('',#5858,1.);
#3377=VECTOR('',#5861,1.);
#3378=VECTOR('',#5866,1.);
#3379=VECTOR('',#5867,1.);
#3380=VECTOR('',#5868,1.);
#3381=VECTOR('',#5871,1.);
#3382=VECTOR('',#5872,1.);
#3383=VECTOR('',#5875,1.);
#3384=VECTOR('',#5876,1.);
#3385=VECTOR('',#5879,1.);
#3386=VECTOR('',#5884,1.);
#3387=VECTOR('',#5885,1.);
#3388=VECTOR('',#5886,1.);
#3389=VECTOR('',#5889,1.);
#3390=VECTOR('',#5890,1.);
#3391=VECTOR('',#5893,1.);
#3392=VECTOR('',#5894,1.);
#3393=VECTOR('',#5897,1.);
#3394=VECTOR('',#5902,1.);
#3395=VECTOR('',#5909,1.);
#3396=VECTOR('',#5912,1.);
#3397=VECTOR('',#5917,1.);
#3398=VECTOR('',#5920,1.);
#3399=VECTOR('',#5925,1.);
#3400=VECTOR('',#5926,1.);
#3401=VECTOR('',#5927,1.);
#3402=VECTOR('',#5930,1.);
#3403=VECTOR('',#5931,1.);
#3404=VECTOR('',#5932,1.);
#3405=VECTOR('',#5937,1.);
#3406=VECTOR('',#5942,1.);
#3407=VECTOR('',#5945,1.);
#3408=VECTOR('',#5948,1.);
#3409=VECTOR('',#5951,1.);
#3410=VECTOR('',#5954,1.);
#3411=VECTOR('',#5955,1.);
#3412=VECTOR('',#5958,1.);
#3413=VECTOR('',#5961,1.);
#3414=VECTOR('',#5964,1.);
#3415=VECTOR('',#5967,1.);
#3416=VECTOR('',#5984,1.);
#3417=VECTOR('',#5987,1.);
#3418=VECTOR('',#5990,1.);
#3419=VECTOR('',#5993,1.);
#3420=VECTOR('',#5996,1.);
#3421=VECTOR('',#5999,1.);
#3422=VECTOR('',#6002,1.);
#3423=VECTOR('',#6003,1.);
#3424=VECTOR('',#6006,1.);
#3425=VECTOR('',#6009,1.);
#3426=VECTOR('',#6014,1.);
#3427=VECTOR('',#6019,1.);
#3428=VECTOR('',#6022,1.);
#3429=VECTOR('',#6025,1.);
#3430=VECTOR('',#6028,1.);
#3431=VECTOR('',#6031,1.);
#3432=VECTOR('',#6034,1.);
#3433=VECTOR('',#6037,1.);
#3434=VECTOR('',#6040,1.);
#3435=VECTOR('',#6043,1.);
#3436=VECTOR('',#6046,1.);
#3437=VECTOR('',#6049,1.);
#3438=VECTOR('',#6052,1.);
#3439=VECTOR('',#6055,1.);
#3440=VECTOR('',#6058,1.);
#3441=VECTOR('',#6061,1.);
#3442=VECTOR('',#6064,1.);
#3443=VECTOR('',#6073,1.);
#3444=VECTOR('',#6074,1.);
#3445=VECTOR('',#6075,1.);
#3446=VECTOR('',#6076,1.);
#3447=VECTOR('',#6077,1.);
#3448=VECTOR('',#6078,1.);
#3449=VECTOR('',#6079,1.);
#3450=VECTOR('',#6080,1.);
#3451=VECTOR('',#6083,1.);
#3452=VECTOR('',#6084,1.);
#3453=VECTOR('',#6085,1.);
#3454=VECTOR('',#6086,1.);
#3455=VECTOR('',#6089,1.);
#3456=VECTOR('',#6090,1.);
#3457=VECTOR('',#6091,1.);
#3458=VECTOR('',#6092,1.);
#3459=VECTOR('',#6095,1.);
#3460=VECTOR('',#6096,1.);
#3461=VECTOR('',#6097,1.);
#3462=VECTOR('',#6098,1.);
#3463=VECTOR('',#6101,1.);
#3464=VECTOR('',#6102,1.);
#3465=VECTOR('',#6103,1.);
#3466=VECTOR('',#6104,1.);
#3467=VECTOR('',#6109,1.);
#3468=VECTOR('',#6114,1.);
#3469=VECTOR('',#6119,1.);
#3470=VECTOR('',#6124,1.);
#3471=VECTOR('',#6129,1.);
#3472=VECTOR('',#6134,1.);
#3473=VECTOR('',#6139,1.);
#3474=VECTOR('',#6144,1.);
#3475=VECTOR('',#6147,1.);
#3476=VECTOR('',#6148,1.);
#3477=VECTOR('',#6149,1.);
#3478=VECTOR('',#6150,1.);
#3479=VECTOR('',#6151,1.);
#3480=VECTOR('',#6152,1.);
#3481=VECTOR('',#6153,1.);
#3482=VECTOR('',#6154,1.);
#3483=VECTOR('',#6157,1.);
#3484=VECTOR('',#6158,1.);
#3485=VECTOR('',#6159,1.);
#3486=VECTOR('',#6162,1.);
#3487=VECTOR('',#6163,1.);
#3488=VECTOR('',#6166,1.);
#3489=VECTOR('',#6167,1.);
#3490=VECTOR('',#6170,1.);
#3491=VECTOR('',#6171,1.);
#3492=VECTOR('',#6172,1.);
#3493=VECTOR('',#6175,1.);
#3494=VECTOR('',#6176,1.);
#3495=VECTOR('',#6179,1.);
#3496=VECTOR('',#6180,1.);
#3497=VECTOR('',#6183,1.);
#3498=VECTOR('',#6184,1.);
#3499=VECTOR('',#6185,1.);
#3500=VECTOR('',#6186,1.);
#3501=VECTOR('',#6189,1.);
#3502=VECTOR('',#6190,1.);
#3503=VECTOR('',#6197,1.);
#3504=VECTOR('',#6198,1.);
#3505=VECTOR('',#6199,1.);
#3506=VECTOR('',#6202,1.);
#3507=VECTOR('',#6203,1.);
#3508=VECTOR('',#6206,1.);
#3509=VECTOR('',#6207,1.);
#3510=VECTOR('',#6210,1.);
#3511=VECTOR('',#6215,1.);
#3512=VECTOR('',#6216,1.);
#3513=VECTOR('',#6217,1.);
#3514=VECTOR('',#6220,1.);
#3515=VECTOR('',#6221,1.);
#3516=VECTOR('',#6224,1.);
#3517=VECTOR('',#6225,1.);
#3518=VECTOR('',#6228,1.);
#3519=VECTOR('',#6235,1.);
#3520=VECTOR('',#6236,1.);
#3521=VECTOR('',#6237,1.);
#3522=VECTOR('',#6238,1.);
#3523=VECTOR('',#6239,1.);
#3524=VECTOR('',#6240,1.);
#3525=VECTOR('',#6241,1.);
#3526=VECTOR('',#6242,1.);
#3527=VECTOR('',#6247,1.);
#3528=VECTOR('',#6250,1.);
#3529=VECTOR('',#6259,1.);
#3530=VECTOR('',#6260,1.);
#3531=VECTOR('',#6261,1.);
#3532=VECTOR('',#6266,1.);
#3533=VECTOR('',#6267,1.);
#3534=VECTOR('',#6268,1.);
#3535=VECTOR('',#6269,1.);
#3536=VECTOR('',#6270,1.);
#3537=VECTOR('',#6275,1.);
#3538=VECTOR('',#6276,1.);
#3539=VECTOR('',#6277,1.);
#3540=VECTOR('',#6280,1.);
#3541=VECTOR('',#6281,1.);
#3542=VECTOR('',#6282,1.);
#3543=VECTOR('',#6285,1.);
#3544=VECTOR('',#6286,1.);
#3545=VECTOR('',#6289,1.);
#3546=VECTOR('',#6290,1.);
#3547=VECTOR('',#6291,1.);
#3548=VECTOR('',#6296,1.);
#3549=VECTOR('',#6299,1.);
#3550=VECTOR('',#6300,1.);
#3551=VECTOR('',#6307,1.);
#3552=VECTOR('',#6308,1.);
#3553=VECTOR('',#6311,1.);
#3554=VECTOR('',#6314,1.);
#3555=VECTOR('',#6319,1.);
#3556=VECTOR('',#6320,1.);
#3557=VECTOR('',#6321,1.);
#3558=VECTOR('',#6324,1.);
#3559=VECTOR('',#6325,1.);
#3560=VECTOR('',#6328,1.);
#3561=VECTOR('',#6329,1.);
#3562=VECTOR('',#6332,1.);
#3563=EDGE_LOOP('',(#149,#150,#151,#152,#153,#154,#155,#156));
#3564=EDGE_LOOP('',(#157,#158,#159,#160,#161,#162));
#3565=EDGE_LOOP('',(#163,#164,#165,#166));
#3566=EDGE_LOOP('',(#167,#168,#169,#170,#171,#172,#173,#174,#175,#176,#177,
#178,#179,#180,#181,#182,#183,#184));
#3567=EDGE_LOOP('',(#185,#186,#187,#188));
#3568=EDGE_LOOP('',(#189,#190,#191,#192));
#3569=EDGE_LOOP('',(#193,#194,#195,#196));
#3570=EDGE_LOOP('',(#197,#198,#199,#200));
#3571=EDGE_LOOP('',(#201,#202,#203,#204,#205,#206));
#3572=EDGE_LOOP('',(#207,#208,#209,#210));
#3573=EDGE_LOOP('',(#211,#212,#213,#214));
#3574=EDGE_LOOP('',(#215,#216,#217,#218));
#3575=EDGE_LOOP('',(#219,#220,#221,#222,#223,#224,#225,#226,#227,#228,#229,
#230,#231,#232));
#3576=EDGE_LOOP('',(#233,#234,#235,#236));
#3577=EDGE_LOOP('',(#237,#238,#239,#240));
#3578=EDGE_LOOP('',(#241,#242,#243,#244));
#3579=EDGE_LOOP('',(#245,#246,#247,#248));
#3580=EDGE_LOOP('',(#249,#250,#251,#252));
#3581=EDGE_LOOP('',(#253,#254,#255,#256));
#3582=EDGE_LOOP('',(#257,#258,#259,#260));
#3583=EDGE_LOOP('',(#261,#262,#263,#264));
#3584=EDGE_LOOP('',(#265,#266,#267,#268));
#3585=EDGE_LOOP('',(#269,#270,#271,#272,#273,#274,#275));
#3586=EDGE_LOOP('',(#276,#277,#278,#279));
#3587=EDGE_LOOP('',(#280,#281,#282,#283,#284,#285,#286));
#3588=EDGE_LOOP('',(#287,#288,#289,#290));
#3589=EDGE_LOOP('',(#291,#292,#293,#294));
#3590=EDGE_LOOP('',(#295,#296,#297,#298));
#3591=EDGE_LOOP('',(#299,#300,#301,#302));
#3592=EDGE_LOOP('',(#303,#304,#305,#306));
#3593=EDGE_LOOP('',(#307,#308,#309,#310));
#3594=EDGE_LOOP('',(#311,#312,#313,#314));
#3595=EDGE_LOOP('',(#315,#316,#317,#318));
#3596=EDGE_LOOP('',(#319,#320,#321,#322));
#3597=EDGE_LOOP('',(#323,#324,#325,#326));
#3598=EDGE_LOOP('',(#327,#328,#329,#330));
#3599=EDGE_LOOP('',(#331,#332,#333,#334));
#3600=EDGE_LOOP('',(#335,#336,#337,#338));
#3601=EDGE_LOOP('',(#339,#340,#341,#342));
#3602=EDGE_LOOP('',(#343,#344,#345,#346));
#3603=EDGE_LOOP('',(#347,#348,#349,#350));
#3604=EDGE_LOOP('',(#351,#352,#353,#354));
#3605=EDGE_LOOP('',(#355,#356,#357,#358));
#3606=EDGE_LOOP('',(#359,#360,#361,#362));
#3607=EDGE_LOOP('',(#363,#364,#365,#366));
#3608=EDGE_LOOP('',(#367,#368,#369,#370));
#3609=EDGE_LOOP('',(#371,#372,#373,#374));
#3610=EDGE_LOOP('',(#375,#376,#377,#378));
#3611=EDGE_LOOP('',(#379,#380,#381,#382));
#3612=EDGE_LOOP('',(#383,#384,#385,#386));
#3613=EDGE_LOOP('',(#387,#388,#389,#390));
#3614=EDGE_LOOP('',(#391,#392,#393,#394));
#3615=EDGE_LOOP('',(#395,#396,#397,#398));
#3616=EDGE_LOOP('',(#399,#400,#401,#402,#403,#404));
#3617=EDGE_LOOP('',(#405,#406,#407,#408));
#3618=EDGE_LOOP('',(#409,#410,#411,#412));
#3619=EDGE_LOOP('',(#413,#414,#415,#416));
#3620=EDGE_LOOP('',(#417,#418,#419,#420));
#3621=EDGE_LOOP('',(#421,#422,#423,#424));
#3622=EDGE_LOOP('',(#425,#426,#427,#428));
#3623=EDGE_LOOP('',(#429,#430,#431,#432));
#3624=EDGE_LOOP('',(#433));
#3625=EDGE_LOOP('',(#434));
#3626=EDGE_LOOP('',(#435,#436,#437,#438));
#3627=EDGE_LOOP('',(#439));
#3628=EDGE_LOOP('',(#440,#441,#442,#443,#444,#445));
#3629=EDGE_LOOP('',(#446,#447,#448,#449));
#3630=EDGE_LOOP('',(#450));
#3631=EDGE_LOOP('',(#451,#452,#453,#454,#455,#456));
#3632=EDGE_LOOP('',(#457,#458,#459,#460));
#3633=EDGE_LOOP('',(#461,#462,#463,#464));
#3634=EDGE_LOOP('',(#465,#466,#467,#468));
#3635=EDGE_LOOP('',(#469,#470,#471,#472));
#3636=EDGE_LOOP('',(#473));
#3637=EDGE_LOOP('',(#474));
#3638=EDGE_LOOP('',(#475));
#3639=EDGE_LOOP('',(#476,#477,#478,#479,#480,#481));
#3640=EDGE_LOOP('',(#482,#483,#484,#485,#486,#487,#488,#489));
#3641=EDGE_LOOP('',(#490,#491,#492,#493,#494,#495,#496,#497));
#3642=EDGE_LOOP('',(#498));
#3643=EDGE_LOOP('',(#499,#500,#501,#502,#503,#504));
#3644=EDGE_LOOP('',(#505,#506,#507,#508));
#3645=EDGE_LOOP('',(#509,#510,#511,#512));
#3646=EDGE_LOOP('',(#513,#514,#515,#516));
#3647=EDGE_LOOP('',(#517,#518,#519,#520));
#3648=EDGE_LOOP('',(#521,#522,#523,#524));
#3649=EDGE_LOOP('',(#525));
#3650=EDGE_LOOP('',(#526));
#3651=EDGE_LOOP('',(#527));
#3652=EDGE_LOOP('',(#528));
#3653=EDGE_LOOP('',(#529));
#3654=EDGE_LOOP('',(#530));
#3655=EDGE_LOOP('',(#531));
#3656=EDGE_LOOP('',(#532));
#3657=EDGE_LOOP('',(#533));
#3658=EDGE_LOOP('',(#534));
#3659=EDGE_LOOP('',(#535));
#3660=EDGE_LOOP('',(#536));
#3661=EDGE_LOOP('',(#537));
#3662=EDGE_LOOP('',(#538));
#3663=EDGE_LOOP('',(#539));
#3664=EDGE_LOOP('',(#540));
#3665=EDGE_LOOP('',(#541));
#3666=EDGE_LOOP('',(#542,#543));
#3667=EDGE_LOOP('',(#544));
#3668=EDGE_LOOP('',(#545,#546,#547,#548));
#3669=EDGE_LOOP('',(#549,#550,#551,#552));
#3670=EDGE_LOOP('',(#553,#554,#555,#556));
#3671=EDGE_LOOP('',(#557,#558,#559,#560));
#3672=EDGE_LOOP('',(#561,#562,#563,#564));
#3673=EDGE_LOOP('',(#565,#566,#567,#568));
#3674=EDGE_LOOP('',(#569,#570,#571,#572));
#3675=EDGE_LOOP('',(#573,#574,#575,#576));
#3676=EDGE_LOOP('',(#577,#578,#579,#580));
#3677=EDGE_LOOP('',(#581,#582,#583,#584));
#3678=EDGE_LOOP('',(#585,#586,#587,#588));
#3679=EDGE_LOOP('',(#589,#590,#591,#592));
#3680=EDGE_LOOP('',(#593,#594,#595,#596));
#3681=EDGE_LOOP('',(#597,#598,#599,#600));
#3682=EDGE_LOOP('',(#601,#602,#603,#604));
#3683=EDGE_LOOP('',(#605,#606,#607,#608));
#3684=EDGE_LOOP('',(#609,#610,#611,#612));
#3685=EDGE_LOOP('',(#613,#614,#615,#616));
#3686=EDGE_LOOP('',(#617,#618,#619,#620));
#3687=EDGE_LOOP('',(#621,#622,#623,#624));
#3688=EDGE_LOOP('',(#625,#626,#627,#628));
#3689=EDGE_LOOP('',(#629,#630,#631,#632));
#3690=EDGE_LOOP('',(#633,#634,#635,#636));
#3691=EDGE_LOOP('',(#637,#638,#639,#640,#641,#642,#643,#644,#645,#646,#647,
#648));
#3692=EDGE_LOOP('',(#649,#650,#651,#652));
#3693=EDGE_LOOP('',(#653,#654,#655,#656));
#3694=EDGE_LOOP('',(#657,#658,#659,#660));
#3695=EDGE_LOOP('',(#661,#662,#663,#664));
#3696=EDGE_LOOP('',(#665,#666,#667,#668,#669,#670,#671,#672,#673,#674,#675,
#676));
#3697=EDGE_LOOP('',(#677,#678,#679,#680));
#3698=EDGE_LOOP('',(#681,#682,#683,#684));
#3699=EDGE_LOOP('',(#685,#686,#687,#688));
#3700=EDGE_LOOP('',(#689,#690,#691,#692));
#3701=EDGE_LOOP('',(#693,#694,#695,#696));
#3702=EDGE_LOOP('',(#697,#698,#699,#700));
#3703=EDGE_LOOP('',(#701,#702,#703,#704));
#3704=EDGE_LOOP('',(#705,#706,#707,#708));
#3705=EDGE_LOOP('',(#709,#710,#711,#712));
#3706=EDGE_LOOP('',(#713,#714,#715,#716));
#3707=EDGE_LOOP('',(#717,#718,#719,#720,#721,#722,#723,#724));
#3708=EDGE_LOOP('',(#725,#726,#727,#728,#729,#730));
#3709=EDGE_LOOP('',(#731,#732,#733,#734));
#3710=EDGE_LOOP('',(#735,#736,#737,#738,#739,#740,#741,#742,#743,#744,#745,
#746,#747,#748,#749,#750,#751,#752));
#3711=EDGE_LOOP('',(#753,#754,#755,#756));
#3712=EDGE_LOOP('',(#757,#758,#759,#760));
#3713=EDGE_LOOP('',(#761,#762,#763,#764));
#3714=EDGE_LOOP('',(#765,#766,#767,#768));
#3715=EDGE_LOOP('',(#769,#770,#771,#772,#773,#774));
#3716=EDGE_LOOP('',(#775,#776,#777,#778));
#3717=EDGE_LOOP('',(#779,#780,#781,#782));
#3718=EDGE_LOOP('',(#783,#784,#785,#786));
#3719=EDGE_LOOP('',(#787,#788,#789,#790,#791,#792,#793,#794,#795,#796,#797,
#798,#799,#800));
#3720=EDGE_LOOP('',(#801,#802,#803,#804));
#3721=EDGE_LOOP('',(#805,#806,#807,#808));
#3722=EDGE_LOOP('',(#809,#810,#811,#812));
#3723=EDGE_LOOP('',(#813,#814,#815,#816));
#3724=EDGE_LOOP('',(#817,#818,#819,#820));
#3725=EDGE_LOOP('',(#821,#822,#823,#824));
#3726=EDGE_LOOP('',(#825,#826,#827,#828));
#3727=EDGE_LOOP('',(#829,#830,#831,#832));
#3728=EDGE_LOOP('',(#833,#834,#835,#836));
#3729=EDGE_LOOP('',(#837,#838,#839,#840,#841,#842,#843));
#3730=EDGE_LOOP('',(#844,#845,#846,#847));
#3731=EDGE_LOOP('',(#848,#849,#850,#851,#852,#853,#854));
#3732=EDGE_LOOP('',(#855,#856,#857,#858));
#3733=EDGE_LOOP('',(#859,#860,#861,#862));
#3734=EDGE_LOOP('',(#863,#864,#865,#866));
#3735=EDGE_LOOP('',(#867,#868,#869,#870));
#3736=EDGE_LOOP('',(#871,#872,#873,#874));
#3737=EDGE_LOOP('',(#875,#876,#877,#878));
#3738=EDGE_LOOP('',(#879,#880,#881,#882));
#3739=EDGE_LOOP('',(#883,#884,#885,#886));
#3740=EDGE_LOOP('',(#887,#888,#889,#890));
#3741=EDGE_LOOP('',(#891,#892,#893,#894));
#3742=EDGE_LOOP('',(#895,#896,#897,#898));
#3743=EDGE_LOOP('',(#899,#900,#901,#902));
#3744=EDGE_LOOP('',(#903,#904,#905,#906));
#3745=EDGE_LOOP('',(#907,#908,#909,#910));
#3746=EDGE_LOOP('',(#911,#912,#913,#914));
#3747=EDGE_LOOP('',(#915,#916,#917,#918));
#3748=EDGE_LOOP('',(#919,#920,#921,#922));
#3749=EDGE_LOOP('',(#923,#924,#925,#926));
#3750=EDGE_LOOP('',(#927,#928,#929,#930));
#3751=EDGE_LOOP('',(#931,#932,#933,#934));
#3752=EDGE_LOOP('',(#935,#936,#937,#938));
#3753=EDGE_LOOP('',(#939,#940,#941,#942));
#3754=EDGE_LOOP('',(#943,#944,#945,#946));
#3755=EDGE_LOOP('',(#947,#948,#949,#950));
#3756=EDGE_LOOP('',(#951,#952,#953,#954));
#3757=EDGE_LOOP('',(#955,#956,#957,#958));
#3758=EDGE_LOOP('',(#959,#960,#961,#962));
#3759=EDGE_LOOP('',(#963,#964,#965,#966));
#3760=EDGE_LOOP('',(#967,#968,#969,#970,#971,#972));
#3761=EDGE_LOOP('',(#973,#974,#975,#976));
#3762=EDGE_LOOP('',(#977,#978,#979,#980));
#3763=EDGE_LOOP('',(#981,#982,#983,#984));
#3764=EDGE_LOOP('',(#985,#986,#987,#988));
#3765=EDGE_LOOP('',(#989,#990,#991,#992));
#3766=EDGE_LOOP('',(#993,#994,#995,#996));
#3767=EDGE_LOOP('',(#997,#998,#999,#1000));
#3768=EDGE_LOOP('',(#1001,#1002,#1003,#1004));
#3769=EDGE_LOOP('',(#1005,#1006,#1007,#1008));
#3770=EDGE_LOOP('',(#1009,#1010,#1011,#1012,#1013,#1014,#1015,#1016,#1017,
#1018,#1019,#1020,#1021,#1022,#1023,#1024,#1025,#1026,#1027,#1028,#1029,
#1030,#1031,#1032));
#3771=EDGE_LOOP('',(#1033));
#3772=EDGE_LOOP('',(#1034));
#3773=EDGE_LOOP('',(#1035));
#3774=EDGE_LOOP('',(#1036));
#3775=EDGE_LOOP('',(#1037));
#3776=EDGE_LOOP('',(#1038));
#3777=EDGE_LOOP('',(#1039));
#3778=EDGE_LOOP('',(#1040));
#3779=EDGE_LOOP('',(#1041,#1042,#1043,#1044,#1045,#1046,#1047,#1048,#1049,
#1050,#1051,#1052,#1053,#1054,#1055,#1056,#1057,#1058,#1059,#1060,#1061,
#1062,#1063,#1064));
#3780=EDGE_LOOP('',(#1065));
#3781=EDGE_LOOP('',(#1066,#1067,#1068,#1069));
#3782=EDGE_LOOP('',(#1070));
#3783=EDGE_LOOP('',(#1071,#1072,#1073,#1074));
#3784=EDGE_LOOP('',(#1075,#1076,#1077,#1078));
#3785=EDGE_LOOP('',(#1079,#1080,#1081,#1082));
#3786=EDGE_LOOP('',(#1083,#1084,#1085,#1086));
#3787=EDGE_LOOP('',(#1087,#1088,#1089,#1090));
#3788=EDGE_LOOP('',(#1091,#1092,#1093,#1094));
#3789=EDGE_LOOP('',(#1095,#1096,#1097,#1098));
#3790=EDGE_LOOP('',(#1099,#1100,#1101,#1102));
#3791=EDGE_LOOP('',(#1103,#1104,#1105,#1106));
#3792=EDGE_LOOP('',(#1107,#1108,#1109,#1110));
#3793=EDGE_LOOP('',(#1111,#1112,#1113,#1114));
#3794=EDGE_LOOP('',(#1115,#1116,#1117,#1118));
#3795=EDGE_LOOP('',(#1119,#1120,#1121,#1122));
#3796=EDGE_LOOP('',(#1123,#1124,#1125,#1126));
#3797=EDGE_LOOP('',(#1127,#1128,#1129,#1130));
#3798=EDGE_LOOP('',(#1131,#1132,#1133,#1134));
#3799=EDGE_LOOP('',(#1135,#1136,#1137,#1138));
#3800=EDGE_LOOP('',(#1139,#1140,#1141,#1142));
#3801=EDGE_LOOP('',(#1143,#1144,#1145,#1146));
#3802=EDGE_LOOP('',(#1147,#1148,#1149,#1150));
#3803=EDGE_LOOP('',(#1151,#1152,#1153,#1154));
#3804=EDGE_LOOP('',(#1155,#1156,#1157,#1158));
#3805=EDGE_LOOP('',(#1159,#1160,#1161,#1162));
#3806=EDGE_LOOP('',(#1163,#1164,#1165,#1166));
#3807=EDGE_LOOP('',(#1167,#1168,#1169,#1170));
#3808=EDGE_LOOP('',(#1171,#1172,#1173,#1174));
#3809=EDGE_LOOP('',(#1175,#1176,#1177,#1178));
#3810=EDGE_LOOP('',(#1179,#1180,#1181,#1182));
#3811=EDGE_LOOP('',(#1183,#1184,#1185,#1186));
#3812=EDGE_LOOP('',(#1187,#1188,#1189,#1190));
#3813=EDGE_LOOP('',(#1191,#1192,#1193,#1194));
#3814=EDGE_LOOP('',(#1195,#1196,#1197,#1198));
#3815=EDGE_LOOP('',(#1199,#1200,#1201,#1202));
#3816=EDGE_LOOP('',(#1203,#1204,#1205,#1206));
#3817=EDGE_LOOP('',(#1207,#1208,#1209,#1210));
#3818=EDGE_LOOP('',(#1211,#1212,#1213,#1214));
#3819=EDGE_LOOP('',(#1215,#1216,#1217,#1218));
#3820=EDGE_LOOP('',(#1219,#1220,#1221,#1222));
#3821=EDGE_LOOP('',(#1223,#1224,#1225,#1226));
#3822=EDGE_LOOP('',(#1227,#1228,#1229,#1230));
#3823=EDGE_LOOP('',(#1231,#1232,#1233,#1234,#1235,#1236,#1237,#1238,#1239,
#1240,#1241,#1242));
#3824=EDGE_LOOP('',(#1243,#1244,#1245,#1246));
#3825=EDGE_LOOP('',(#1247,#1248,#1249,#1250));
#3826=EDGE_LOOP('',(#1251,#1252,#1253,#1254));
#3827=EDGE_LOOP('',(#1255,#1256,#1257,#1258));
#3828=EDGE_LOOP('',(#1259,#1260,#1261,#1262,#1263,#1264,#1265,#1266,#1267,
#1268,#1269,#1270));
#3829=EDGE_LOOP('',(#1271,#1272,#1273,#1274));
#3830=EDGE_LOOP('',(#1275,#1276,#1277,#1278));
#3831=EDGE_LOOP('',(#1279,#1280,#1281,#1282));
#3832=EDGE_LOOP('',(#1283,#1284,#1285,#1286));
#3833=EDGE_LOOP('',(#1287,#1288,#1289,#1290));
#3834=EDGE_LOOP('',(#1291,#1292,#1293,#1294));
#3835=EDGE_LOOP('',(#1295,#1296,#1297,#1298));
#3836=EDGE_LOOP('',(#1299,#1300,#1301,#1302));
#3837=EDGE_LOOP('',(#1303,#1304,#1305,#1306));
#3838=EDGE_LOOP('',(#1307,#1308,#1309,#1310));
#3839=EDGE_LOOP('',(#1311,#1312,#1313,#1314));
#3840=EDGE_LOOP('',(#1315,#1316,#1317,#1318));
#3841=EDGE_LOOP('',(#1319,#1320,#1321,#1322));
#3842=EDGE_LOOP('',(#1323));
#3843=EDGE_LOOP('',(#1324));
#3844=EDGE_LOOP('',(#1325,#1326,#1327,#1328));
#3845=EDGE_LOOP('',(#1329));
#3846=EDGE_LOOP('',(#1330,#1331,#1332,#1333,#1334,#1335));
#3847=EDGE_LOOP('',(#1336,#1337,#1338,#1339));
#3848=EDGE_LOOP('',(#1340));
#3849=EDGE_LOOP('',(#1341,#1342,#1343,#1344,#1345,#1346));
#3850=EDGE_LOOP('',(#1347,#1348,#1349,#1350));
#3851=EDGE_LOOP('',(#1351,#1352,#1353,#1354));
#3852=EDGE_LOOP('',(#1355,#1356,#1357,#1358));
#3853=EDGE_LOOP('',(#1359,#1360,#1361,#1362));
#3854=EDGE_LOOP('',(#1363));
#3855=EDGE_LOOP('',(#1364));
#3856=EDGE_LOOP('',(#1365));
#3857=EDGE_LOOP('',(#1366,#1367,#1368,#1369,#1370,#1371));
#3858=EDGE_LOOP('',(#1372,#1373,#1374,#1375,#1376,#1377,#1378,#1379));
#3859=EDGE_LOOP('',(#1380,#1381,#1382,#1383,#1384,#1385,#1386,#1387));
#3860=EDGE_LOOP('',(#1388));
#3861=EDGE_LOOP('',(#1389,#1390,#1391,#1392,#1393,#1394));
#3862=EDGE_LOOP('',(#1395,#1396,#1397,#1398));
#3863=EDGE_LOOP('',(#1399,#1400,#1401,#1402));
#3864=EDGE_LOOP('',(#1403,#1404,#1405,#1406));
#3865=EDGE_LOOP('',(#1407,#1408,#1409,#1410));
#3866=EDGE_LOOP('',(#1411,#1412,#1413,#1414));
#3867=FACE_BOUND('',#3563,.T.);
#3868=FACE_BOUND('',#3564,.T.);
#3869=FACE_BOUND('',#3565,.T.);
#3870=FACE_BOUND('',#3566,.T.);
#3871=FACE_BOUND('',#3567,.T.);
#3872=FACE_BOUND('',#3568,.T.);
#3873=FACE_BOUND('',#3569,.T.);
#3874=FACE_BOUND('',#3570,.T.);
#3875=FACE_BOUND('',#3571,.T.);
#3876=FACE_BOUND('',#3572,.T.);
#3877=FACE_BOUND('',#3573,.T.);
#3878=FACE_BOUND('',#3574,.T.);
#3879=FACE_BOUND('',#3575,.T.);
#3880=FACE_BOUND('',#3576,.T.);
#3881=FACE_BOUND('',#3577,.T.);
#3882=FACE_BOUND('',#3578,.T.);
#3883=FACE_BOUND('',#3579,.T.);
#3884=FACE_BOUND('',#3580,.T.);
#3885=FACE_BOUND('',#3581,.T.);
#3886=FACE_BOUND('',#3582,.T.);
#3887=FACE_BOUND('',#3583,.T.);
#3888=FACE_BOUND('',#3584,.T.);
#3889=FACE_BOUND('',#3585,.T.);
#3890=FACE_BOUND('',#3586,.T.);
#3891=FACE_BOUND('',#3587,.T.);
#3892=FACE_BOUND('',#3588,.T.);
#3893=FACE_BOUND('',#3589,.T.);
#3894=FACE_BOUND('',#3590,.T.);
#3895=FACE_BOUND('',#3591,.T.);
#3896=FACE_BOUND('',#3592,.T.);
#3897=FACE_BOUND('',#3593,.T.);
#3898=FACE_BOUND('',#3594,.T.);
#3899=FACE_BOUND('',#3595,.T.);
#3900=FACE_BOUND('',#3596,.T.);
#3901=FACE_BOUND('',#3597,.T.);
#3902=FACE_BOUND('',#3598,.T.);
#3903=FACE_BOUND('',#3599,.T.);
#3904=FACE_BOUND('',#3600,.T.);
#3905=FACE_BOUND('',#3601,.T.);
#3906=FACE_BOUND('',#3602,.T.);
#3907=FACE_BOUND('',#3603,.T.);
#3908=FACE_BOUND('',#3604,.T.);
#3909=FACE_BOUND('',#3605,.T.);
#3910=FACE_BOUND('',#3606,.T.);
#3911=FACE_BOUND('',#3607,.T.);
#3912=FACE_BOUND('',#3608,.T.);
#3913=FACE_BOUND('',#3609,.T.);
#3914=FACE_BOUND('',#3610,.T.);
#3915=FACE_BOUND('',#3611,.T.);
#3916=FACE_BOUND('',#3612,.T.);
#3917=FACE_BOUND('',#3613,.T.);
#3918=FACE_BOUND('',#3614,.T.);
#3919=FACE_BOUND('',#3615,.T.);
#3920=FACE_BOUND('',#3616,.T.);
#3921=FACE_BOUND('',#3617,.T.);
#3922=FACE_BOUND('',#3618,.T.);
#3923=FACE_BOUND('',#3619,.T.);
#3924=FACE_BOUND('',#3620,.T.);
#3925=FACE_BOUND('',#3621,.T.);
#3926=FACE_BOUND('',#3622,.T.);
#3927=FACE_BOUND('',#3623,.T.);
#3928=FACE_BOUND('',#3624,.T.);
#3929=FACE_BOUND('',#3625,.T.);
#3930=FACE_BOUND('',#3626,.T.);
#3931=FACE_BOUND('',#3627,.T.);
#3932=FACE_BOUND('',#3628,.T.);
#3933=FACE_BOUND('',#3629,.T.);
#3934=FACE_BOUND('',#3630,.T.);
#3935=FACE_BOUND('',#3631,.T.);
#3936=FACE_BOUND('',#3632,.T.);
#3937=FACE_BOUND('',#3633,.T.);
#3938=FACE_BOUND('',#3634,.T.);
#3939=FACE_BOUND('',#3635,.T.);
#3940=FACE_BOUND('',#3636,.T.);
#3941=FACE_BOUND('',#3637,.T.);
#3942=FACE_BOUND('',#3638,.T.);
#3943=FACE_BOUND('',#3639,.T.);
#3944=FACE_BOUND('',#3640,.T.);
#3945=FACE_BOUND('',#3641,.T.);
#3946=FACE_BOUND('',#3642,.T.);
#3947=FACE_BOUND('',#3643,.T.);
#3948=FACE_BOUND('',#3644,.T.);
#3949=FACE_BOUND('',#3645,.T.);
#3950=FACE_BOUND('',#3646,.T.);
#3951=FACE_BOUND('',#3647,.T.);
#3952=FACE_BOUND('',#3648,.T.);
#3953=FACE_BOUND('',#3649,.T.);
#3954=FACE_BOUND('',#3650,.T.);
#3955=FACE_BOUND('',#3651,.T.);
#3956=FACE_BOUND('',#3652,.T.);
#3957=FACE_BOUND('',#3653,.T.);
#3958=FACE_BOUND('',#3654,.T.);
#3959=FACE_BOUND('',#3655,.T.);
#3960=FACE_BOUND('',#3656,.T.);
#3961=FACE_BOUND('',#3657,.T.);
#3962=FACE_BOUND('',#3658,.T.);
#3963=FACE_BOUND('',#3659,.T.);
#3964=FACE_BOUND('',#3660,.T.);
#3965=FACE_BOUND('',#3661,.T.);
#3966=FACE_BOUND('',#3662,.T.);
#3967=FACE_BOUND('',#3663,.T.);
#3968=FACE_BOUND('',#3664,.T.);
#3969=FACE_BOUND('',#3665,.T.);
#3970=FACE_BOUND('',#3666,.T.);
#3971=FACE_BOUND('',#3667,.T.);
#3972=FACE_BOUND('',#3668,.T.);
#3973=FACE_BOUND('',#3669,.T.);
#3974=FACE_BOUND('',#3670,.T.);
#3975=FACE_BOUND('',#3671,.T.);
#3976=FACE_BOUND('',#3672,.T.);
#3977=FACE_BOUND('',#3673,.T.);
#3978=FACE_BOUND('',#3674,.T.);
#3979=FACE_BOUND('',#3675,.T.);
#3980=FACE_BOUND('',#3676,.T.);
#3981=FACE_BOUND('',#3677,.T.);
#3982=FACE_BOUND('',#3678,.T.);
#3983=FACE_BOUND('',#3679,.T.);
#3984=FACE_BOUND('',#3680,.T.);
#3985=FACE_BOUND('',#3681,.T.);
#3986=FACE_BOUND('',#3682,.T.);
#3987=FACE_BOUND('',#3683,.T.);
#3988=FACE_BOUND('',#3684,.T.);
#3989=FACE_BOUND('',#3685,.T.);
#3990=FACE_BOUND('',#3686,.T.);
#3991=FACE_BOUND('',#3687,.T.);
#3992=FACE_BOUND('',#3688,.T.);
#3993=FACE_BOUND('',#3689,.T.);
#3994=FACE_BOUND('',#3690,.T.);
#3995=FACE_BOUND('',#3691,.T.);
#3996=FACE_BOUND('',#3692,.T.);
#3997=FACE_BOUND('',#3693,.T.);
#3998=FACE_BOUND('',#3694,.T.);
#3999=FACE_BOUND('',#3695,.T.);
#4000=FACE_BOUND('',#3696,.T.);
#4001=FACE_BOUND('',#3697,.T.);
#4002=FACE_BOUND('',#3698,.T.);
#4003=FACE_BOUND('',#3699,.T.);
#4004=FACE_BOUND('',#3700,.T.);
#4005=FACE_BOUND('',#3701,.T.);
#4006=FACE_BOUND('',#3702,.T.);
#4007=FACE_BOUND('',#3703,.T.);
#4008=FACE_BOUND('',#3704,.T.);
#4009=FACE_BOUND('',#3705,.T.);
#4010=FACE_BOUND('',#3706,.T.);
#4011=FACE_BOUND('',#3707,.T.);
#4012=FACE_BOUND('',#3708,.T.);
#4013=FACE_BOUND('',#3709,.T.);
#4014=FACE_BOUND('',#3710,.T.);
#4015=FACE_BOUND('',#3711,.T.);
#4016=FACE_BOUND('',#3712,.T.);
#4017=FACE_BOUND('',#3713,.T.);
#4018=FACE_BOUND('',#3714,.T.);
#4019=FACE_BOUND('',#3715,.T.);
#4020=FACE_BOUND('',#3716,.T.);
#4021=FACE_BOUND('',#3717,.T.);
#4022=FACE_BOUND('',#3718,.T.);
#4023=FACE_BOUND('',#3719,.T.);
#4024=FACE_BOUND('',#3720,.T.);
#4025=FACE_BOUND('',#3721,.T.);
#4026=FACE_BOUND('',#3722,.T.);
#4027=FACE_BOUND('',#3723,.T.);
#4028=FACE_BOUND('',#3724,.T.);
#4029=FACE_BOUND('',#3725,.T.);
#4030=FACE_BOUND('',#3726,.T.);
#4031=FACE_BOUND('',#3727,.T.);
#4032=FACE_BOUND('',#3728,.T.);
#4033=FACE_BOUND('',#3729,.T.);
#4034=FACE_BOUND('',#3730,.T.);
#4035=FACE_BOUND('',#3731,.T.);
#4036=FACE_BOUND('',#3732,.T.);
#4037=FACE_BOUND('',#3733,.T.);
#4038=FACE_BOUND('',#3734,.T.);
#4039=FACE_BOUND('',#3735,.T.);
#4040=FACE_BOUND('',#3736,.T.);
#4041=FACE_BOUND('',#3737,.T.);
#4042=FACE_BOUND('',#3738,.T.);
#4043=FACE_BOUND('',#3739,.T.);
#4044=FACE_BOUND('',#3740,.T.);
#4045=FACE_BOUND('',#3741,.T.);
#4046=FACE_BOUND('',#3742,.T.);
#4047=FACE_BOUND('',#3743,.T.);
#4048=FACE_BOUND('',#3744,.T.);
#4049=FACE_BOUND('',#3745,.T.);
#4050=FACE_BOUND('',#3746,.T.);
#4051=FACE_BOUND('',#3747,.T.);
#4052=FACE_BOUND('',#3748,.T.);
#4053=FACE_BOUND('',#3749,.T.);
#4054=FACE_BOUND('',#3750,.T.);
#4055=FACE_BOUND('',#3751,.T.);
#4056=FACE_BOUND('',#3752,.T.);
#4057=FACE_BOUND('',#3753,.T.);
#4058=FACE_BOUND('',#3754,.T.);
#4059=FACE_BOUND('',#3755,.T.);
#4060=FACE_BOUND('',#3756,.T.);
#4061=FACE_BOUND('',#3757,.T.);
#4062=FACE_BOUND('',#3758,.T.);
#4063=FACE_BOUND('',#3759,.T.);
#4064=FACE_BOUND('',#3760,.T.);
#4065=FACE_BOUND('',#3761,.T.);
#4066=FACE_BOUND('',#3762,.T.);
#4067=FACE_BOUND('',#3763,.T.);
#4068=FACE_BOUND('',#3764,.T.);
#4069=FACE_BOUND('',#3765,.T.);
#4070=FACE_BOUND('',#3766,.T.);
#4071=FACE_BOUND('',#3767,.T.);
#4072=FACE_BOUND('',#3768,.T.);
#4073=FACE_BOUND('',#3769,.T.);
#4074=FACE_BOUND('',#3770,.T.);
#4075=FACE_BOUND('',#3771,.T.);
#4076=FACE_BOUND('',#3772,.T.);
#4077=FACE_BOUND('',#3773,.T.);
#4078=FACE_BOUND('',#3774,.T.);
#4079=FACE_BOUND('',#3775,.T.);
#4080=FACE_BOUND('',#3776,.T.);
#4081=FACE_BOUND('',#3777,.T.);
#4082=FACE_BOUND('',#3778,.T.);
#4083=FACE_BOUND('',#3779,.T.);
#4084=FACE_BOUND('',#3780,.T.);
#4085=FACE_BOUND('',#3781,.T.);
#4086=FACE_BOUND('',#3782,.T.);
#4087=FACE_BOUND('',#3783,.T.);
#4088=FACE_BOUND('',#3784,.T.);
#4089=FACE_BOUND('',#3785,.T.);
#4090=FACE_BOUND('',#3786,.T.);
#4091=FACE_BOUND('',#3787,.T.);
#4092=FACE_BOUND('',#3788,.T.);
#4093=FACE_BOUND('',#3789,.T.);
#4094=FACE_BOUND('',#3790,.T.);
#4095=FACE_BOUND('',#3791,.T.);
#4096=FACE_BOUND('',#3792,.T.);
#4097=FACE_BOUND('',#3793,.T.);
#4098=FACE_BOUND('',#3794,.T.);
#4099=FACE_BOUND('',#3795,.T.);
#4100=FACE_BOUND('',#3796,.T.);
#4101=FACE_BOUND('',#3797,.T.);
#4102=FACE_BOUND('',#3798,.T.);
#4103=FACE_BOUND('',#3799,.T.);
#4104=FACE_BOUND('',#3800,.T.);
#4105=FACE_BOUND('',#3801,.T.);
#4106=FACE_BOUND('',#3802,.T.);
#4107=FACE_BOUND('',#3803,.T.);
#4108=FACE_BOUND('',#3804,.T.);
#4109=FACE_BOUND('',#3805,.T.);
#4110=FACE_BOUND('',#3806,.T.);
#4111=FACE_BOUND('',#3807,.T.);
#4112=FACE_BOUND('',#3808,.T.);
#4113=FACE_BOUND('',#3809,.T.);
#4114=FACE_BOUND('',#3810,.T.);
#4115=FACE_BOUND('',#3811,.T.);
#4116=FACE_BOUND('',#3812,.T.);
#4117=FACE_BOUND('',#3813,.T.);
#4118=FACE_BOUND('',#3814,.T.);
#4119=FACE_BOUND('',#3815,.T.);
#4120=FACE_BOUND('',#3816,.T.);
#4121=FACE_BOUND('',#3817,.T.);
#4122=FACE_BOUND('',#3818,.T.);
#4123=FACE_BOUND('',#3819,.T.);
#4124=FACE_BOUND('',#3820,.T.);
#4125=FACE_BOUND('',#3821,.T.);
#4126=FACE_BOUND('',#3822,.T.);
#4127=FACE_BOUND('',#3823,.T.);
#4128=FACE_BOUND('',#3824,.T.);
#4129=FACE_BOUND('',#3825,.T.);
#4130=FACE_BOUND('',#3826,.T.);
#4131=FACE_BOUND('',#3827,.T.);
#4132=FACE_BOUND('',#3828,.T.);
#4133=FACE_BOUND('',#3829,.T.);
#4134=FACE_BOUND('',#3830,.T.);
#4135=FACE_BOUND('',#3831,.T.);
#4136=FACE_BOUND('',#3832,.T.);
#4137=FACE_BOUND('',#3833,.T.);
#4138=FACE_BOUND('',#3834,.T.);
#4139=FACE_BOUND('',#3835,.T.);
#4140=FACE_BOUND('',#3836,.T.);
#4141=FACE_BOUND('',#3837,.T.);
#4142=FACE_BOUND('',#3838,.T.);
#4143=FACE_BOUND('',#3839,.T.);
#4144=FACE_BOUND('',#3840,.T.);
#4145=FACE_BOUND('',#3841,.T.);
#4146=FACE_BOUND('',#3842,.T.);
#4147=FACE_BOUND('',#3843,.T.);
#4148=FACE_BOUND('',#3844,.T.);
#4149=FACE_BOUND('',#3845,.T.);
#4150=FACE_BOUND('',#3846,.T.);
#4151=FACE_BOUND('',#3847,.T.);
#4152=FACE_BOUND('',#3848,.T.);
#4153=FACE_BOUND('',#3849,.T.);
#4154=FACE_BOUND('',#3850,.T.);
#4155=FACE_BOUND('',#3851,.T.);
#4156=FACE_BOUND('',#3852,.T.);
#4157=FACE_BOUND('',#3853,.T.);
#4158=FACE_BOUND('',#3854,.T.);
#4159=FACE_BOUND('',#3855,.T.);
#4160=FACE_BOUND('',#3856,.T.);
#4161=FACE_BOUND('',#3857,.T.);
#4162=FACE_BOUND('',#3858,.T.);
#4163=FACE_BOUND('',#3859,.T.);
#4164=FACE_BOUND('',#3860,.T.);
#4165=FACE_BOUND('',#3861,.T.);
#4166=FACE_BOUND('',#3862,.T.);
#4167=FACE_BOUND('',#3863,.T.);
#4168=FACE_BOUND('',#3864,.T.);
#4169=FACE_BOUND('',#3865,.T.);
#4170=FACE_BOUND('',#3866,.T.);
#4171=PLANE('',#4748);
#4172=PLANE('',#4749);
#4173=PLANE('',#4750);
#4174=PLANE('',#4751);
#4175=PLANE('',#4752);
#4176=PLANE('',#4753);
#4177=PLANE('',#4754);
#4178=PLANE('',#4755);
#4179=PLANE('',#4756);
#4180=PLANE('',#4757);
#4181=PLANE('',#4758);
#4182=PLANE('',#4759);
#4183=PLANE('',#4760);
#4184=PLANE('',#4761);
#4185=PLANE('',#4762);
#4186=PLANE('',#4763);
#4187=PLANE('',#4764);
#4188=PLANE('',#4765);
#4189=PLANE('',#4766);
#4190=PLANE('',#4767);
#4191=PLANE('',#4768);
#4192=PLANE('',#4769);
#4193=PLANE('',#4770);
#4194=PLANE('',#4771);
#4195=PLANE('',#4772);
#4196=PLANE('',#4779);
#4197=PLANE('',#4780);
#4198=PLANE('',#4781);
#4199=PLANE('',#4788);
#4200=PLANE('',#4789);
#4201=PLANE('',#4790);
#4202=PLANE('',#4791);
#4203=PLANE('',#4792);
#4204=PLANE('',#4793);
#4205=PLANE('',#4794);
#4206=PLANE('',#4795);
#4207=PLANE('',#4796);
#4208=PLANE('',#4797);
#4209=PLANE('',#4798);
#4210=PLANE('',#4799);
#4211=PLANE('',#4800);
#4212=PLANE('',#4801);
#4213=PLANE('',#4802);
#4214=PLANE('',#4803);
#4215=PLANE('',#4804);
#4216=PLANE('',#4805);
#4217=PLANE('',#4806);
#4218=PLANE('',#4807);
#4219=PLANE('',#4808);
#4220=PLANE('',#4810);
#4221=PLANE('',#4817);
#4222=PLANE('',#4818);
#4223=PLANE('',#4821);
#4224=PLANE('',#4822);
#4225=PLANE('',#4823);
#4226=PLANE('',#4824);
#4227=PLANE('',#4827);
#4228=PLANE('',#4830);
#4229=PLANE('',#4831);
#4230=PLANE('',#4832);
#4231=PLANE('',#4833);
#4232=PLANE('',#4834);
#4233=PLANE('',#4835);
#4234=PLANE('',#4836);
#4235=PLANE('',#4837);
#4236=PLANE('',#4838);
#4237=PLANE('',#4842);
#4238=PLANE('',#4844);
#4239=PLANE('',#4847);
#4240=PLANE('',#4849);
#4241=PLANE('',#4851);
#4242=PLANE('',#4855);
#4243=PLANE('',#4860);
#4244=PLANE('',#4861);
#4245=PLANE('',#4862);
#4246=PLANE('',#4863);
#4247=PLANE('',#4864);
#4248=PLANE('',#4865);
#4249=PLANE('',#4870);
#4250=PLANE('',#4873);
#4251=PLANE('',#4878);
#4252=PLANE('',#4881);
#4253=PLANE('',#4882);
#4254=PLANE('',#4883);
#4255=PLANE('',#4884);
#4256=PLANE('',#4885);
#4257=PLANE('',#4886);
#4258=PLANE('',#4887);
#4259=PLANE('',#4888);
#4260=PLANE('',#4889);
#4261=PLANE('',#4890);
#4262=PLANE('',#4891);
#4263=PLANE('',#4892);
#4264=PLANE('',#4893);
#4265=PLANE('',#4894);
#4266=PLANE('',#4895);
#4267=PLANE('',#4896);
#4268=PLANE('',#4897);
#4269=PLANE('',#4898);
#4270=PLANE('',#4899);
#4271=PLANE('',#4900);
#4272=PLANE('',#4901);
#4273=PLANE('',#4903);
#4274=PLANE('',#4904);
#4275=PLANE('',#4905);
#4276=PLANE('',#4906);
#4277=PLANE('',#4907);
#4278=PLANE('',#4908);
#4279=PLANE('',#4909);
#4280=PLANE('',#4910);
#4281=PLANE('',#4911);
#4282=PLANE('',#4912);
#4283=PLANE('',#4913);
#4284=PLANE('',#4914);
#4285=PLANE('',#4915);
#4286=PLANE('',#4916);
#4287=PLANE('',#4917);
#4288=PLANE('',#4918);
#4289=PLANE('',#4919);
#4290=PLANE('',#4920);
#4291=PLANE('',#4921);
#4292=PLANE('',#4922);
#4293=PLANE('',#4923);
#4294=PLANE('',#4924);
#4295=PLANE('',#4925);
#4296=PLANE('',#4926);
#4297=PLANE('',#4927);
#4298=PLANE('',#4934);
#4299=PLANE('',#4935);
#4300=PLANE('',#4936);
#4301=PLANE('',#4943);
#4302=PLANE('',#4944);
#4303=PLANE('',#4945);
#4304=PLANE('',#4946);
#4305=PLANE('',#4947);
#4306=PLANE('',#4948);
#4307=PLANE('',#4949);
#4308=PLANE('',#4950);
#4309=PLANE('',#4951);
#4310=PLANE('',#4952);
#4311=PLANE('',#4953);
#4312=PLANE('',#4954);
#4313=PLANE('',#4955);
#4314=PLANE('',#4956);
#4315=PLANE('',#4957);
#4316=PLANE('',#4958);
#4317=PLANE('',#4959);
#4318=PLANE('',#4960);
#4319=PLANE('',#4961);
#4320=PLANE('',#4962);
#4321=PLANE('',#4963);
#4322=PLANE('',#4965);
#4323=PLANE('',#4968);
#4324=PLANE('',#4971);
#4325=PLANE('',#4972);
#4326=PLANE('',#4973);
#4327=PLANE('',#4989);
#4328=PLANE('',#4991);
#4329=PLANE('',#5002);
#4330=PLANE('',#5003);
#4331=PLANE('',#5004);
#4332=PLANE('',#5005);
#4333=PLANE('',#5006);
#4334=PLANE('',#5007);
#4335=PLANE('',#5008);
#4336=PLANE('',#5009);
#4337=PLANE('',#5010);
#4338=PLANE('',#5011);
#4339=PLANE('',#5012);
#4340=PLANE('',#5013);
#4341=PLANE('',#5014);
#4342=PLANE('',#5015);
#4343=PLANE('',#5016);
#4344=PLANE('',#5017);
#4345=PLANE('',#5018);
#4346=PLANE('',#5019);
#4347=PLANE('',#5020);
#4348=PLANE('',#5021);
#4349=PLANE('',#5023);
#4350=PLANE('',#5024);
#4351=PLANE('',#5025);
#4352=PLANE('',#5026);
#4353=PLANE('',#5027);
#4354=PLANE('',#5028);
#4355=PLANE('',#5033);
#4356=PLANE('',#5036);
#4357=PLANE('',#5041);
#4358=PLANE('',#5044);
#4359=PLANE('',#5045);
#4360=PLANE('',#5046);
#4361=PLANE('',#5047);
#4362=PLANE('',#5048);
#4363=PLANE('',#5049);
#4364=PLANE('',#5050);
#4365=PLANE('',#5051);
#4366=PLANE('',#5052);
#4367=PLANE('',#5053);
#4368=PLANE('',#5054);
#4369=PLANE('',#5055);
#4370=PLANE('',#5056);
#4371=PLANE('',#5057);
#4372=PLANE('',#5058);
#4373=PLANE('',#5059);
#4374=PLANE('',#5060);
#4375=PLANE('',#5061);
#4376=PLANE('',#5062);
#4377=PLANE('',#5063);
#4378=PLANE('',#5064);
#4379=PLANE('',#5066);
#4380=PLANE('',#5073);
#4381=PLANE('',#5074);
#4382=PLANE('',#5077);
#4383=PLANE('',#5078);
#4384=PLANE('',#5079);
#4385=PLANE('',#5080);
#4386=PLANE('',#5083);
#4387=PLANE('',#5086);
#4388=PLANE('',#5087);
#4389=PLANE('',#5088);
#4390=PLANE('',#5089);
#4391=PLANE('',#5090);
#4392=PLANE('',#5091);
#4393=PLANE('',#5092);
#4394=PLANE('',#5093);
#4395=PLANE('',#5094);
#4396=ADVANCED_FACE('',(#3867),#4171,.T.);
#4397=ADVANCED_FACE('',(#3868),#4172,.T.);
#4398=ADVANCED_FACE('',(#3869,#3870),#4173,.T.);
#4399=ADVANCED_FACE('',(#3871),#4174,.F.);
#4400=ADVANCED_FACE('',(#3872),#4175,.T.);
#4401=ADVANCED_FACE('',(#3873,#3874),#4176,.T.);
#4402=ADVANCED_FACE('',(#3875),#4177,.T.);
#4403=ADVANCED_FACE('',(#3876,#3877,#3878),#4178,.F.);
#4404=ADVANCED_FACE('',(#3879),#4179,.F.);
#4405=ADVANCED_FACE('',(#3880),#4180,.F.);
#4406=ADVANCED_FACE('',(#3881),#4181,.F.);
#4407=ADVANCED_FACE('',(#3882),#4182,.T.);
#4408=ADVANCED_FACE('',(#3883),#4183,.T.);
#4409=ADVANCED_FACE('',(#3884),#4184,.F.);
#4410=ADVANCED_FACE('',(#3885),#4185,.F.);
#4411=ADVANCED_FACE('',(#3886),#4186,.T.);
#4412=ADVANCED_FACE('',(#3887),#4187,.T.);
#4413=ADVANCED_FACE('',(#3888),#4188,.T.);
#4414=ADVANCED_FACE('',(#3889),#4189,.F.);
#4415=ADVANCED_FACE('',(#3890),#4190,.F.);
#4416=ADVANCED_FACE('',(#3891),#4191,.T.);
#4417=ADVANCED_FACE('',(#3892),#4192,.T.);
#4418=ADVANCED_FACE('',(#3893),#4193,.F.);
#4419=ADVANCED_FACE('',(#3894),#4194,.T.);
#4420=ADVANCED_FACE('',(#3895),#4195,.F.);
#4421=ADVANCED_FACE('',(#3896),#117,.F.);
#4422=ADVANCED_FACE('',(#3897),#118,.T.);
#4423=ADVANCED_FACE('',(#3898),#4196,.T.);
#4424=ADVANCED_FACE('',(#3899),#4197,.F.);
#4425=ADVANCED_FACE('',(#3900),#4198,.T.);
#4426=ADVANCED_FACE('',(#3901),#119,.F.);
#4427=ADVANCED_FACE('',(#3902),#120,.T.);
#4428=ADVANCED_FACE('',(#3903),#4199,.T.);
#4429=ADVANCED_FACE('',(#3904),#4200,.F.);
#4430=ADVANCED_FACE('',(#3905),#4201,.T.);
#4431=ADVANCED_FACE('',(#3906,#3907),#4202,.F.);
#4432=ADVANCED_FACE('',(#3908),#4203,.T.);
#4433=ADVANCED_FACE('',(#3909),#4204,.F.);
#4434=ADVANCED_FACE('',(#3910),#4205,.F.);
#4435=ADVANCED_FACE('',(#3911),#4206,.T.);
#4436=ADVANCED_FACE('',(#3912),#4207,.T.);
#4437=ADVANCED_FACE('',(#3913),#4208,.T.);
#4438=ADVANCED_FACE('',(#3914),#4209,.F.);
#4439=ADVANCED_FACE('',(#3915),#4210,.F.);
#4440=ADVANCED_FACE('',(#3916),#4211,.T.);
#4441=ADVANCED_FACE('',(#3917),#4212,.T.);
#4442=ADVANCED_FACE('',(#3918),#4213,.T.);
#4443=ADVANCED_FACE('',(#3919),#4214,.F.);
#4444=ADVANCED_FACE('',(#3920),#4215,.T.);
#4445=ADVANCED_FACE('',(#3921),#4216,.T.);
#4446=ADVANCED_FACE('',(#3922),#4217,.F.);
#4447=ADVANCED_FACE('',(#3923),#4218,.F.);
#4448=ADVANCED_FACE('',(#3924),#4219,.T.);
#4449=ADVANCED_FACE('',(#3925,#3926),#4220,.T.);
#4450=ADVANCED_FACE('',(#3927),#121,.T.);
#4451=ADVANCED_FACE('',(#3928,#3929),#122,.F.);
#4452=ADVANCED_FACE('',(#3930),#4221,.T.);
#4453=ADVANCED_FACE('',(#3931,#3932),#4222,.F.);
#4454=ADVANCED_FACE('',(#3933),#4223,.T.);
#4455=ADVANCED_FACE('',(#3934,#3935),#4224,.T.);
#4456=ADVANCED_FACE('',(#3936),#4225,.T.);
#4457=ADVANCED_FACE('',(#3937),#4226,.T.);
#4458=ADVANCED_FACE('',(#3938),#123,.T.);
#4459=ADVANCED_FACE('',(#3939),#4227,.T.);
#4460=ADVANCED_FACE('',(#3940,#3941),#124,.F.);
#4461=ADVANCED_FACE('',(#3942,#3943),#4228,.T.);
#4462=ADVANCED_FACE('',(#3944),#4229,.T.);
#4463=ADVANCED_FACE('',(#3945),#4230,.T.);
#4464=ADVANCED_FACE('',(#3946,#3947),#4231,.F.);
#4465=ADVANCED_FACE('',(#3948),#4232,.T.);
#4466=ADVANCED_FACE('',(#3949),#4233,.F.);
#4467=ADVANCED_FACE('',(#3950),#4234,.F.);
#4468=ADVANCED_FACE('',(#3951),#4235,.T.);
#4469=ADVANCED_FACE('',(#3952),#4236,.T.);
#4470=ADVANCED_FACE('',(#3953,#3954),#125,.T.);
#4471=ADVANCED_FACE('',(#3955,#3956),#4237,.T.);
#4472=ADVANCED_FACE('',(#3957),#4238,.F.);
#4473=ADVANCED_FACE('',(#3958,#3959),#14,.T.);
#4474=ADVANCED_FACE('',(#3960,#3961),#126,.T.);
#4475=ADVANCED_FACE('',(#3962,#3963),#4239,.T.);
#4476=ADVANCED_FACE('',(#3964),#4240,.T.);
#4477=ADVANCED_FACE('',(#3965),#4241,.F.);
#4478=ADVANCED_FACE('',(#3966,#3967),#127,.T.);
#4479=ADVANCED_FACE('',(#3968,#3969),#128,.T.);
#4480=ADVANCED_FACE('',(#3970),#4242,.T.);
#4481=ADVANCED_FACE('',(#3971,#3972),#129,.T.);
#4482=ADVANCED_FACE('',(#3973,#3974),#4243,.T.);
#4483=ADVANCED_FACE('',(#3975),#4244,.T.);
#4484=ADVANCED_FACE('',(#3976),#4245,.T.);
#4485=ADVANCED_FACE('',(#3977),#4246,.F.);
#4486=ADVANCED_FACE('',(#3978),#4247,.F.);
#4487=ADVANCED_FACE('',(#3979),#4248,.F.);
#4488=ADVANCED_FACE('',(#3980),#130,.T.);
#4489=ADVANCED_FACE('',(#3981),#4249,.T.);
#4490=ADVANCED_FACE('',(#3982),#131,.F.);
#4491=ADVANCED_FACE('',(#3983),#4250,.F.);
#4492=ADVANCED_FACE('',(#3984),#132,.T.);
#4493=ADVANCED_FACE('',(#3985),#4251,.T.);
#4494=ADVANCED_FACE('',(#3986),#133,.F.);
#4495=ADVANCED_FACE('',(#3987,#3988),#4252,.F.);
#4496=ADVANCED_FACE('',(#3989),#4253,.T.);
#4497=ADVANCED_FACE('',(#3990),#4254,.T.);
#4498=ADVANCED_FACE('',(#3991),#4255,.F.);
#4499=ADVANCED_FACE('',(#3992),#4256,.T.);
#4500=ADVANCED_FACE('',(#3993),#4257,.T.);
#4501=ADVANCED_FACE('',(#3994),#4258,.F.);
#4502=ADVANCED_FACE('',(#3995),#4259,.F.);
#4503=ADVANCED_FACE('',(#3996,#3997,#3998),#4260,.F.);
#4504=ADVANCED_FACE('',(#3999),#4261,.T.);
#4505=ADVANCED_FACE('',(#4000),#4262,.T.);
#4506=ADVANCED_FACE('',(#4001),#4263,.T.);
#4507=ADVANCED_FACE('',(#4002),#4264,.F.);
#4508=ADVANCED_FACE('',(#4003),#4265,.F.);
#4509=ADVANCED_FACE('',(#4004),#4266,.T.);
#4510=ADVANCED_FACE('',(#4005),#4267,.T.);
#4511=ADVANCED_FACE('',(#4006),#4268,.T.);
#4512=ADVANCED_FACE('',(#4007),#4269,.F.);
#4513=ADVANCED_FACE('',(#4008),#4270,.F.);
#4514=ADVANCED_FACE('',(#4009),#4271,.T.);
#4515=ADVANCED_FACE('',(#4010),#4272,.T.);
#4516=ADVANCED_FACE('',(#4011),#4273,.T.);
#4517=ADVANCED_FACE('',(#4012),#4274,.T.);
#4518=ADVANCED_FACE('',(#4013,#4014),#4275,.T.);
#4519=ADVANCED_FACE('',(#4015),#4276,.F.);
#4520=ADVANCED_FACE('',(#4016),#4277,.T.);
#4521=ADVANCED_FACE('',(#4017,#4018),#4278,.T.);
#4522=ADVANCED_FACE('',(#4019),#4279,.T.);
#4523=ADVANCED_FACE('',(#4020,#4021,#4022),#4280,.F.);
#4524=ADVANCED_FACE('',(#4023),#4281,.F.);
#4525=ADVANCED_FACE('',(#4024),#4282,.F.);
#4526=ADVANCED_FACE('',(#4025),#4283,.F.);
#4527=ADVANCED_FACE('',(#4026),#4284,.T.);
#4528=ADVANCED_FACE('',(#4027),#4285,.T.);
#4529=ADVANCED_FACE('',(#4028),#4286,.F.);
#4530=ADVANCED_FACE('',(#4029),#4287,.F.);
#4531=ADVANCED_FACE('',(#4030),#4288,.T.);
#4532=ADVANCED_FACE('',(#4031),#4289,.T.);
#4533=ADVANCED_FACE('',(#4032),#4290,.T.);
#4534=ADVANCED_FACE('',(#4033),#4291,.F.);
#4535=ADVANCED_FACE('',(#4034),#4292,.F.);
#4536=ADVANCED_FACE('',(#4035),#4293,.T.);
#4537=ADVANCED_FACE('',(#4036),#4294,.T.);
#4538=ADVANCED_FACE('',(#4037),#4295,.F.);
#4539=ADVANCED_FACE('',(#4038),#4296,.T.);
#4540=ADVANCED_FACE('',(#4039),#4297,.F.);
#4541=ADVANCED_FACE('',(#4040),#134,.F.);
#4542=ADVANCED_FACE('',(#4041),#135,.T.);
#4543=ADVANCED_FACE('',(#4042),#4298,.T.);
#4544=ADVANCED_FACE('',(#4043),#4299,.F.);
#4545=ADVANCED_FACE('',(#4044),#4300,.T.);
#4546=ADVANCED_FACE('',(#4045),#136,.F.);
#4547=ADVANCED_FACE('',(#4046),#137,.T.);
#4548=ADVANCED_FACE('',(#4047),#4301,.T.);
#4549=ADVANCED_FACE('',(#4048),#4302,.F.);
#4550=ADVANCED_FACE('',(#4049),#4303,.T.);
#4551=ADVANCED_FACE('',(#4050,#4051),#4304,.F.);
#4552=ADVANCED_FACE('',(#4052),#4305,.T.);
#4553=ADVANCED_FACE('',(#4053),#4306,.F.);
#4554=ADVANCED_FACE('',(#4054),#4307,.F.);
#4555=ADVANCED_FACE('',(#4055),#4308,.T.);
#4556=ADVANCED_FACE('',(#4056),#4309,.T.);
#4557=ADVANCED_FACE('',(#4057),#4310,.T.);
#4558=ADVANCED_FACE('',(#4058),#4311,.F.);
#4559=ADVANCED_FACE('',(#4059),#4312,.F.);
#4560=ADVANCED_FACE('',(#4060),#4313,.T.);
#4561=ADVANCED_FACE('',(#4061),#4314,.T.);
#4562=ADVANCED_FACE('',(#4062),#4315,.T.);
#4563=ADVANCED_FACE('',(#4063),#4316,.F.);
#4564=ADVANCED_FACE('',(#4064),#4317,.T.);
#4565=ADVANCED_FACE('',(#4065),#4318,.T.);
#4566=ADVANCED_FACE('',(#4066),#4319,.F.);
#4567=ADVANCED_FACE('',(#4067),#4320,.F.);
#4568=ADVANCED_FACE('',(#4068),#4321,.T.);
#4569=ADVANCED_FACE('',(#4069),#4322,.F.);
#4570=ADVANCED_FACE('',(#4070),#4323,.F.);
#4571=ADVANCED_FACE('',(#4071),#4324,.F.);
#4572=ADVANCED_FACE('',(#4072),#4325,.F.);
#4573=ADVANCED_FACE('',(#4073),#4326,.T.);
#4574=ADVANCED_FACE('',(#4074,#4075),#138,.F.);
#4575=ADVANCED_FACE('',(#4076,#4077),#139,.T.);
#4576=ADVANCED_FACE('',(#4078,#4079),#4327,.T.);
#4577=ADVANCED_FACE('',(#4080),#4328,.F.);
#4578=ADVANCED_FACE('',(#4081,#4082),#15,.T.);
#4579=ADVANCED_FACE('',(#4083,#4084),#140,.T.);
#4580=ADVANCED_FACE('',(#4085),#4329,.T.);
#4581=ADVANCED_FACE('',(#4086),#4330,.T.);
#4582=ADVANCED_FACE('',(#4087),#4331,.T.);
#4583=ADVANCED_FACE('',(#4088),#4332,.T.);
#4584=ADVANCED_FACE('',(#4089),#4333,.T.);
#4585=ADVANCED_FACE('',(#4090),#4334,.T.);
#4586=ADVANCED_FACE('',(#4091),#4335,.F.);
#4587=ADVANCED_FACE('',(#4092),#4336,.F.);
#4588=ADVANCED_FACE('',(#4093),#4337,.F.);
#4589=ADVANCED_FACE('',(#4094),#4338,.F.);
#4590=ADVANCED_FACE('',(#4095),#4339,.F.);
#4591=ADVANCED_FACE('',(#4096),#4340,.T.);
#4592=ADVANCED_FACE('',(#4097),#4341,.F.);
#4593=ADVANCED_FACE('',(#4098),#4342,.F.);
#4594=ADVANCED_FACE('',(#4099),#4343,.F.);
#4595=ADVANCED_FACE('',(#4100),#4344,.T.);
#4596=ADVANCED_FACE('',(#4101),#4345,.F.);
#4597=ADVANCED_FACE('',(#4102),#4346,.T.);
#4598=ADVANCED_FACE('',(#4103),#4347,.T.);
#4599=ADVANCED_FACE('',(#4104),#4348,.T.);
#4600=ADVANCED_FACE('',(#4105,#4106),#4349,.T.);
#4601=ADVANCED_FACE('',(#4107),#4350,.T.);
#4602=ADVANCED_FACE('',(#4108),#4351,.T.);
#4603=ADVANCED_FACE('',(#4109),#4352,.F.);
#4604=ADVANCED_FACE('',(#4110),#4353,.F.);
#4605=ADVANCED_FACE('',(#4111),#4354,.F.);
#4606=ADVANCED_FACE('',(#4112),#141,.T.);
#4607=ADVANCED_FACE('',(#4113),#4355,.T.);
#4608=ADVANCED_FACE('',(#4114),#142,.F.);
#4609=ADVANCED_FACE('',(#4115),#4356,.F.);
#4610=ADVANCED_FACE('',(#4116),#143,.T.);
#4611=ADVANCED_FACE('',(#4117),#4357,.T.);
#4612=ADVANCED_FACE('',(#4118),#144,.F.);
#4613=ADVANCED_FACE('',(#4119,#4120),#4358,.F.);
#4614=ADVANCED_FACE('',(#4121),#4359,.T.);
#4615=ADVANCED_FACE('',(#4122),#4360,.T.);
#4616=ADVANCED_FACE('',(#4123),#4361,.F.);
#4617=ADVANCED_FACE('',(#4124),#4362,.T.);
#4618=ADVANCED_FACE('',(#4125),#4363,.T.);
#4619=ADVANCED_FACE('',(#4126),#4364,.F.);
#4620=ADVANCED_FACE('',(#4127),#4365,.F.);
#4621=ADVANCED_FACE('',(#4128,#4129,#4130),#4366,.F.);
#4622=ADVANCED_FACE('',(#4131),#4367,.T.);
#4623=ADVANCED_FACE('',(#4132),#4368,.T.);
#4624=ADVANCED_FACE('',(#4133),#4369,.T.);
#4625=ADVANCED_FACE('',(#4134),#4370,.F.);
#4626=ADVANCED_FACE('',(#4135),#4371,.F.);
#4627=ADVANCED_FACE('',(#4136),#4372,.T.);
#4628=ADVANCED_FACE('',(#4137),#4373,.T.);
#4629=ADVANCED_FACE('',(#4138),#4374,.T.);
#4630=ADVANCED_FACE('',(#4139),#4375,.F.);
#4631=ADVANCED_FACE('',(#4140),#4376,.F.);
#4632=ADVANCED_FACE('',(#4141),#4377,.T.);
#4633=ADVANCED_FACE('',(#4142),#4378,.T.);
#4634=ADVANCED_FACE('',(#4143,#4144),#4379,.T.);
#4635=ADVANCED_FACE('',(#4145),#145,.T.);
#4636=ADVANCED_FACE('',(#4146,#4147),#146,.F.);
#4637=ADVANCED_FACE('',(#4148),#4380,.T.);
#4638=ADVANCED_FACE('',(#4149,#4150),#4381,.F.);
#4639=ADVANCED_FACE('',(#4151),#4382,.T.);
#4640=ADVANCED_FACE('',(#4152,#4153),#4383,.T.);
#4641=ADVANCED_FACE('',(#4154),#4384,.T.);
#4642=ADVANCED_FACE('',(#4155),#4385,.T.);
#4643=ADVANCED_FACE('',(#4156),#147,.T.);
#4644=ADVANCED_FACE('',(#4157),#4386,.T.);
#4645=ADVANCED_FACE('',(#4158,#4159),#148,.F.);
#4646=ADVANCED_FACE('',(#4160,#4161),#4387,.T.);
#4647=ADVANCED_FACE('',(#4162),#4388,.T.);
#4648=ADVANCED_FACE('',(#4163),#4389,.T.);
#4649=ADVANCED_FACE('',(#4164,#4165),#4390,.F.);
#4650=ADVANCED_FACE('',(#4166),#4391,.T.);
#4651=ADVANCED_FACE('',(#4167),#4392,.F.);
#4652=ADVANCED_FACE('',(#4168),#4393,.F.);
#4653=ADVANCED_FACE('',(#4169),#4394,.T.);
#4654=ADVANCED_FACE('',(#4170),#4395,.T.);
#4655=CLOSED_SHELL('',(#4396,#4397,#4398,#4399,#4400,#4401,#4402,#4403,
#4404,#4405,#4406,#4407,#4408,#4409,#4410,#4411,#4412,#4413,#4414,#4415,
#4416,#4417,#4418,#4419,#4420,#4421,#4422,#4423,#4424,#4425,#4426,#4427,
#4428,#4429,#4430,#4431,#4432,#4433,#4434,#4435,#4436,#4437,#4438,#4439,
#4440,#4441,#4442,#4443,#4444,#4445,#4446,#4447,#4448));
#4656=CLOSED_SHELL('',(#4449,#4450,#4451,#4452,#4453,#4454,#4455,#4456,
#4457,#4458,#4459,#4460,#4461,#4462,#4463,#4464,#4465,#4466,#4467,#4468,
#4469));
#4657=CLOSED_SHELL('',(#4470,#4471,#4472,#4473,#4474,#4475,#4476,#4477,
#4478,#4479,#4480,#4481));
#4658=CLOSED_SHELL('',(#4482,#4483,#4484,#4485,#4486,#4487,#4488,#4489,
#4490,#4491,#4492,#4493,#4494,#4495,#4496,#4497,#4498,#4499,#4500,#4501,
#4502,#4503,#4504,#4505,#4506,#4507,#4508,#4509,#4510,#4511,#4512,#4513,
#4514,#4515));
#4659=CLOSED_SHELL('',(#4516,#4517,#4518,#4519,#4520,#4521,#4522,#4523,
#4524,#4525,#4526,#4527,#4528,#4529,#4530,#4531,#4532,#4533,#4534,#4535,
#4536,#4537,#4538,#4539,#4540,#4541,#4542,#4543,#4544,#4545,#4546,#4547,
#4548,#4549,#4550,#4551,#4552,#4553,#4554,#4555,#4556,#4557,#4558,#4559,
#4560,#4561,#4562,#4563,#4564,#4565,#4566,#4567,#4568));
#4660=CLOSED_SHELL('',(#4569,#4570,#4571,#4572,#4573,#4574,#4575,#4576,
#4577,#4578,#4579,#4580,#4581,#4582,#4583,#4584,#4585,#4586,#4587,#4588,
#4589,#4590,#4591,#4592,#4593,#4594,#4595,#4596,#4597,#4598,#4599));
#4661=CLOSED_SHELL('',(#4600,#4601,#4602,#4603,#4604,#4605,#4606,#4607,
#4608,#4609,#4610,#4611,#4612,#4613,#4614,#4615,#4616,#4617,#4618,#4619,
#4620,#4621,#4622,#4623,#4624,#4625,#4626,#4627,#4628,#4629,#4630,#4631,
#4632,#4633));
#4662=CLOSED_SHELL('',(#4634,#4635,#4636,#4637,#4638,#4639,#4640,#4641,
#4642,#4643,#4644,#4645,#4646,#4647,#4648,#4649,#4650,#4651,#4652,#4653,
#4654));
#4663=STYLED_ITEM('',(#4671),#4723);
#4664=STYLED_ITEM('',(#4672),#4724);
#4665=STYLED_ITEM('',(#4673),#4725);
#4666=STYLED_ITEM('',(#4674),#4726);
#4667=STYLED_ITEM('',(#4675),#4727);
#4668=STYLED_ITEM('',(#4676),#4728);
#4669=STYLED_ITEM('',(#4677),#4729);
#4670=STYLED_ITEM('',(#4678),#4730);
#4671=PRESENTATION_STYLE_ASSIGNMENT((#4679));
#4672=PRESENTATION_STYLE_ASSIGNMENT((#4680));
#4673=PRESENTATION_STYLE_ASSIGNMENT((#4681));
#4674=PRESENTATION_STYLE_ASSIGNMENT((#4682));
#4675=PRESENTATION_STYLE_ASSIGNMENT((#4683));
#4676=PRESENTATION_STYLE_ASSIGNMENT((#4684));
#4677=PRESENTATION_STYLE_ASSIGNMENT((#4685));
#4678=PRESENTATION_STYLE_ASSIGNMENT((#4686));
#4679=SURFACE_STYLE_USAGE(.BOTH.,#4687);
#4680=SURFACE_STYLE_USAGE(.BOTH.,#4688);
#4681=SURFACE_STYLE_USAGE(.BOTH.,#4689);
#4682=SURFACE_STYLE_USAGE(.BOTH.,#4690);
#4683=SURFACE_STYLE_USAGE(.BOTH.,#4691);
#4684=SURFACE_STYLE_USAGE(.BOTH.,#4692);
#4685=SURFACE_STYLE_USAGE(.BOTH.,#4693);
#4686=SURFACE_STYLE_USAGE(.BOTH.,#4694);
#4687=SURFACE_SIDE_STYLE('',(#4695));
#4688=SURFACE_SIDE_STYLE('',(#4696));
#4689=SURFACE_SIDE_STYLE('',(#4697));
#4690=SURFACE_SIDE_STYLE('',(#4698));
#4691=SURFACE_SIDE_STYLE('',(#4699));
#4692=SURFACE_SIDE_STYLE('',(#4700));
#4693=SURFACE_SIDE_STYLE('',(#4701));
#4694=SURFACE_SIDE_STYLE('',(#4702));
#4695=SURFACE_STYLE_FILL_AREA(#4703);
#4696=SURFACE_STYLE_FILL_AREA(#4704);
#4697=SURFACE_STYLE_FILL_AREA(#4705);
#4698=SURFACE_STYLE_FILL_AREA(#4706);
#4699=SURFACE_STYLE_FILL_AREA(#4707);
#4700=SURFACE_STYLE_FILL_AREA(#4708);
#4701=SURFACE_STYLE_FILL_AREA(#4709);
#4702=SURFACE_STYLE_FILL_AREA(#4710);
#4703=FILL_AREA_STYLE('',(#4711));
#4704=FILL_AREA_STYLE('',(#4712));
#4705=FILL_AREA_STYLE('',(#4713));
#4706=FILL_AREA_STYLE('',(#4714));
#4707=FILL_AREA_STYLE('',(#4715));
#4708=FILL_AREA_STYLE('',(#4716));
#4709=FILL_AREA_STYLE('',(#4717));
#4710=FILL_AREA_STYLE('',(#4718));
#4711=FILL_AREA_STYLE_COLOUR('',#4719);
#4712=FILL_AREA_STYLE_COLOUR('',#4720);
#4713=FILL_AREA_STYLE_COLOUR('',#4721);
#4714=FILL_AREA_STYLE_COLOUR('',#4719);
#4715=FILL_AREA_STYLE_COLOUR('',#4719);
#4716=FILL_AREA_STYLE_COLOUR('',#4722);
#4717=FILL_AREA_STYLE_COLOUR('',#4719);
#4718=FILL_AREA_STYLE_COLOUR('',#4720);
#4719=COLOUR_RGB('',0.615686274509804,0.811764705882353,0.929411764705882);
#4720=COLOUR_RGB('',0.647058823529412,0.647058823529412,0.647058823529412);
#4721=COLOUR_RGB('',0.917647058823529,0.917647058823529,0.917647058823529);
#4722=COLOUR_RGB('',0.231372549019608,0.380392156862745,0.705882352941177);
#4723=MANIFOLD_SOLID_BREP('Part 1',#4655);
#4724=MANIFOLD_SOLID_BREP('Part 1',#4656);
#4725=MANIFOLD_SOLID_BREP('Part 1',#4657);
#4726=MANIFOLD_SOLID_BREP('Part 1',#4658);
#4727=MANIFOLD_SOLID_BREP('Part 1',#4659);
#4728=MANIFOLD_SOLID_BREP('Part 1',#4660);
#4729=MANIFOLD_SOLID_BREP('Part 1',#4661);
#4730=MANIFOLD_SOLID_BREP('Part 1',#4662);
#4731=SHAPE_DEFINITION_REPRESENTATION(#8072,#4739);
#4732=SHAPE_DEFINITION_REPRESENTATION(#8073,#4740);
#4733=SHAPE_DEFINITION_REPRESENTATION(#8074,#4741);
#4734=SHAPE_DEFINITION_REPRESENTATION(#8075,#4742);
#4735=SHAPE_DEFINITION_REPRESENTATION(#8076,#4743);
#4736=SHAPE_DEFINITION_REPRESENTATION(#8077,#4744);
#4737=SHAPE_DEFINITION_REPRESENTATION(#8078,#4745);
#4738=SHAPE_DEFINITION_REPRESENTATION(#8079,#4746);
#4739=SHAPE_REPRESENTATION('Part 1',(#4747),#8032);
#4740=SHAPE_REPRESENTATION('Part 1',(#4809),#8033);
#4741=SHAPE_REPRESENTATION('Part 1',(#4839),#8034);
#4742=SHAPE_REPRESENTATION('Part 1',(#4859),#8035);
#4743=SHAPE_REPRESENTATION('Part 1',(#4902),#8036);
#4744=SHAPE_REPRESENTATION('Part 1',(#4964),#8037);
#4745=SHAPE_REPRESENTATION('Part 1',(#5022),#8038);
#4746=SHAPE_REPRESENTATION('Part 1',(#5065),#8039);
#4747=AXIS2_PLACEMENT_3D('',#6335,#5095,#5096);
#4748=AXIS2_PLACEMENT_3D('',#6336,#5097,#5098);
#4749=AXIS2_PLACEMENT_3D('',#6353,#5107,#5108);
#4750=AXIS2_PLACEMENT_3D('',#6363,#5114,#5115);
#4751=AXIS2_PLACEMENT_3D('',#6405,#5137,#5138);
#4752=AXIS2_PLACEMENT_3D('',#6411,#5142,#5143);
#4753=AXIS2_PLACEMENT_3D('',#6414,#5146,#5147);
#4754=AXIS2_PLACEMENT_3D('',#6426,#5154,#5155);
#4755=AXIS2_PLACEMENT_3D('',#6432,#5159,#5160);
#4756=AXIS2_PLACEMENT_3D('',#6450,#5170,#5171);
#4757=AXIS2_PLACEMENT_3D('',#6462,#5179,#5180);
#4758=AXIS2_PLACEMENT_3D('',#6466,#5183,#5184);
#4759=AXIS2_PLACEMENT_3D('',#6470,#5187,#5188);
#4760=AXIS2_PLACEMENT_3D('',#6472,#5190,#5191);
#4761=AXIS2_PLACEMENT_3D('',#6473,#5192,#5193);
#4762=AXIS2_PLACEMENT_3D('',#6477,#5196,#5197);
#4763=AXIS2_PLACEMENT_3D('',#6481,#5200,#5201);
#4764=AXIS2_PLACEMENT_3D('',#6483,#5203,#5204);
#4765=AXIS2_PLACEMENT_3D('',#6484,#5205,#5206);
#4766=AXIS2_PLACEMENT_3D('',#6493,#5211,#5212);
#4767=AXIS2_PLACEMENT_3D('',#6502,#5218,#5219);
#4768=AXIS2_PLACEMENT_3D('',#6508,#5223,#5224);
#4769=AXIS2_PLACEMENT_3D('',#6514,#5229,#5230);
#4770=AXIS2_PLACEMENT_3D('',#6516,#5232,#5233);
#4771=AXIS2_PLACEMENT_3D('',#6517,#5234,#5235);
#4772=AXIS2_PLACEMENT_3D('',#6518,#5236,#5237);
#4773=AXIS2_PLACEMENT_3D('',#6519,#5238,#5239);
#4774=AXIS2_PLACEMENT_3D('',#6520,#5240,#5241);
#4775=AXIS2_PLACEMENT_3D('',#6524,#5243,#5244);
#4776=AXIS2_PLACEMENT_3D('',#6525,#5245,#5246);
#4777=AXIS2_PLACEMENT_3D('',#6526,#5247,#5248);
#4778=AXIS2_PLACEMENT_3D('',#6530,#5250,#5251);
#4779=AXIS2_PLACEMENT_3D('',#6531,#5252,#5253);
#4780=AXIS2_PLACEMENT_3D('',#6533,#5255,#5256);
#4781=AXIS2_PLACEMENT_3D('',#6535,#5258,#5259);
#4782=AXIS2_PLACEMENT_3D('',#6536,#5260,#5261);
#4783=AXIS2_PLACEMENT_3D('',#6537,#5262,#5263);
#4784=AXIS2_PLACEMENT_3D('',#6541,#5265,#5266);
#4785=AXIS2_PLACEMENT_3D('',#6542,#5267,#5268);
#4786=AXIS2_PLACEMENT_3D('',#6543,#5269,#5270);
#4787=AXIS2_PLACEMENT_3D('',#6547,#5272,#5273);
#4788=AXIS2_PLACEMENT_3D('',#6548,#5274,#5275);
#4789=AXIS2_PLACEMENT_3D('',#6550,#5277,#5278);
#4790=AXIS2_PLACEMENT_3D('',#6552,#5280,#5281);
#4791=AXIS2_PLACEMENT_3D('',#6553,#5282,#5283);
#4792=AXIS2_PLACEMENT_3D('',#6562,#5288,#5289);
#4793=AXIS2_PLACEMENT_3D('',#6568,#5293,#5294);
#4794=AXIS2_PLACEMENT_3D('',#6572,#5297,#5298);
#4795=AXIS2_PLACEMENT_3D('',#6576,#5301,#5302);
#4796=AXIS2_PLACEMENT_3D('',#6578,#5304,#5305);
#4797=AXIS2_PLACEMENT_3D('',#6579,#5306,#5307);
#4798=AXIS2_PLACEMENT_3D('',#6585,#5311,#5312);
#4799=AXIS2_PLACEMENT_3D('',#6589,#5315,#5316);
#4800=AXIS2_PLACEMENT_3D('',#6593,#5319,#5320);
#4801=AXIS2_PLACEMENT_3D('',#6595,#5322,#5323);
#4802=AXIS2_PLACEMENT_3D('',#6596,#5324,#5325);
#4803=AXIS2_PLACEMENT_3D('',#6602,#5329,#5330);
#4804=AXIS2_PLACEMENT_3D('',#6605,#5333,#5334);
#4805=AXIS2_PLACEMENT_3D('',#6609,#5337,#5338);
#4806=AXIS2_PLACEMENT_3D('',#6611,#5340,#5341);
#4807=AXIS2_PLACEMENT_3D('',#6612,#5342,#5343);
#4808=AXIS2_PLACEMENT_3D('',#6614,#5345,#5346);
#4809=AXIS2_PLACEMENT_3D('',#6615,#5347,#5348);
#4810=AXIS2_PLACEMENT_3D('',#6616,#5349,#5350);
#4811=AXIS2_PLACEMENT_3D('',#6633,#5359,#5360);
#4812=AXIS2_PLACEMENT_3D('',#6634,#5361,#5362);
#4813=AXIS2_PLACEMENT_3D('',#6639,#5364,#5365);
#4814=AXIS2_PLACEMENT_3D('',#6642,#5367,#5368);
#4815=AXIS2_PLACEMENT_3D('',#6643,#5369,#5370);
#4816=AXIS2_PLACEMENT_3D('',#6645,#5371,#5372);
#4817=AXIS2_PLACEMENT_3D('',#6647,#5373,#5374);
#4818=AXIS2_PLACEMENT_3D('',#6653,#5378,#5379);
#4819=AXIS2_PLACEMENT_3D('',#6654,#5380,#5381);
#4820=AXIS2_PLACEMENT_3D('',#6659,#5383,#5384);
#4821=AXIS2_PLACEMENT_3D('',#6668,#5389,#5390);
#4822=AXIS2_PLACEMENT_3D('',#6674,#5394,#5395);
#4823=AXIS2_PLACEMENT_3D('',#6679,#5399,#5400);
#4824=AXIS2_PLACEMENT_3D('',#6683,#5403,#5404);
#4825=AXIS2_PLACEMENT_3D('',#6689,#5408,#5409);
#4826=AXIS2_PLACEMENT_3D('',#6690,#5410,#5411);
#4827=AXIS2_PLACEMENT_3D('',#6693,#5413,#5414);
#4828=AXIS2_PLACEMENT_3D('',#6697,#5417,#5418);
#4829=AXIS2_PLACEMENT_3D('',#6698,#5419,#5420);
#4830=AXIS2_PLACEMENT_3D('',#6700,#5421,#5422);
#4831=AXIS2_PLACEMENT_3D('',#6703,#5425,#5426);
#4832=AXIS2_PLACEMENT_3D('',#6705,#5428,#5429);
#4833=AXIS2_PLACEMENT_3D('',#6707,#5431,#5432);
#4834=AXIS2_PLACEMENT_3D('',#6708,#5433,#5434);
#4835=AXIS2_PLACEMENT_3D('',#6714,#5438,#5439);
#4836=AXIS2_PLACEMENT_3D('',#6718,#5442,#5443);
#4837=AXIS2_PLACEMENT_3D('',#6722,#5446,#5447);
#4838=AXIS2_PLACEMENT_3D('',#6724,#5449,#5450);
#4839=AXIS2_PLACEMENT_3D('',#6725,#5451,#5452);
#4840=AXIS2_PLACEMENT_3D('',#6726,#5453,#5454);
#4841=AXIS2_PLACEMENT_3D('',#6739,#5455,#5456);
#4842=AXIS2_PLACEMENT_3D('',#6741,#5457,#5458);
#4843=AXIS2_PLACEMENT_3D('',#6742,#5459,#5460);
#4844=AXIS2_PLACEMENT_3D('',#6744,#5461,#5462);
#4845=AXIS2_PLACEMENT_3D('',#6909,#5463,#5464);
#4846=AXIS2_PLACEMENT_3D('',#6910,#5465,#5466);
#4847=AXIS2_PLACEMENT_3D('',#6912,#5467,#5468);
#4848=AXIS2_PLACEMENT_3D('',#6913,#5469,#5470);
#4849=AXIS2_PLACEMENT_3D('',#6915,#5471,#5472);
#4850=AXIS2_PLACEMENT_3D('',#6916,#5473,#5474);
#4851=AXIS2_PLACEMENT_3D('',#6918,#5475,#5476);
#4852=AXIS2_PLACEMENT_3D('',#6919,#5477,#5478);
#4853=AXIS2_PLACEMENT_3D('',#6921,#5479,#5480);
#4854=AXIS2_PLACEMENT_3D('',#6934,#5481,#5482);
#4855=AXIS2_PLACEMENT_3D('',#6947,#5483,#5484);
#4856=AXIS2_PLACEMENT_3D('',#6948,#5485,#5486);
#4857=AXIS2_PLACEMENT_3D('',#6949,#5487,#5488);
#4858=AXIS2_PLACEMENT_3D('',#6950,#5489,#5490);
#4859=AXIS2_PLACEMENT_3D('',#6951,#5491,#5492);
#4860=AXIS2_PLACEMENT_3D('',#6952,#5493,#5494);
#4861=AXIS2_PLACEMENT_3D('',#6969,#5503,#5504);
#4862=AXIS2_PLACEMENT_3D('',#6978,#5509,#5510);
#4863=AXIS2_PLACEMENT_3D('',#6987,#5515,#5516);
#4864=AXIS2_PLACEMENT_3D('',#6996,#5521,#5522);
#4865=AXIS2_PLACEMENT_3D('',#7005,#5527,#5528);
#4866=AXIS2_PLACEMENT_3D('',#7006,#5529,#5530);
#4867=AXIS2_PLACEMENT_3D('',#7008,#5531,#5532);
#4868=AXIS2_PLACEMENT_3D('',#7011,#5534,#5535);
#4869=AXIS2_PLACEMENT_3D('',#7012,#5536,#5537);
#4870=AXIS2_PLACEMENT_3D('',#7015,#5539,#5540);
#4871=AXIS2_PLACEMENT_3D('',#7018,#5542,#5543);
#4872=AXIS2_PLACEMENT_3D('',#7019,#5544,#5545);
#4873=AXIS2_PLACEMENT_3D('',#7021,#5547,#5548);
#4874=AXIS2_PLACEMENT_3D('',#7022,#5549,#5550);
#4875=AXIS2_PLACEMENT_3D('',#7024,#5551,#5552);
#4876=AXIS2_PLACEMENT_3D('',#7027,#5554,#5555);
#4877=AXIS2_PLACEMENT_3D('',#7028,#5556,#5557);
#4878=AXIS2_PLACEMENT_3D('',#7031,#5559,#5560);
#4879=AXIS2_PLACEMENT_3D('',#7034,#5562,#5563);
#4880=AXIS2_PLACEMENT_3D('',#7035,#5564,#5565);
#4881=AXIS2_PLACEMENT_3D('',#7037,#5567,#5568);
#4882=AXIS2_PLACEMENT_3D('',#7054,#5577,#5578);
#4883=AXIS2_PLACEMENT_3D('',#7060,#5582,#5583);
#4884=AXIS2_PLACEMENT_3D('',#7064,#5586,#5587);
#4885=AXIS2_PLACEMENT_3D('',#7068,#5590,#5591);
#4886=AXIS2_PLACEMENT_3D('',#7074,#5595,#5596);
#4887=AXIS2_PLACEMENT_3D('',#7078,#5599,#5600);
#4888=AXIS2_PLACEMENT_3D('',#7082,#5603,#5604);
#4889=AXIS2_PLACEMENT_3D('',#7087,#5609,#5610);
#4890=AXIS2_PLACEMENT_3D('',#7090,#5613,#5614);
#4891=AXIS2_PLACEMENT_3D('',#7091,#5615,#5616);
#4892=AXIS2_PLACEMENT_3D('',#7092,#5617,#5618);
#4893=AXIS2_PLACEMENT_3D('',#7098,#5622,#5623);
#4894=AXIS2_PLACEMENT_3D('',#7102,#5626,#5627);
#4895=AXIS2_PLACEMENT_3D('',#7106,#5630,#5631);
#4896=AXIS2_PLACEMENT_3D('',#7108,#5633,#5634);
#4897=AXIS2_PLACEMENT_3D('',#7109,#5635,#5636);
#4898=AXIS2_PLACEMENT_3D('',#7115,#5640,#5641);
#4899=AXIS2_PLACEMENT_3D('',#7119,#5644,#5645);
#4900=AXIS2_PLACEMENT_3D('',#7123,#5648,#5649);
#4901=AXIS2_PLACEMENT_3D('',#7125,#5651,#5652);
#4902=AXIS2_PLACEMENT_3D('',#7126,#5653,#5654);
#4903=AXIS2_PLACEMENT_3D('',#7127,#5655,#5656);
#4904=AXIS2_PLACEMENT_3D('',#7144,#5665,#5666);
#4905=AXIS2_PLACEMENT_3D('',#7154,#5672,#5673);
#4906=AXIS2_PLACEMENT_3D('',#7196,#5695,#5696);
#4907=AXIS2_PLACEMENT_3D('',#7202,#5700,#5701);
#4908=AXIS2_PLACEMENT_3D('',#7205,#5704,#5705);
#4909=AXIS2_PLACEMENT_3D('',#7217,#5712,#5713);
#4910=AXIS2_PLACEMENT_3D('',#7223,#5717,#5718);
#4911=AXIS2_PLACEMENT_3D('',#7241,#5728,#5729);
#4912=AXIS2_PLACEMENT_3D('',#7253,#5737,#5738);
#4913=AXIS2_PLACEMENT_3D('',#7257,#5741,#5742);
#4914=AXIS2_PLACEMENT_3D('',#7261,#5745,#5746);
#4915=AXIS2_PLACEMENT_3D('',#7263,#5748,#5749);
#4916=AXIS2_PLACEMENT_3D('',#7264,#5750,#5751);
#4917=AXIS2_PLACEMENT_3D('',#7268,#5754,#5755);
#4918=AXIS2_PLACEMENT_3D('',#7272,#5758,#5759);
#4919=AXIS2_PLACEMENT_3D('',#7274,#5761,#5762);
#4920=AXIS2_PLACEMENT_3D('',#7275,#5763,#5764);
#4921=AXIS2_PLACEMENT_3D('',#7284,#5769,#5770);
#4922=AXIS2_PLACEMENT_3D('',#7293,#5776,#5777);
#4923=AXIS2_PLACEMENT_3D('',#7299,#5781,#5782);
#4924=AXIS2_PLACEMENT_3D('',#7305,#5787,#5788);
#4925=AXIS2_PLACEMENT_3D('',#7307,#5790,#5791);
#4926=AXIS2_PLACEMENT_3D('',#7308,#5792,#5793);
#4927=AXIS2_PLACEMENT_3D('',#7309,#5794,#5795);
#4928=AXIS2_PLACEMENT_3D('',#7310,#5796,#5797);
#4929=AXIS2_PLACEMENT_3D('',#7311,#5798,#5799);
#4930=AXIS2_PLACEMENT_3D('',#7315,#5801,#5802);
#4931=AXIS2_PLACEMENT_3D('',#7316,#5803,#5804);
#4932=AXIS2_PLACEMENT_3D('',#7317,#5805,#5806);
#4933=AXIS2_PLACEMENT_3D('',#7319,#5807,#5808);
#4934=AXIS2_PLACEMENT_3D('',#7322,#5810,#5811);
#4935=AXIS2_PLACEMENT_3D('',#7324,#5813,#5814);
#4936=AXIS2_PLACEMENT_3D('',#7326,#5816,#5817);
#4937=AXIS2_PLACEMENT_3D('',#7327,#5818,#5819);
#4938=AXIS2_PLACEMENT_3D('',#7328,#5820,#5821);
#4939=AXIS2_PLACEMENT_3D('',#7332,#5823,#5824);
#4940=AXIS2_PLACEMENT_3D('',#7333,#5825,#5826);
#4941=AXIS2_PLACEMENT_3D('',#7334,#5827,#5828);
#4942=AXIS2_PLACEMENT_3D('',#7336,#5829,#5830);
#4943=AXIS2_PLACEMENT_3D('',#7339,#5832,#5833);
#4944=AXIS2_PLACEMENT_3D('',#7341,#5835,#5836);
#4945=AXIS2_PLACEMENT_3D('',#7343,#5838,#5839);
#4946=AXIS2_PLACEMENT_3D('',#7344,#5840,#5841);
#4947=AXIS2_PLACEMENT_3D('',#7353,#5846,#5847);
#4948=AXIS2_PLACEMENT_3D('',#7359,#5851,#5852);
#4949=AXIS2_PLACEMENT_3D('',#7363,#5855,#5856);
#4950=AXIS2_PLACEMENT_3D('',#7367,#5859,#5860);
#4951=AXIS2_PLACEMENT_3D('',#7369,#5862,#5863);
#4952=AXIS2_PLACEMENT_3D('',#7370,#5864,#5865);
#4953=AXIS2_PLACEMENT_3D('',#7376,#5869,#5870);
#4954=AXIS2_PLACEMENT_3D('',#7380,#5873,#5874);
#4955=AXIS2_PLACEMENT_3D('',#7384,#5877,#5878);
#4956=AXIS2_PLACEMENT_3D('',#7386,#5880,#5881);
#4957=AXIS2_PLACEMENT_3D('',#7387,#5882,#5883);
#4958=AXIS2_PLACEMENT_3D('',#7393,#5887,#5888);
#4959=AXIS2_PLACEMENT_3D('',#7396,#5891,#5892);
#4960=AXIS2_PLACEMENT_3D('',#7400,#5895,#5896);
#4961=AXIS2_PLACEMENT_3D('',#7402,#5898,#5899);
#4962=AXIS2_PLACEMENT_3D('',#7403,#5900,#5901);
#4963=AXIS2_PLACEMENT_3D('',#7405,#5903,#5904);
#4964=AXIS2_PLACEMENT_3D('',#7406,#5905,#5906);
#4965=AXIS2_PLACEMENT_3D('',#7407,#5907,#5908);
#4966=AXIS2_PLACEMENT_3D('',#7411,#5910,#5911);
#4967=AXIS2_PLACEMENT_3D('',#7415,#5913,#5914);
#4968=AXIS2_PLACEMENT_3D('',#7416,#5915,#5916);
#4969=AXIS2_PLACEMENT_3D('',#7420,#5918,#5919);
#4970=AXIS2_PLACEMENT_3D('',#7424,#5921,#5922);
#4971=AXIS2_PLACEMENT_3D('',#7425,#5923,#5924);
#4972=AXIS2_PLACEMENT_3D('',#7431,#5928,#5929);
#4973=AXIS2_PLACEMENT_3D('',#7437,#5933,#5934);
#4974=AXIS2_PLACEMENT_3D('',#7438,#5935,#5936);
#4975=AXIS2_PLACEMENT_3D('',#7442,#5938,#5939);
#4976=AXIS2_PLACEMENT_3D('',#7443,#5940,#5941);
#4977=AXIS2_PLACEMENT_3D('',#7446,#5943,#5944);
#4978=AXIS2_PLACEMENT_3D('',#7450,#5946,#5947);
#4979=AXIS2_PLACEMENT_3D('',#7454,#5949,#5950);
#4980=AXIS2_PLACEMENT_3D('',#7458,#5952,#5953);
#4981=AXIS2_PLACEMENT_3D('',#7463,#5956,#5957);
#4982=AXIS2_PLACEMENT_3D('',#7467,#5959,#5960);
#4983=AXIS2_PLACEMENT_3D('',#7471,#5962,#5963);
#4984=AXIS2_PLACEMENT_3D('',#7475,#5965,#5966);
#4985=AXIS2_PLACEMENT_3D('',#7479,#5968,#5969);
#4986=AXIS2_PLACEMENT_3D('',#7480,#5970,#5971);
#4987=AXIS2_PLACEMENT_3D('',#7482,#5972,#5973);
#4988=AXIS2_PLACEMENT_3D('',#7495,#5974,#5975);
#4989=AXIS2_PLACEMENT_3D('',#7497,#5976,#5977);
#4990=AXIS2_PLACEMENT_3D('',#7498,#5978,#5979);
#4991=AXIS2_PLACEMENT_3D('',#7500,#5980,#5981);
#4992=AXIS2_PLACEMENT_3D('',#7665,#5982,#5983);
#4993=AXIS2_PLACEMENT_3D('',#7669,#5985,#5986);
#4994=AXIS2_PLACEMENT_3D('',#7672,#5988,#5989);
#4995=AXIS2_PLACEMENT_3D('',#7676,#5991,#5992);
#4996=AXIS2_PLACEMENT_3D('',#7680,#5994,#5995);
#4997=AXIS2_PLACEMENT_3D('',#7684,#5997,#5998);
#4998=AXIS2_PLACEMENT_3D('',#7688,#6000,#6001);
#4999=AXIS2_PLACEMENT_3D('',#7693,#6004,#6005);
#5000=AXIS2_PLACEMENT_3D('',#7697,#6007,#6008);
#5001=AXIS2_PLACEMENT_3D('',#7701,#6010,#6011);
#5002=AXIS2_PLACEMENT_3D('',#7702,#6012,#6013);
#5003=AXIS2_PLACEMENT_3D('',#7704,#6015,#6016);
#5004=AXIS2_PLACEMENT_3D('',#7705,#6017,#6018);
#5005=AXIS2_PLACEMENT_3D('',#7707,#6020,#6021);
#5006=AXIS2_PLACEMENT_3D('',#7709,#6023,#6024);
#5007=AXIS2_PLACEMENT_3D('',#7711,#6026,#6027);
#5008=AXIS2_PLACEMENT_3D('',#7713,#6029,#6030);
#5009=AXIS2_PLACEMENT_3D('',#7715,#6032,#6033);
#5010=AXIS2_PLACEMENT_3D('',#7717,#6035,#6036);
#5011=AXIS2_PLACEMENT_3D('',#7719,#6038,#6039);
#5012=AXIS2_PLACEMENT_3D('',#7721,#6041,#6042);
#5013=AXIS2_PLACEMENT_3D('',#7723,#6044,#6045);
#5014=AXIS2_PLACEMENT_3D('',#7725,#6047,#6048);
#5015=AXIS2_PLACEMENT_3D('',#7727,#6050,#6051);
#5016=AXIS2_PLACEMENT_3D('',#7729,#6053,#6054);
#5017=AXIS2_PLACEMENT_3D('',#7731,#6056,#6057);
#5018=AXIS2_PLACEMENT_3D('',#7733,#6059,#6060);
#5019=AXIS2_PLACEMENT_3D('',#7735,#6062,#6063);
#5020=AXIS2_PLACEMENT_3D('',#7737,#6065,#6066);
#5021=AXIS2_PLACEMENT_3D('',#7738,#6067,#6068);
#5022=AXIS2_PLACEMENT_3D('',#7739,#6069,#6070);
#5023=AXIS2_PLACEMENT_3D('',#7740,#6071,#6072);
#5024=AXIS2_PLACEMENT_3D('',#7757,#6081,#6082);
#5025=AXIS2_PLACEMENT_3D('',#7766,#6087,#6088);
#5026=AXIS2_PLACEMENT_3D('',#7775,#6093,#6094);
#5027=AXIS2_PLACEMENT_3D('',#7784,#6099,#6100);
#5028=AXIS2_PLACEMENT_3D('',#7793,#6105,#6106);
#5029=AXIS2_PLACEMENT_3D('',#7794,#6107,#6108);
#5030=AXIS2_PLACEMENT_3D('',#7798,#6110,#6111);
#5031=AXIS2_PLACEMENT_3D('',#7799,#6112,#6113);
#5032=AXIS2_PLACEMENT_3D('',#7802,#6115,#6116);
#5033=AXIS2_PLACEMENT_3D('',#7803,#6117,#6118);
#5034=AXIS2_PLACEMENT_3D('',#7806,#6120,#6121);
#5035=AXIS2_PLACEMENT_3D('',#7807,#6122,#6123);
#5036=AXIS2_PLACEMENT_3D('',#7809,#6125,#6126);
#5037=AXIS2_PLACEMENT_3D('',#7810,#6127,#6128);
#5038=AXIS2_PLACEMENT_3D('',#7814,#6130,#6131);
#5039=AXIS2_PLACEMENT_3D('',#7815,#6132,#6133);
#5040=AXIS2_PLACEMENT_3D('',#7818,#6135,#6136);
#5041=AXIS2_PLACEMENT_3D('',#7819,#6137,#6138);
#5042=AXIS2_PLACEMENT_3D('',#7822,#6140,#6141);
#5043=AXIS2_PLACEMENT_3D('',#7823,#6142,#6143);
#5044=AXIS2_PLACEMENT_3D('',#7825,#6145,#6146);
#5045=AXIS2_PLACEMENT_3D('',#7842,#6155,#6156);
#5046=AXIS2_PLACEMENT_3D('',#7848,#6160,#6161);
#5047=AXIS2_PLACEMENT_3D('',#7852,#6164,#6165);
#5048=AXIS2_PLACEMENT_3D('',#7856,#6168,#6169);
#5049=AXIS2_PLACEMENT_3D('',#7862,#6173,#6174);
#5050=AXIS2_PLACEMENT_3D('',#7866,#6177,#6178);
#5051=AXIS2_PLACEMENT_3D('',#7870,#6181,#6182);
#5052=AXIS2_PLACEMENT_3D('',#7875,#6187,#6188);
#5053=AXIS2_PLACEMENT_3D('',#7878,#6191,#6192);
#5054=AXIS2_PLACEMENT_3D('',#7879,#6193,#6194);
#5055=AXIS2_PLACEMENT_3D('',#7880,#6195,#6196);
#5056=AXIS2_PLACEMENT_3D('',#7886,#6200,#6201);
#5057=AXIS2_PLACEMENT_3D('',#7890,#6204,#6205);
#5058=AXIS2_PLACEMENT_3D('',#7894,#6208,#6209);
#5059=AXIS2_PLACEMENT_3D('',#7896,#6211,#6212);
#5060=AXIS2_PLACEMENT_3D('',#7897,#6213,#6214);
#5061=AXIS2_PLACEMENT_3D('',#7903,#6218,#6219);
#5062=AXIS2_PLACEMENT_3D('',#7907,#6222,#6223);
#5063=AXIS2_PLACEMENT_3D('',#7911,#6226,#6227);
#5064=AXIS2_PLACEMENT_3D('',#7913,#6229,#6230);
#5065=AXIS2_PLACEMENT_3D('',#7914,#6231,#6232);
#5066=AXIS2_PLACEMENT_3D('',#7915,#6233,#6234);
#5067=AXIS2_PLACEMENT_3D('',#7932,#6243,#6244);
#5068=AXIS2_PLACEMENT_3D('',#7933,#6245,#6246);
#5069=AXIS2_PLACEMENT_3D('',#7938,#6248,#6249);
#5070=AXIS2_PLACEMENT_3D('',#7941,#6251,#6252);
#5071=AXIS2_PLACEMENT_3D('',#7942,#6253,#6254);
#5072=AXIS2_PLACEMENT_3D('',#7944,#6255,#6256);
#5073=AXIS2_PLACEMENT_3D('',#7946,#6257,#6258);
#5074=AXIS2_PLACEMENT_3D('',#7952,#6262,#6263);
#5075=AXIS2_PLACEMENT_3D('',#7953,#6264,#6265);
#5076=AXIS2_PLACEMENT_3D('',#7966,#6271,#6272);
#5077=AXIS2_PLACEMENT_3D('',#7967,#6273,#6274);
#5078=AXIS2_PLACEMENT_3D('',#7973,#6278,#6279);
#5079=AXIS2_PLACEMENT_3D('',#7978,#6283,#6284);
#5080=AXIS2_PLACEMENT_3D('',#7982,#6287,#6288);
#5081=AXIS2_PLACEMENT_3D('',#7988,#6292,#6293);
#5082=AXIS2_PLACEMENT_3D('',#7989,#6294,#6295);
#5083=AXIS2_PLACEMENT_3D('',#7992,#6297,#6298);
#5084=AXIS2_PLACEMENT_3D('',#7996,#6301,#6302);
#5085=AXIS2_PLACEMENT_3D('',#7997,#6303,#6304);
#5086=AXIS2_PLACEMENT_3D('',#7999,#6305,#6306);
#5087=AXIS2_PLACEMENT_3D('',#8002,#6309,#6310);
#5088=AXIS2_PLACEMENT_3D('',#8004,#6312,#6313);
#5089=AXIS2_PLACEMENT_3D('',#8006,#6315,#6316);
#5090=AXIS2_PLACEMENT_3D('',#8007,#6317,#6318);
#5091=AXIS2_PLACEMENT_3D('',#8013,#6322,#6323);
#5092=AXIS2_PLACEMENT_3D('',#8017,#6326,#6327);
#5093=AXIS2_PLACEMENT_3D('',#8021,#6330,#6331);
#5094=AXIS2_PLACEMENT_3D('',#8023,#6333,#6334);
#5095=DIRECTION('',(0.,0.,1.));
#5096=DIRECTION('',(1.,0.,0.));
#5097=DIRECTION('',(-1.22464679914735E-16,1.,6.12323399573677E-17));
#5098=DIRECTION('',(-1.,-1.22464679914735E-16,-7.49879891330929E-33));
#5099=DIRECTION('',(1.,1.22464679914735E-16,7.49879891330929E-33));
#5100=DIRECTION('',(0.707106781186548,1.29893408435324E-16,-0.707106781186548));
#5101=DIRECTION('',(0.,-6.12323399573677E-17,1.));
#5102=DIRECTION('',(-1.,-1.22464679914735E-16,-7.49879891330929E-33));
#5103=DIRECTION('',(0.,-6.12323399573677E-17,1.));
#5104=DIRECTION('',(-1.,-1.22464679914735E-16,-7.49879891330929E-33));
#5105=DIRECTION('',(0.,-6.12323399573677E-17,1.));
#5106=DIRECTION('',(0.707106781186548,1.29893408435324E-16,-0.707106781186548));
#5107=DIRECTION('',(1.,1.22464679914735E-16,7.49879891330929E-33));
#5108=DIRECTION('',(-1.22464679914735E-16,1.,6.12323399573677E-17));
#5109=DIRECTION('',(1.22464679914735E-16,-1.,-6.12323399573677E-17));
#5110=DIRECTION('',(0.,-6.12323399573677E-17,1.));
#5111=DIRECTION('',(1.22464679914735E-16,-1.,-6.12323399573677E-17));
#5112=DIRECTION('',(0.,6.12323399573677E-17,-1.));
#5113=DIRECTION('',(-1.22464679914735E-16,1.,6.12323399573677E-17));
#5114=DIRECTION('',(0.,-6.12323399573677E-17,1.));
#5115=DIRECTION('',(-1.22464679914735E-16,1.,6.12323399573677E-17));
#5116=DIRECTION('',(-1.22464679914735E-16,1.,6.12323399573677E-17));
#5117=DIRECTION('',(1.,1.22464679914735E-16,7.49879891330929E-33));
#5118=DIRECTION('',(-1.22464679914735E-16,1.,6.12323399573677E-17));
#5119=DIRECTION('',(-1.,-1.22464679914735E-16,-7.49879891330929E-33));
#5120=DIRECTION('',(0.707106781186548,-0.707106781186548,-4.32978028117747E-17));
#5121=DIRECTION('',(1.,1.22464679914735E-16,7.49879891330929E-33));
#5122=DIRECTION('',(0.707106781186548,-0.707106781186548,-4.32978028117747E-17));
#5123=DIRECTION('',(1.22464679914735E-16,-1.,-6.12323399573677E-17));
#5124=DIRECTION('',(-1.,-1.22464679914735E-16,-7.49879891330929E-33));
#5125=DIRECTION('',(-1.22464679914735E-16,1.,6.12323399573677E-17));
#5126=DIRECTION('',(-1.,-1.22464679914735E-16,-7.49879891330929E-33));
#5127=DIRECTION('',(-1.22464679914735E-16,1.,6.12323399573677E-17));
#5128=DIRECTION('',(-1.,-1.22464679914735E-16,-7.49879891330929E-33));
#5129=DIRECTION('',(-1.22464679914735E-16,1.,6.12323399573677E-17));
#5130=DIRECTION('',(-1.,-1.22464679914735E-16,-7.49879891330929E-33));
#5131=DIRECTION('',(-1.22464679914735E-16,1.,6.12323399573677E-17));
#5132=DIRECTION('',(-1.,-1.22464679914735E-16,-7.49879891330929E-33));
#5133=DIRECTION('',(-1.22464679914735E-16,1.,6.12323399573677E-17));
#5134=DIRECTION('',(-1.,-1.22464679914735E-16,-7.49879891330929E-33));
#5135=DIRECTION('',(-1.22464679914735E-16,1.,6.12323399573677E-17));
#5136=DIRECTION('',(-1.,-1.22464679914735E-16,-7.49879891330929E-33));
#5137=DIRECTION('',(1.22464679914735E-16,-1.,-6.12323399573677E-17));
#5138=DIRECTION('',(1.,1.22464679914735E-16,7.49879891330929E-33));
#5139=DIRECTION('',(0.,6.12323399573677E-17,-1.));
#5140=DIRECTION('',(-1.,-1.22464679914735E-16,-7.49879891330929E-33));
#5141=DIRECTION('',(0.,6.12323399573677E-17,-1.));
#5142=DIRECTION('',(0.,-6.12323399573677E-17,1.));
#5143=DIRECTION('',(-1.22464679914735E-16,1.,6.12323399573677E-17));
#5144=DIRECTION('',(1.22464679914735E-16,-1.,-6.12323399573677E-17));
#5145=DIRECTION('',(1.22464679914735E-16,-1.,-6.12323399573677E-17));
#5146=DIRECTION('',(1.22464679914735E-16,-1.,-6.12323399573677E-17));
#5147=DIRECTION('',(1.,1.22464679914735E-16,7.49879891330929E-33));
#5148=DIRECTION('',(0.,-6.12323399573677E-17,1.));
#5149=DIRECTION('',(1.,1.22464679914735E-16,7.49879891330929E-33));
#5150=DIRECTION('',(0.,6.12323399573677E-17,-1.));
#5151=DIRECTION('',(-1.,-1.22464679914735E-16,-7.49879891330929E-33));
#5152=DIRECTION('',(0.,6.12323399573677E-17,-1.));
#5153=DIRECTION('',(-1.,-1.22464679914735E-16,-7.49879891330929E-33));
#5154=DIRECTION('',(0.,6.12323399573677E-17,-1.));
#5155=DIRECTION('',(1.22464679914735E-16,-1.,-6.12323399573677E-17));
#5156=DIRECTION('',(1.,1.22464679914735E-16,7.49879891330929E-33));
#5157=DIRECTION('',(-1.22464679914735E-16,1.,6.12323399573677E-17));
#5158=DIRECTION('',(-1.22464679914735E-16,1.,6.12323399573677E-17));
#5159=DIRECTION('',(1.,1.22464679914735E-16,7.49879891330929E-33));
#5160=DIRECTION('',(-1.22464679914735E-16,1.,6.12323399573677E-17));
#5161=DIRECTION('',(0.,6.12323399573677E-17,-1.));
#5162=DIRECTION('',(-1.22464679914735E-16,1.,6.12323399573677E-17));
#5163=DIRECTION('',(0.,6.12323399573677E-17,-1.));
#5164=DIRECTION('',(-1.22464679914735E-16,1.,6.12323399573677E-17));
#5165=DIRECTION('',(0.,6.12323399573677E-17,-1.));
#5166=DIRECTION('',(-1.22464679914735E-16,1.,6.12323399573677E-17));
#5167=DIRECTION('',(0.,6.12323399573677E-17,-1.));
#5168=DIRECTION('',(-1.22464679914735E-16,1.,6.12323399573677E-17));
#5169=DIRECTION('',(0.,-6.12323399573677E-17,1.));
#5170=DIRECTION('',(-1.,-1.22464679914735E-16,-7.49879891330929E-33));
#5171=DIRECTION('',(1.22464679914735E-16,-1.,-6.12323399573677E-17));
#5172=DIRECTION('',(0.,-6.12323399573677E-17,1.));
#5173=DIRECTION('',(-1.22464679914735E-16,1.,6.12323399573677E-17));
#5174=DIRECTION('',(0.,-6.12323399573677E-17,1.));
#5175=DIRECTION('',(0.,-6.12323399573677E-17,1.));
#5176=DIRECTION('',(-1.22464679914735E-16,1.,6.12323399573677E-17));
#5177=DIRECTION('',(0.,-6.12323399573677E-17,1.));
#5178=DIRECTION('',(0.,6.12323399573677E-17,-1.));
#5179=DIRECTION('',(1.22464679914735E-16,-1.,-6.12323399573677E-17));
#5180=DIRECTION('',(1.,1.22464679914735E-16,7.49879891330929E-33));
#5181=DIRECTION('',(-1.,-1.22464679914735E-16,-7.49879891330929E-33));
#5182=DIRECTION('',(0.,-6.12323399573677E-17,1.));
#5183=DIRECTION('',(-1.,-1.22464679914735E-16,-7.49879891330929E-33));
#5184=DIRECTION('',(1.22464679914735E-16,-1.,-6.12323399573677E-17));
#5185=DIRECTION('',(-1.22464679914735E-16,1.,6.12323399573677E-17));
#5186=DIRECTION('',(0.,-6.12323399573677E-17,1.));
#5187=DIRECTION('',(1.22464679914735E-16,-1.,-6.12323399573677E-17));
#5188=DIRECTION('',(1.,1.22464679914735E-16,7.49879891330929E-33));
#5189=DIRECTION('',(-1.,-1.22464679914735E-16,-7.49879891330929E-33));
#5190=DIRECTION('',(0.,-6.12323399573677E-17,1.));
#5191=DIRECTION('',(1.,1.22464679914735E-16,7.49879891330929E-33));
#5192=DIRECTION('',(1.22464679914735E-16,-1.,-6.12323399573677E-17));
#5193=DIRECTION('',(1.,1.22464679914735E-16,7.49879891330929E-33));
#5194=DIRECTION('',(-1.,-1.22464679914735E-16,-7.49879891330929E-33));
#5195=DIRECTION('',(0.,-6.12323399573677E-17,1.));
#5196=DIRECTION('',(-1.,-1.22464679914735E-16,-7.49879891330929E-33));
#5197=DIRECTION('',(1.22464679914735E-16,-1.,-6.12323399573677E-17));
#5198=DIRECTION('',(-1.22464679914735E-16,1.,6.12323399573677E-17));
#5199=DIRECTION('',(0.,-6.12323399573677E-17,1.));
#5200=DIRECTION('',(1.22464679914735E-16,-1.,-6.12323399573677E-17));
#5201=DIRECTION('',(1.,1.22464679914735E-16,7.49879891330929E-33));
#5202=DIRECTION('',(-1.,-1.22464679914735E-16,-7.49879891330929E-33));
#5203=DIRECTION('',(0.,-6.12323399573677E-17,1.));
#5204=DIRECTION('',(1.,1.22464679914735E-16,7.49879891330929E-33));
#5205=DIRECTION('',(-1.22464679914735E-16,1.,6.12323399573677E-17));
#5206=DIRECTION('',(-1.,-1.22464679914735E-16,-7.49879891330929E-33));
#5207=DIRECTION('',(0.,-6.12323399573677E-17,1.));
#5208=DIRECTION('',(1.,1.22464679914735E-16,7.49879891330929E-33));
#5209=DIRECTION('',(0.,-6.12323399573677E-17,1.));
#5210=DIRECTION('',(-1.,-1.22464679914735E-16,-7.49879891330929E-33));
#5211=DIRECTION('',(-1.,-1.22464679914735E-16,-7.49879891330929E-33));
#5212=DIRECTION('',(1.22464679914735E-16,-1.,-6.12323399573677E-17));
#5213=DIRECTION('',(0.,-6.12323399573677E-17,1.));
#5214=DIRECTION('',(8.65956056235494E-17,-0.707106781186548,-0.707106781186548));
#5215=DIRECTION('',(-8.65956056235494E-17,0.707106781186548,-0.707106781186548));
#5216=DIRECTION('',(-8.65956056235494E-17,0.707106781186548,-0.707106781186547));
#5217=DIRECTION('',(8.65956056235494E-17,-0.707106781186548,-0.707106781186548));
#5218=DIRECTION('',(-1.22464679914735E-16,1.,6.12323399573677E-17));
#5219=DIRECTION('',(-1.,-1.22464679914735E-16,-7.49879891330929E-33));
#5220=DIRECTION('',(-1.,-1.22464679914735E-16,-7.49879891330929E-33));
#5221=DIRECTION('',(0.,-6.12323399573677E-17,1.));
#5222=DIRECTION('',(1.,1.22464679914735E-16,7.49879891330929E-33));
#5223=DIRECTION('',(-1.,-1.22464679914735E-16,-7.49879891330929E-33));
#5224=DIRECTION('',(1.22464679914735E-16,-1.,-6.12323399573677E-17));
#5225=DIRECTION('',(8.65956056235494E-17,-0.707106781186548,0.707106781186547));
#5226=DIRECTION('',(8.65956056235494E-17,-0.707106781186548,0.707106781186548));
#5227=DIRECTION('',(-8.65956056235494E-17,0.707106781186548,0.707106781186548));
#5228=DIRECTION('',(-8.65956056235494E-17,0.707106781186548,0.707106781186548));
#5229=DIRECTION('',(-8.65956056235493E-17,0.707106781186547,0.707106781186548));
#5230=DIRECTION('',(-1.,-1.22464679914735E-16,-7.49879891330929E-33));
#5231=DIRECTION('',(-1.,-1.22464679914735E-16,-7.49879891330929E-33));
#5232=DIRECTION('',(-8.65956056235493E-17,0.707106781186548,-0.707106781186547));
#5233=DIRECTION('',(1.,1.22464679914735E-16,7.49879891330929E-33));
#5234=DIRECTION('',(8.65956056235494E-17,-0.707106781186548,0.707106781186548));
#5235=DIRECTION('',(-1.,-1.22464679914735E-16,-7.49879891330929E-33));
#5236=DIRECTION('',(8.65956056235494E-17,-0.707106781186548,-0.707106781186548));
#5237=DIRECTION('',(1.,1.22464679914735E-16,7.49879891330929E-33));
#5238=DIRECTION('',(0.,6.12323399573677E-17,-1.));
#5239=DIRECTION('',(1.22464679914735E-16,-1.,-6.12323399573677E-17));
#5240=DIRECTION('',(0.,6.12323399573677E-17,-1.));
#5241=DIRECTION('',(-1.22464679914735E-16,1.,6.12323399573677E-17));
#5242=DIRECTION('',(0.,6.12323399573677E-17,-1.));
#5243=DIRECTION('',(0.,6.12323399573677E-17,-1.));
#5244=DIRECTION('',(-1.22464679914735E-16,1.,6.12323399573677E-17));
#5245=DIRECTION('',(0.,6.12323399573677E-17,-1.));
#5246=DIRECTION('',(1.22464679914735E-16,-1.,-6.12323399573677E-17));
#5247=DIRECTION('',(0.,6.12323399573677E-17,-1.));
#5248=DIRECTION('',(-1.22464679914735E-16,1.,6.12323399573677E-17));
#5249=DIRECTION('',(0.,6.12323399573677E-17,-1.));
#5250=DIRECTION('',(0.,6.12323399573677E-17,-1.));
#5251=DIRECTION('',(-1.22464679914735E-16,1.,6.12323399573677E-17));
#5252=DIRECTION('',(0.,-6.12323399573677E-17,1.));
#5253=DIRECTION('',(1.,1.22464679914735E-16,7.49879891330929E-33));
#5254=DIRECTION('',(0.333333333333321,0.942809041582068,5.77304037490332E-17));
#5255=DIRECTION('',(0.,-6.12323399573677E-17,1.));
#5256=DIRECTION('',(1.,1.22464679914735E-16,7.49879891330929E-33));
#5257=DIRECTION('',(0.333333333333321,0.942809041582068,5.77304037490332E-17));
#5258=DIRECTION('',(0.942809041582068,-0.333333333333321,-2.04107799857885E-17));
#5259=DIRECTION('',(0.333333333333321,0.942809041582068,5.77304037490332E-17));
#5260=DIRECTION('',(0.,6.12323399573677E-17,-1.));
#5261=DIRECTION('',(1.22464679914735E-16,-1.,-6.12323399573677E-17));
#5262=DIRECTION('',(0.,6.12323399573677E-17,-1.));
#5263=DIRECTION('',(-1.22464679914735E-16,1.,6.12323399573677E-17));
#5264=DIRECTION('',(0.,6.12323399573677E-17,-1.));
#5265=DIRECTION('',(0.,6.12323399573677E-17,-1.));
#5266=DIRECTION('',(-1.22464679914735E-16,1.,6.12323399573677E-17));
#5267=DIRECTION('',(0.,6.12323399573677E-17,-1.));
#5268=DIRECTION('',(1.22464679914735E-16,-1.,-6.12323399573677E-17));
#5269=DIRECTION('',(0.,6.12323399573677E-17,-1.));
#5270=DIRECTION('',(-1.22464679914735E-16,1.,6.12323399573677E-17));
#5271=DIRECTION('',(0.,6.12323399573677E-17,-1.));
#5272=DIRECTION('',(0.,6.12323399573677E-17,-1.));
#5273=DIRECTION('',(-1.22464679914735E-16,1.,6.12323399573677E-17));
#5274=DIRECTION('',(0.,-6.12323399573677E-17,1.));
#5275=DIRECTION('',(1.,1.22464679914735E-16,7.49879891330929E-33));
#5276=DIRECTION('',(0.333333333333341,0.942809041582061,5.77304037490327E-17));
#5277=DIRECTION('',(0.,-6.12323399573677E-17,1.));
#5278=DIRECTION('',(1.,1.22464679914735E-16,7.49879891330929E-33));
#5279=DIRECTION('',(0.333333333333341,0.942809041582061,5.77304037490327E-17));
#5280=DIRECTION('',(0.942809041582061,-0.333333333333341,-2.04107799857897E-17));
#5281=DIRECTION('',(0.333333333333341,0.942809041582061,5.77304037490327E-17));
#5282=DIRECTION('',(1.22464679914735E-16,-1.,-6.12323399573677E-17));
#5283=DIRECTION('',(1.,1.22464679914735E-16,7.49879891330929E-33));
#5284=DIRECTION('',(0.,6.12323399573677E-17,-1.));
#5285=DIRECTION('',(1.,1.22464679914735E-16,7.49879891330929E-33));
#5286=DIRECTION('',(0.,6.12323399573677E-17,-1.));
#5287=DIRECTION('',(1.,1.22464679914735E-16,7.49879891330929E-33));
#5288=DIRECTION('',(0.,-6.12323399573677E-17,1.));
#5289=DIRECTION('',(-1.22464679914735E-16,1.,6.12323399573677E-17));
#5290=DIRECTION('',(1.22464679914735E-16,-1.,-6.12323399573677E-17));
#5291=DIRECTION('',(1.,1.22464679914735E-16,7.49879891330929E-33));
#5292=DIRECTION('',(1.22464679914735E-16,-1.,-6.12323399573677E-17));
#5293=DIRECTION('',(1.,1.22464679914735E-16,7.49879891330929E-33));
#5294=DIRECTION('',(-1.22464679914735E-16,1.,6.12323399573677E-17));
#5295=DIRECTION('',(0.,6.12323399573677E-17,-1.));
#5296=DIRECTION('',(1.22464679914735E-16,-1.,-6.12323399573677E-17));
#5297=DIRECTION('',(0.,-6.12323399573677E-17,1.));
#5298=DIRECTION('',(-1.22464679914735E-16,1.,6.12323399573677E-17));
#5299=DIRECTION('',(1.,1.22464679914735E-16,7.49879891330929E-33));
#5300=DIRECTION('',(1.22464679914735E-16,-1.,-6.12323399573677E-17));
#5301=DIRECTION('',(1.,1.22464679914735E-16,7.49879891330929E-33));
#5302=DIRECTION('',(-1.22464679914735E-16,1.,6.12323399573677E-17));
#5303=DIRECTION('',(0.,6.12323399573677E-17,-1.));
#5304=DIRECTION('',(-1.22464679914735E-16,1.,6.12323399573677E-17));
#5305=DIRECTION('',(1.,1.22464679914735E-16,7.49879891330929E-33));
#5306=DIRECTION('',(0.,6.12323399573677E-17,-1.));
#5307=DIRECTION('',(1.22464679914735E-16,-1.,-6.12323399573677E-17));
#5308=DIRECTION('',(1.22464679914735E-16,-1.,-6.12323399573677E-17));
#5309=DIRECTION('',(-1.,-1.22464679914735E-16,-7.49879891330929E-33));
#5310=DIRECTION('',(1.22464679914735E-16,-1.,-6.12323399573677E-17));
#5311=DIRECTION('',(1.,1.22464679914735E-16,7.49879891330929E-33));
#5312=DIRECTION('',(-1.22464679914735E-16,1.,6.12323399573677E-17));
#5313=DIRECTION('',(0.,6.12323399573677E-17,-1.));
#5314=DIRECTION('',(1.22464679914735E-16,-1.,-6.12323399573677E-17));
#5315=DIRECTION('',(0.,6.12323399573677E-17,-1.));
#5316=DIRECTION('',(1.22464679914735E-16,-1.,-6.12323399573677E-17));
#5317=DIRECTION('',(-1.,-1.22464679914735E-16,-7.49879891330929E-33));
#5318=DIRECTION('',(1.22464679914735E-16,-1.,-6.12323399573677E-17));
#5319=DIRECTION('',(1.,1.22464679914735E-16,7.49879891330929E-33));
#5320=DIRECTION('',(-1.22464679914735E-16,1.,6.12323399573677E-17));
#5321=DIRECTION('',(0.,6.12323399573677E-17,-1.));
#5322=DIRECTION('',(1.22464679914735E-16,-1.,-6.12323399573677E-17));
#5323=DIRECTION('',(1.,1.22464679914735E-16,7.49879891330929E-33));
#5324=DIRECTION('',(-1.22464679914735E-16,1.,6.12323399573677E-17));
#5325=DIRECTION('',(-1.,-1.22464679914735E-16,-7.49879891330929E-33));
#5326=DIRECTION('',(1.,1.22464679914735E-16,7.49879891330929E-33));
#5327=DIRECTION('',(0.,-6.12323399573677E-17,1.));
#5328=DIRECTION('',(0.,6.12323399573677E-17,-1.));
#5329=DIRECTION('',(0.,6.12323399573677E-17,-1.));
#5330=DIRECTION('',(1.22464679914735E-16,-1.,-6.12323399573677E-17));
#5331=DIRECTION('',(1.22464679914735E-16,-1.,-6.12323399573677E-17));
#5332=DIRECTION('',(-1.22464679914735E-16,1.,6.12323399573677E-17));
#5333=DIRECTION('',(1.,1.22464679914735E-16,7.49879891330929E-33));
#5334=DIRECTION('',(0.,6.12323399573677E-17,-1.));
#5335=DIRECTION('',(0.,6.12323399573677E-17,-1.));
#5336=DIRECTION('',(-1.22464679914735E-16,1.,6.12323399573677E-17));
#5337=DIRECTION('',(0.707106781186547,0.707106781186548,4.32978028117746E-17));
#5338=DIRECTION('',(0.,-6.12323399573677E-17,1.));
#5339=DIRECTION('',(0.577350269189626,-0.577350269189626,-0.577350269189626));
#5340=DIRECTION('',(-0.707106781186548,-4.32978028117746E-17,-0.707106781186548));
#5341=DIRECTION('',(1.22464679914735E-16,-1.,-6.12323399573677E-17));
#5342=DIRECTION('',(-0.707106781186547,-0.707106781186548,-4.32978028117746E-17));
#5343=DIRECTION('',(0.,6.12323399573677E-17,-1.));
#5344=DIRECTION('',(0.577350269189626,-0.577350269189626,-0.577350269189626));
#5345=DIRECTION('',(0.707106781186548,4.32978028117746E-17,0.707106781186548));
#5346=DIRECTION('',(-1.22464679914735E-16,1.,6.12323399573677E-17));
#5347=DIRECTION('',(0.,0.,1.));
#5348=DIRECTION('',(1.,0.,0.));
#5349=DIRECTION('',(0.,0.926946813223158,0.375192757733184));
#5350=DIRECTION('',(1.,0.,0.));
#5351=DIRECTION('',(1.,0.,0.));
#5352=DIRECTION('',(0.,-0.375192757733184,0.926946813223158));
#5353=DIRECTION('',(-1.,0.,0.));
#5354=DIRECTION('',(0.,-0.375192757733184,0.926946813223158));
#5355=DIRECTION('',(-1.,0.,0.));
#5356=DIRECTION('',(0.,-0.375192757733184,0.926946813223158));
#5357=DIRECTION('',(-1.,0.,0.));
#5358=DIRECTION('',(0.,-0.375192757733184,0.926946813223158));
#5359=DIRECTION('',(-1.,0.,0.));
#5360=DIRECTION('',(0.,0.926946813223158,0.375192757733184));
#5361=DIRECTION('',(1.,0.,0.));
#5362=DIRECTION('',(0.,-0.926946813223158,-0.375192757733184));
#5363=DIRECTION('',(-1.,0.,0.));
#5364=DIRECTION('',(1.,0.,0.));
#5365=DIRECTION('',(0.,-0.926946813223158,-0.375192757733184));
#5366=DIRECTION('',(-1.,0.,0.));
#5367=DIRECTION('',(-1.,0.,0.));
#5368=DIRECTION('',(0.,0.926946813223158,0.375192757733184));
#5369=DIRECTION('',(1.,0.,0.));
#5370=DIRECTION('',(0.,-0.926946813223158,-0.375192757733184));
#5371=DIRECTION('',(-1.,0.,0.));
#5372=DIRECTION('',(0.,0.926946813223158,0.375192757733184));
#5373=DIRECTION('',(0.,-0.926946813223158,-0.375192757733185));
#5374=DIRECTION('',(0.,0.375192757733185,-0.926946813223158));
#5375=DIRECTION('',(0.,-0.375192757733185,0.926946813223158));
#5376=DIRECTION('',(0.,-0.375192757733185,0.926946813223158));
#5377=DIRECTION('',(-1.,0.,0.));
#5378=DIRECTION('',(1.,0.,0.));
#5379=DIRECTION('',(0.,0.375192757733184,-0.926946813223158));
#5380=DIRECTION('',(1.,0.,0.));
#5381=DIRECTION('',(0.,-0.926946813223158,-0.375192757733184));
#5382=DIRECTION('',(0.,-0.375192757733185,0.926946813223158));
#5383=DIRECTION('',(1.,0.,0.));
#5384=DIRECTION('',(0.,-0.926946813223158,-0.375192757733184));
#5385=DIRECTION('',(0.,0.,-1.));
#5386=DIRECTION('',(0.,-1.,2.77555756156289E-16));
#5387=DIRECTION('',(0.,-0.375192757733184,0.926946813223158));
#5388=DIRECTION('',(0.,-1.,3.88578058618805E-16));
#5389=DIRECTION('',(0.,-0.926946813223158,-0.375192757733184));
#5390=DIRECTION('',(-1.,0.,0.));
#5391=DIRECTION('',(0.,-0.375192757733184,0.926946813223158));
#5392=DIRECTION('',(-1.,0.,0.));
#5393=DIRECTION('',(-1.,0.,0.));
#5394=DIRECTION('',(1.,0.,0.));
#5395=DIRECTION('',(0.,0.375192757733184,-0.926946813223158));
#5396=DIRECTION('',(0.,0.,-1.));
#5397=DIRECTION('',(0.,-1.,3.88578058618805E-16));
#5398=DIRECTION('',(0.,-1.,2.77555756156289E-16));
#5399=DIRECTION('',(0.,-1.,0.));
#5400=DIRECTION('',(0.,0.,-1.));
#5401=DIRECTION('',(0.,5.55111512312578E-17,1.));
#5402=DIRECTION('',(-1.,0.,0.));
#5403=DIRECTION('',(0.,-0.926946813223158,-0.375192757733185));
#5404=DIRECTION('',(0.,0.375192757733185,-0.926946813223158));
#5405=DIRECTION('',(0.,-0.375192757733185,0.926946813223158));
#5406=DIRECTION('',(-1.,0.,0.));
#5407=DIRECTION('',(-1.,0.,0.));
#5408=DIRECTION('',(-1.,0.,0.));
#5409=DIRECTION('',(0.,0.926946813223158,0.375192757733184));
#5410=DIRECTION('',(1.,0.,0.));
#5411=DIRECTION('',(0.,-0.926946813223158,-0.375192757733184));
#5412=DIRECTION('',(-1.,0.,0.));
#5413=DIRECTION('',(0.,-1.,0.));
#5414=DIRECTION('',(0.,0.,-1.));
#5415=DIRECTION('',(0.,5.55111512312578E-17,1.));
#5416=DIRECTION('',(-1.,0.,0.));
#5417=DIRECTION('',(-1.,0.,0.));
#5418=DIRECTION('',(0.,0.926946813223158,0.375192757733184));
#5419=DIRECTION('',(-1.,0.,0.));
#5420=DIRECTION('',(0.,0.926946813223158,0.375192757733184));
#5421=DIRECTION('',(1.,0.,0.));
#5422=DIRECTION('',(0.,0.375192757733184,-0.926946813223158));
#5423=DIRECTION('',(0.,-1.,-5.55111512312578E-17));
#5424=DIRECTION('',(0.,1.,-1.11022302462516E-16));
#5425=DIRECTION('',(0.,1.11022302462516E-16,1.));
#5426=DIRECTION('',(0.,-1.,1.66533453693773E-16));
#5427=DIRECTION('',(0.,1.,-1.11022302462516E-16));
#5428=DIRECTION('',(0.,5.55111512312578E-17,-1.));
#5429=DIRECTION('',(0.,1.,5.55111512312578E-17));
#5430=DIRECTION('',(0.,-1.,-5.55111512312578E-17));
#5431=DIRECTION('',(1.,0.,0.));
#5432=DIRECTION('',(0.,0.375192757733184,-0.926946813223158));
#5433=DIRECTION('',(1.,0.,0.));
#5434=DIRECTION('',(0.,-0.926946813223158,-0.375192757733184));
#5435=DIRECTION('',(0.,-0.926946813223158,-0.375192757733184));
#5436=DIRECTION('',(0.,-0.375192757733184,0.926946813223158));
#5437=DIRECTION('',(0.,-0.926946813223158,-0.375192757733184));
#5438=DIRECTION('',(0.,-0.375192757733184,0.926946813223158));
#5439=DIRECTION('',(0.,-0.926946813223158,-0.375192757733184));
#5440=DIRECTION('',(0.,-0.926946813223158,-0.375192757733184));
#5441=DIRECTION('',(-1.,0.,0.));
#5442=DIRECTION('',(1.,0.,0.));
#5443=DIRECTION('',(0.,-0.926946813223158,-0.375192757733184));
#5444=DIRECTION('',(0.,-0.926946813223158,-0.375192757733184));
#5445=DIRECTION('',(0.,-0.375192757733184,0.926946813223158));
#5446=DIRECTION('',(0.,-0.375192757733184,0.926946813223158));
#5447=DIRECTION('',(0.,-0.926946813223158,-0.375192757733184));
#5448=DIRECTION('',(-1.,0.,0.));
#5449=DIRECTION('',(0.,0.926946813223158,0.375192757733184));
#5450=DIRECTION('',(1.,0.,0.));
#5451=DIRECTION('',(0.,0.,1.));
#5452=DIRECTION('',(1.,0.,0.));
#5453=DIRECTION('',(0.,0.,-1.));
#5454=DIRECTION('',(-1.,0.,0.));
#5455=DIRECTION('',(0.,0.,1.));
#5456=DIRECTION('',(1.,0.,0.));
#5457=DIRECTION('',(0.,0.,1.));
#5458=DIRECTION('',(1.,0.,0.));
#5459=DIRECTION('',(0.,0.,1.));
#5460=DIRECTION('',(1.,0.,0.));
#5461=DIRECTION('',(0.,0.,1.));
#5462=DIRECTION('',(1.,0.,0.));
#5463=DIRECTION('',(0.,0.,-1.));
#5464=DIRECTION('',(-1.,0.,0.));
#5465=DIRECTION('',(0.,0.,1.));
#5466=DIRECTION('',(1.,0.,0.));
#5467=DIRECTION('',(0.,0.,1.));
#5468=DIRECTION('',(1.,0.,0.));
#5469=DIRECTION('',(0.,0.,1.));
#5470=DIRECTION('',(1.,0.,0.));
#5471=DIRECTION('',(1.,0.,0.));
#5472=DIRECTION('',(0.,1.,0.));
#5473=DIRECTION('',(1.,0.,0.));
#5474=DIRECTION('',(0.,0.,-1.));
#5475=DIRECTION('',(1.,0.,0.));
#5476=DIRECTION('',(0.,1.,0.));
#5477=DIRECTION('',(1.,0.,0.));
#5478=DIRECTION('',(0.,0.,-1.));
#5479=DIRECTION('',(-1.,0.,0.));
#5480=DIRECTION('',(0.,0.,1.));
#5481=DIRECTION('',(-1.,0.,0.));
#5482=DIRECTION('',(0.,0.,1.));
#5483=DIRECTION('',(0.,0.,1.));
#5484=DIRECTION('',(1.,0.,0.));
#5485=DIRECTION('',(0.,0.,1.));
#5486=DIRECTION('',(1.,0.,0.));
#5487=DIRECTION('',(0.,0.,1.));
#5488=DIRECTION('',(1.,0.,0.));
#5489=DIRECTION('',(0.,0.,-1.));
#5490=DIRECTION('',(-1.,0.,0.));
#5491=DIRECTION('',(0.,0.,1.));
#5492=DIRECTION('',(1.,0.,0.));
#5493=DIRECTION('',(0.,1.,6.12323399573677E-17));
#5494=DIRECTION('',(-1.,0.,0.));
#5495=DIRECTION('',(-1.,0.,0.));
#5496=DIRECTION('',(0.,6.12323399573677E-17,-1.));
#5497=DIRECTION('',(1.,0.,0.));
#5498=DIRECTION('',(0.,-6.12323399573677E-17,1.));
#5499=DIRECTION('',(0.,-6.12323399573677E-17,1.));
#5500=DIRECTION('',(-1.,0.,0.));
#5501=DIRECTION('',(0.,-6.12323399573677E-17,1.));
#5502=DIRECTION('',(-1.,0.,0.));
#5503=DIRECTION('',(-0.942809041582061,0.333333333333341,2.04107799857897E-17));
#5504=DIRECTION('',(-0.333333333333341,-0.942809041582061,-5.77304037490327E-17));
#5505=DIRECTION('',(-0.333333333333341,-0.942809041582061,-5.77304037490327E-17));
#5506=DIRECTION('',(0.,6.12323399573677E-17,-1.));
#5507=DIRECTION('',(-0.333333333333341,-0.942809041582061,-5.77304037490327E-17));
#5508=DIRECTION('',(0.,6.12323399573677E-17,-1.));
#5509=DIRECTION('',(-0.942809041582061,0.333333333333341,2.04107799857897E-17));
#5510=DIRECTION('',(-0.333333333333341,-0.942809041582061,-5.77304037490327E-17));
#5511=DIRECTION('',(-0.333333333333341,-0.942809041582061,-5.77304037490327E-17));
#5512=DIRECTION('',(0.,6.12323399573677E-17,-1.));
#5513=DIRECTION('',(-0.333333333333341,-0.942809041582061,-5.77304037490327E-17));
#5514=DIRECTION('',(0.,6.12323399573677E-17,-1.));
#5515=DIRECTION('',(1.,0.,0.));
#5516=DIRECTION('',(0.,1.,6.12323399573677E-17));
#5517=DIRECTION('',(0.,-1.,-6.12323399573677E-17));
#5518=DIRECTION('',(0.,-6.12323399573677E-17,1.));
#5519=DIRECTION('',(0.,-1.,-6.12323399573677E-17));
#5520=DIRECTION('',(0.,-6.12323399573677E-17,1.));
#5521=DIRECTION('',(1.,0.,0.));
#5522=DIRECTION('',(0.,1.,6.12323399573677E-17));
#5523=DIRECTION('',(0.,-1.,-6.12323399573677E-17));
#5524=DIRECTION('',(0.,-6.12323399573677E-17,1.));
#5525=DIRECTION('',(0.,-1.,-6.12323399573677E-17));
#5526=DIRECTION('',(0.,-6.12323399573677E-17,1.));
#5527=DIRECTION('',(0.,-6.12323399573677E-17,1.));
#5528=DIRECTION('',(-1.,0.,0.));
#5529=DIRECTION('',(0.,6.12323399573677E-17,-1.));
#5530=DIRECTION('',(0.,-1.,-6.12323399573677E-17));
#5531=DIRECTION('',(0.,6.12323399573677E-17,-1.));
#5532=DIRECTION('',(0.,-1.,-6.12323399573677E-17));
#5533=DIRECTION('',(0.,-1.,-6.12323399573677E-17));
#5534=DIRECTION('',(0.,6.12323399573677E-17,-1.));
#5535=DIRECTION('',(0.,1.,6.12323399573677E-17));
#5536=DIRECTION('',(0.,6.12323399573677E-17,-1.));
#5537=DIRECTION('',(0.,-1.,-6.12323399573677E-17));
#5538=DIRECTION('',(0.,6.12323399573677E-17,-1.));
#5539=DIRECTION('',(0.,-6.12323399573677E-17,1.));
#5540=DIRECTION('',(-1.,0.,0.));
#5541=DIRECTION('',(0.,-1.,-6.12323399573677E-17));
#5542=DIRECTION('',(0.,6.12323399573677E-17,-1.));
#5543=DIRECTION('',(0.,-1.,-6.12323399573677E-17));
#5544=DIRECTION('',(0.,6.12323399573677E-17,-1.));
#5545=DIRECTION('',(0.,1.,6.12323399573677E-17));
#5546=DIRECTION('',(0.,6.12323399573677E-17,-1.));
#5547=DIRECTION('',(0.,-6.12323399573677E-17,1.));
#5548=DIRECTION('',(-1.,0.,0.));
#5549=DIRECTION('',(0.,6.12323399573677E-17,-1.));
#5550=DIRECTION('',(0.,-1.,-6.12323399573677E-17));
#5551=DIRECTION('',(0.,6.12323399573677E-17,-1.));
#5552=DIRECTION('',(0.,-1.,-6.12323399573677E-17));
#5553=DIRECTION('',(0.,-1.,-6.12323399573677E-17));
#5554=DIRECTION('',(0.,6.12323399573677E-17,-1.));
#5555=DIRECTION('',(0.,1.,6.12323399573677E-17));
#5556=DIRECTION('',(0.,6.12323399573677E-17,-1.));
#5557=DIRECTION('',(0.,-1.,-6.12323399573677E-17));
#5558=DIRECTION('',(0.,6.12323399573677E-17,-1.));
#5559=DIRECTION('',(0.,-6.12323399573677E-17,1.));
#5560=DIRECTION('',(-1.,0.,0.));
#5561=DIRECTION('',(0.,-1.,-6.12323399573677E-17));
#5562=DIRECTION('',(0.,6.12323399573677E-17,-1.));
#5563=DIRECTION('',(0.,-1.,-6.12323399573677E-17));
#5564=DIRECTION('',(0.,6.12323399573677E-17,-1.));
#5565=DIRECTION('',(0.,1.,6.12323399573677E-17));
#5566=DIRECTION('',(0.,6.12323399573677E-17,-1.));
#5567=DIRECTION('',(0.,1.,1.91378682212553E-16));
#5568=DIRECTION('',(0.,-1.91378682212553E-16,1.));
#5569=DIRECTION('',(0.,1.91378682212553E-16,-1.));
#5570=DIRECTION('',(-1.,0.,0.));
#5571=DIRECTION('',(0.,1.91378682212553E-16,-1.));
#5572=DIRECTION('',(-1.,0.,0.));
#5573=DIRECTION('',(1.,0.,0.));
#5574=DIRECTION('',(0.,6.12323399573677E-17,-1.));
#5575=DIRECTION('',(-1.,0.,0.));
#5576=DIRECTION('',(0.,-1.91378682212553E-16,1.));
#5577=DIRECTION('',(0.,1.,6.12323399573677E-17));
#5578=DIRECTION('',(-1.,0.,0.));
#5579=DIRECTION('',(0.,-6.12323399573677E-17,1.));
#5580=DIRECTION('',(1.,0.,0.));
#5581=DIRECTION('',(1.,0.,0.));
#5582=DIRECTION('',(0.,-6.12323399573677E-17,1.));
#5583=DIRECTION('',(-1.,0.,0.));
#5584=DIRECTION('',(0.,-1.,-6.12323399573677E-17));
#5585=DIRECTION('',(1.,0.,0.));
#5586=DIRECTION('',(0.,1.,6.12323399573677E-17));
#5587=DIRECTION('',(-1.,0.,0.));
#5588=DIRECTION('',(1.,0.,0.));
#5589=DIRECTION('',(0.,-6.12323399573677E-17,1.));
#5590=DIRECTION('',(0.,1.,6.12323399573677E-17));
#5591=DIRECTION('',(-1.,0.,0.));
#5592=DIRECTION('',(0.,-6.12323399573677E-17,1.));
#5593=DIRECTION('',(1.,0.,0.));
#5594=DIRECTION('',(1.,0.,0.));
#5595=DIRECTION('',(0.,-6.12323399573677E-17,1.));
#5596=DIRECTION('',(-1.,0.,0.));
#5597=DIRECTION('',(0.,-1.,-6.12323399573677E-17));
#5598=DIRECTION('',(1.,0.,0.));
#5599=DIRECTION('',(0.,1.,6.12323399573677E-17));
#5600=DIRECTION('',(-1.,0.,0.));
#5601=DIRECTION('',(1.,0.,0.));
#5602=DIRECTION('',(0.,-6.12323399573677E-17,1.));
#5603=DIRECTION('',(1.,0.,0.));
#5604=DIRECTION('',(0.,1.,6.12323399573677E-17));
#5605=DIRECTION('',(0.,-1.,-6.12323399573677E-17));
#5606=DIRECTION('',(0.,-1.,-6.12323399573677E-17));
#5607=DIRECTION('',(0.,-1.,-6.12323399573677E-17));
#5608=DIRECTION('',(0.,-1.,-6.12323399573677E-17));
#5609=DIRECTION('',(-1.,0.,0.));
#5610=DIRECTION('',(0.,-1.,-6.12323399573677E-17));
#5611=DIRECTION('',(0.,-1.,-6.12323399573677E-17));
#5612=DIRECTION('',(0.,-1.,-6.12323399573677E-17));
#5613=DIRECTION('',(0.,6.12323399573677E-17,-1.));
#5614=DIRECTION('',(0.,1.,6.12323399573677E-17));
#5615=DIRECTION('',(0.,-6.12323399573677E-17,1.));
#5616=DIRECTION('',(0.,-1.,-6.12323399573677E-17));
#5617=DIRECTION('',(0.,-1.91378682212553E-16,1.));
#5618=DIRECTION('',(0.,-1.,-1.91378682212553E-16));
#5619=DIRECTION('',(0.,1.,1.91378682212553E-16));
#5620=DIRECTION('',(-1.,0.,0.));
#5621=DIRECTION('',(0.,1.,1.91378682212553E-16));
#5622=DIRECTION('',(-1.,0.,0.));
#5623=DIRECTION('',(0.,-1.,-6.12323399573677E-17));
#5624=DIRECTION('',(0.,1.91378682212553E-16,-1.));
#5625=DIRECTION('',(0.,1.,1.91378682212553E-16));
#5626=DIRECTION('',(0.,-1.91378682212553E-16,1.));
#5627=DIRECTION('',(0.,-1.,-1.91378682212553E-16));
#5628=DIRECTION('',(-1.,0.,0.));
#5629=DIRECTION('',(0.,1.,1.91378682212553E-16));
#5630=DIRECTION('',(-1.,0.,0.));
#5631=DIRECTION('',(0.,-1.,-6.12323399573677E-17));
#5632=DIRECTION('',(0.,1.91378682212553E-16,-1.));
#5633=DIRECTION('',(0.,-1.,-1.91378682212553E-16));
#5634=DIRECTION('',(-1.,0.,0.));
#5635=DIRECTION('',(0.,-6.12323399573677E-17,1.));
#5636=DIRECTION('',(0.,-1.,-6.12323399573677E-17));
#5637=DIRECTION('',(0.,1.,6.12323399573677E-17));
#5638=DIRECTION('',(-1.,0.,0.));
#5639=DIRECTION('',(0.,1.,6.12323399573677E-17));
#5640=DIRECTION('',(1.,0.,0.));
#5641=DIRECTION('',(0.,1.,6.12323399573677E-17));
#5642=DIRECTION('',(0.,-6.12323399573677E-17,1.));
#5643=DIRECTION('',(0.,1.,6.12323399573677E-17));
#5644=DIRECTION('',(0.,-6.12323399573677E-17,1.));
#5645=DIRECTION('',(0.,-1.,-6.12323399573677E-17));
#5646=DIRECTION('',(-1.,0.,0.));
#5647=DIRECTION('',(0.,1.,6.12323399573677E-17));
#5648=DIRECTION('',(1.,0.,0.));
#5649=DIRECTION('',(0.,1.,6.12323399573677E-17));
#5650=DIRECTION('',(0.,-6.12323399573677E-17,1.));
#5651=DIRECTION('',(0.,1.,6.12323399573677E-17));
#5652=DIRECTION('',(-1.,0.,0.));
#5653=DIRECTION('',(0.,0.,1.));
#5654=DIRECTION('',(1.,0.,0.));
#5655=DIRECTION('',(-1.22464679914735E-16,1.,6.12323399573677E-17));
#5656=DIRECTION('',(1.,1.22464679914735E-16,7.49879891330929E-33));
#5657=DIRECTION('',(0.,-6.12323399573677E-17,1.));
#5658=DIRECTION('',(0.707106781186548,4.32978028117746E-17,0.707106781186548));
#5659=DIRECTION('',(-1.,-1.22464679914735E-16,-7.49879891330929E-33));
#5660=DIRECTION('',(0.707106781186548,4.32978028117746E-17,0.707106781186548));
#5661=DIRECTION('',(0.,-6.12323399573677E-17,1.));
#5662=DIRECTION('',(1.,1.22464679914735E-16,7.49879891330929E-33));
#5663=DIRECTION('',(0.,-6.12323399573677E-17,1.));
#5664=DIRECTION('',(1.,1.22464679914735E-16,7.49879891330929E-33));
#5665=DIRECTION('',(-1.,-1.22464679914735E-16,-7.49879891330929E-33));
#5666=DIRECTION('',(-1.22464679914735E-16,1.,6.12323399573677E-17));
#5667=DIRECTION('',(0.,6.12323399573677E-17,-1.));
#5668=DIRECTION('',(-1.22464679914735E-16,1.,6.12323399573677E-17));
#5669=DIRECTION('',(-1.22464679914735E-16,1.,6.12323399573677E-17));
#5670=DIRECTION('',(0.,6.12323399573677E-17,-1.));
#5671=DIRECTION('',(1.22464679914735E-16,-1.,-6.12323399573677E-17));
#5672=DIRECTION('',(0.,-6.12323399573677E-17,1.));
#5673=DIRECTION('',(-1.22464679914735E-16,1.,6.12323399573677E-17));
#5674=DIRECTION('',(-1.22464679914735E-16,1.,6.12323399573677E-17));
#5675=DIRECTION('',(1.,1.22464679914735E-16,7.49879891330929E-33));
#5676=DIRECTION('',(-1.22464679914735E-16,1.,6.12323399573677E-17));
#5677=DIRECTION('',(-1.,-1.22464679914735E-16,-7.49879891330929E-33));
#5678=DIRECTION('',(-1.,-1.22464679914735E-16,-7.49879891330929E-33));
#5679=DIRECTION('',(0.707106781186548,0.707106781186548,4.32978028117747E-17));
#5680=DIRECTION('',(1.,1.22464679914735E-16,7.49879891330929E-33));
#5681=DIRECTION('',(-1.22464679914735E-16,1.,6.12323399573677E-17));
#5682=DIRECTION('',(1.,1.22464679914735E-16,7.49879891330929E-33));
#5683=DIRECTION('',(-1.22464679914735E-16,1.,6.12323399573677E-17));
#5684=DIRECTION('',(1.,1.22464679914735E-16,7.49879891330929E-33));
#5685=DIRECTION('',(-1.22464679914735E-16,1.,6.12323399573677E-17));
#5686=DIRECTION('',(1.,1.22464679914735E-16,7.49879891330929E-33));
#5687=DIRECTION('',(-1.22464679914735E-16,1.,6.12323399573677E-17));
#5688=DIRECTION('',(1.,1.22464679914735E-16,7.49879891330929E-33));
#5689=DIRECTION('',(-1.22464679914735E-16,1.,6.12323399573677E-17));
#5690=DIRECTION('',(1.,1.22464679914735E-16,7.49879891330929E-33));
#5691=DIRECTION('',(-1.22464679914735E-16,1.,6.12323399573677E-17));
#5692=DIRECTION('',(1.,1.22464679914735E-16,7.49879891330929E-33));
#5693=DIRECTION('',(1.22464679914735E-16,-1.,-6.12323399573677E-17));
#5694=DIRECTION('',(0.707106781186548,0.707106781186548,4.32978028117747E-17));
#5695=DIRECTION('',(1.22464679914735E-16,-1.,-6.12323399573677E-17));
#5696=DIRECTION('',(-1.,-1.22464679914735E-16,-7.49879891330929E-33));
#5697=DIRECTION('',(0.,6.12323399573677E-17,-1.));
#5698=DIRECTION('',(0.,6.12323399573677E-17,-1.));
#5699=DIRECTION('',(1.,1.22464679914735E-16,7.49879891330929E-33));
#5700=DIRECTION('',(0.,-6.12323399573677E-17,1.));
#5701=DIRECTION('',(-1.22464679914735E-16,1.,6.12323399573677E-17));
#5702=DIRECTION('',(1.22464679914735E-16,-1.,-6.12323399573677E-17));
#5703=DIRECTION('',(1.22464679914735E-16,-1.,-6.12323399573677E-17));
#5704=DIRECTION('',(1.22464679914735E-16,-1.,-6.12323399573677E-17));
#5705=DIRECTION('',(-1.,-1.22464679914735E-16,-7.49879891330929E-33));
#5706=DIRECTION('',(-1.,-1.22464679914735E-16,-7.49879891330929E-33));
#5707=DIRECTION('',(0.,-6.12323399573677E-17,1.));
#5708=DIRECTION('',(0.,6.12323399573677E-17,-1.));
#5709=DIRECTION('',(1.,1.22464679914735E-16,7.49879891330929E-33));
#5710=DIRECTION('',(0.,6.12323399573677E-17,-1.));
#5711=DIRECTION('',(1.,1.22464679914735E-16,7.49879891330929E-33));
#5712=DIRECTION('',(0.,6.12323399573677E-17,-1.));
#5713=DIRECTION('',(1.22464679914735E-16,-1.,-6.12323399573677E-17));
#5714=DIRECTION('',(-1.,-1.22464679914735E-16,-7.49879891330929E-33));
#5715=DIRECTION('',(-1.22464679914735E-16,1.,6.12323399573677E-17));
#5716=DIRECTION('',(-1.22464679914735E-16,1.,6.12323399573677E-17));
#5717=DIRECTION('',(-1.,-1.22464679914735E-16,-7.49879891330929E-33));
#5718=DIRECTION('',(-1.22464679914735E-16,1.,6.12323399573677E-17));
#5719=DIRECTION('',(0.,6.12323399573677E-17,-1.));
#5720=DIRECTION('',(-1.22464679914735E-16,1.,6.12323399573677E-17));
#5721=DIRECTION('',(0.,6.12323399573677E-17,-1.));
#5722=DIRECTION('',(-1.22464679914735E-16,1.,6.12323399573677E-17));
#5723=DIRECTION('',(0.,6.12323399573677E-17,-1.));
#5724=DIRECTION('',(-1.22464679914735E-16,1.,6.12323399573677E-17));
#5725=DIRECTION('',(0.,6.12323399573677E-17,-1.));
#5726=DIRECTION('',(-1.22464679914735E-16,1.,6.12323399573677E-17));
#5727=DIRECTION('',(0.,-6.12323399573677E-17,1.));
#5728=DIRECTION('',(1.,1.22464679914735E-16,7.49879891330929E-33));
#5729=DIRECTION('',(1.22464679914735E-16,-1.,-6.12323399573677E-17));
#5730=DIRECTION('',(0.,6.12323399573677E-17,-1.));
#5731=DIRECTION('',(0.,-6.12323399573677E-17,1.));
#5732=DIRECTION('',(-1.22464679914735E-16,1.,6.12323399573677E-17));
#5733=DIRECTION('',(0.,-6.12323399573677E-17,1.));
#5734=DIRECTION('',(0.,-6.12323399573677E-17,1.));
#5735=DIRECTION('',(-1.22464679914735E-16,1.,6.12323399573677E-17));
#5736=DIRECTION('',(0.,-6.12323399573677E-17,1.));
#5737=DIRECTION('',(1.22464679914735E-16,-1.,-6.12323399573677E-17));
#5738=DIRECTION('',(-1.,-1.22464679914735E-16,-7.49879891330929E-33));
#5739=DIRECTION('',(0.,-6.12323399573677E-17,1.));
#5740=DIRECTION('',(1.,1.22464679914735E-16,7.49879891330929E-33));
#5741=DIRECTION('',(1.,1.22464679914735E-16,7.49879891330929E-33));
#5742=DIRECTION('',(1.22464679914735E-16,-1.,-6.12323399573677E-17));
#5743=DIRECTION('',(0.,-6.12323399573677E-17,1.));
#5744=DIRECTION('',(-1.22464679914735E-16,1.,6.12323399573677E-17));
#5745=DIRECTION('',(1.22464679914735E-16,-1.,-6.12323399573677E-17));
#5746=DIRECTION('',(-1.,-1.22464679914735E-16,-7.49879891330929E-33));
#5747=DIRECTION('',(1.,1.22464679914735E-16,7.49879891330929E-33));
#5748=DIRECTION('',(0.,-6.12323399573677E-17,1.));
#5749=DIRECTION('',(-1.,-1.22464679914735E-16,-7.49879891330929E-33));
#5750=DIRECTION('',(1.22464679914735E-16,-1.,-6.12323399573677E-17));
#5751=DIRECTION('',(-1.,-1.22464679914735E-16,-7.49879891330929E-33));
#5752=DIRECTION('',(0.,-6.12323399573677E-17,1.));
#5753=DIRECTION('',(1.,1.22464679914735E-16,7.49879891330929E-33));
#5754=DIRECTION('',(1.,1.22464679914735E-16,7.49879891330929E-33));
#5755=DIRECTION('',(1.22464679914735E-16,-1.,-6.12323399573677E-17));
#5756=DIRECTION('',(0.,-6.12323399573677E-17,1.));
#5757=DIRECTION('',(-1.22464679914735E-16,1.,6.12323399573677E-17));
#5758=DIRECTION('',(1.22464679914735E-16,-1.,-6.12323399573677E-17));
#5759=DIRECTION('',(-1.,-1.22464679914735E-16,-7.49879891330929E-33));
#5760=DIRECTION('',(1.,1.22464679914735E-16,7.49879891330929E-33));
#5761=DIRECTION('',(0.,-6.12323399573677E-17,1.));
#5762=DIRECTION('',(-1.,-1.22464679914735E-16,-7.49879891330929E-33));
#5763=DIRECTION('',(-1.22464679914735E-16,1.,6.12323399573677E-17));
#5764=DIRECTION('',(1.,1.22464679914735E-16,7.49879891330929E-33));
#5765=DIRECTION('',(0.,-6.12323399573677E-17,1.));
#5766=DIRECTION('',(1.,1.22464679914735E-16,7.49879891330929E-33));
#5767=DIRECTION('',(0.,-6.12323399573677E-17,1.));
#5768=DIRECTION('',(-1.,-1.22464679914735E-16,-7.49879891330929E-33));
#5769=DIRECTION('',(1.,1.22464679914735E-16,7.49879891330929E-33));
#5770=DIRECTION('',(1.22464679914735E-16,-1.,-6.12323399573677E-17));
#5771=DIRECTION('',(0.,-6.12323399573677E-17,1.));
#5772=DIRECTION('',(8.65956056235494E-17,-0.707106781186548,-0.707106781186548));
#5773=DIRECTION('',(-8.65956056235494E-17,0.707106781186548,-0.707106781186547));
#5774=DIRECTION('',(-8.65956056235494E-17,0.707106781186548,-0.707106781186548));
#5775=DIRECTION('',(8.65956056235494E-17,-0.707106781186548,-0.707106781186548));
#5776=DIRECTION('',(-1.22464679914735E-16,1.,6.12323399573677E-17));
#5777=DIRECTION('',(1.,1.22464679914735E-16,7.49879891330929E-33));
#5778=DIRECTION('',(-1.,-1.22464679914735E-16,-7.49879891330929E-33));
#5779=DIRECTION('',(0.,-6.12323399573677E-17,1.));
#5780=DIRECTION('',(1.,1.22464679914735E-16,7.49879891330929E-33));
#5781=DIRECTION('',(1.,1.22464679914735E-16,7.49879891330929E-33));
#5782=DIRECTION('',(1.22464679914735E-16,-1.,-6.12323399573677E-17));
#5783=DIRECTION('',(8.65956056235494E-17,-0.707106781186548,0.707106781186547));
#5784=DIRECTION('',(-8.65956056235494E-17,0.707106781186548,0.707106781186548));
#5785=DIRECTION('',(-8.65956056235494E-17,0.707106781186548,0.707106781186548));
#5786=DIRECTION('',(8.65956056235494E-17,-0.707106781186548,0.707106781186548));
#5787=DIRECTION('',(-8.65956056235493E-17,0.707106781186547,0.707106781186548));
#5788=DIRECTION('',(1.,1.22464679914735E-16,7.49879891330929E-33));
#5789=DIRECTION('',(1.,1.22464679914735E-16,7.49879891330929E-33));
#5790=DIRECTION('',(-8.65956056235493E-17,0.707106781186548,-0.707106781186547));
#5791=DIRECTION('',(-1.,-1.22464679914735E-16,-7.49879891330929E-33));
#5792=DIRECTION('',(8.65956056235494E-17,-0.707106781186548,0.707106781186548));
#5793=DIRECTION('',(1.,1.22464679914735E-16,7.49879891330929E-33));
#5794=DIRECTION('',(8.65956056235494E-17,-0.707106781186548,-0.707106781186548));
#5795=DIRECTION('',(-1.,-1.22464679914735E-16,-7.49879891330929E-33));
#5796=DIRECTION('',(0.,6.12323399573677E-17,-1.));
#5797=DIRECTION('',(1.22464679914735E-16,-1.,-6.12323399573677E-17));
#5798=DIRECTION('',(0.,-6.12323399573677E-17,1.));
#5799=DIRECTION('',(-1.22464679914735E-16,1.,6.12323399573677E-17));
#5800=DIRECTION('',(0.,6.12323399573677E-17,-1.));
#5801=DIRECTION('',(0.,-6.12323399573677E-17,1.));
#5802=DIRECTION('',(-1.22464679914735E-16,1.,6.12323399573677E-17));
#5803=DIRECTION('',(0.,6.12323399573677E-17,-1.));
#5804=DIRECTION('',(1.22464679914735E-16,-1.,-6.12323399573677E-17));
#5805=DIRECTION('',(0.,-6.12323399573677E-17,1.));
#5806=DIRECTION('',(-1.22464679914735E-16,1.,6.12323399573677E-17));
#5807=DIRECTION('',(0.,-6.12323399573677E-17,1.));
#5808=DIRECTION('',(-1.22464679914735E-16,1.,6.12323399573677E-17));
#5809=DIRECTION('',(0.,6.12323399573677E-17,-1.));
#5810=DIRECTION('',(0.,-6.12323399573677E-17,1.));
#5811=DIRECTION('',(-1.,-1.22464679914735E-16,-7.49879891330929E-33));
#5812=DIRECTION('',(-0.333333333333321,0.942809041582068,5.77304037490332E-17));
#5813=DIRECTION('',(0.,-6.12323399573677E-17,1.));
#5814=DIRECTION('',(-1.,-1.22464679914735E-16,-7.49879891330929E-33));
#5815=DIRECTION('',(-0.333333333333321,0.942809041582068,5.77304037490332E-17));
#5816=DIRECTION('',(-0.942809041582068,-0.333333333333321,-2.04107799857885E-17));
#5817=DIRECTION('',(-0.333333333333321,0.942809041582068,5.77304037490332E-17));
#5818=DIRECTION('',(0.,6.12323399573677E-17,-1.));
#5819=DIRECTION('',(1.22464679914735E-16,-1.,-6.12323399573677E-17));
#5820=DIRECTION('',(0.,-6.12323399573677E-17,1.));
#5821=DIRECTION('',(-1.22464679914735E-16,1.,6.12323399573677E-17));
#5822=DIRECTION('',(0.,6.12323399573677E-17,-1.));
#5823=DIRECTION('',(0.,-6.12323399573677E-17,1.));
#5824=DIRECTION('',(-1.22464679914735E-16,1.,6.12323399573677E-17));
#5825=DIRECTION('',(0.,6.12323399573677E-17,-1.));
#5826=DIRECTION('',(1.22464679914735E-16,-1.,-6.12323399573677E-17));
#5827=DIRECTION('',(0.,-6.12323399573677E-17,1.));
#5828=DIRECTION('',(-1.22464679914735E-16,1.,6.12323399573677E-17));
#5829=DIRECTION('',(0.,-6.12323399573677E-17,1.));
#5830=DIRECTION('',(-1.22464679914735E-16,1.,6.12323399573677E-17));
#5831=DIRECTION('',(0.,6.12323399573677E-17,-1.));
#5832=DIRECTION('',(0.,-6.12323399573677E-17,1.));
#5833=DIRECTION('',(-1.,-1.22464679914735E-16,-7.49879891330929E-33));
#5834=DIRECTION('',(-0.333333333333342,0.942809041582061,5.77304037490327E-17));
#5835=DIRECTION('',(0.,-6.12323399573677E-17,1.));
#5836=DIRECTION('',(-1.,-1.22464679914735E-16,-7.49879891330929E-33));
#5837=DIRECTION('',(-0.333333333333342,0.942809041582061,5.77304037490327E-17));
#5838=DIRECTION('',(-0.942809041582061,-0.333333333333342,-2.04107799857897E-17));
#5839=DIRECTION('',(-0.333333333333342,0.942809041582061,5.77304037490327E-17));
#5840=DIRECTION('',(1.22464679914735E-16,-1.,-6.12323399573677E-17));
#5841=DIRECTION('',(-1.,-1.22464679914735E-16,-7.49879891330929E-33));
#5842=DIRECTION('',(0.,6.12323399573677E-17,-1.));
#5843=DIRECTION('',(-1.,-1.22464679914735E-16,-7.49879891330929E-33));
#5844=DIRECTION('',(0.,6.12323399573677E-17,-1.));
#5845=DIRECTION('',(-1.,-1.22464679914735E-16,-7.49879891330929E-33));
#5846=DIRECTION('',(0.,-6.12323399573677E-17,1.));
#5847=DIRECTION('',(-1.22464679914735E-16,1.,6.12323399573677E-17));
#5848=DIRECTION('',(1.22464679914735E-16,-1.,-6.12323399573677E-17));
#5849=DIRECTION('',(-1.,-1.22464679914735E-16,-7.49879891330929E-33));
#5850=DIRECTION('',(1.22464679914735E-16,-1.,-6.12323399573677E-17));
#5851=DIRECTION('',(-1.,-1.22464679914735E-16,-7.49879891330929E-33));
#5852=DIRECTION('',(-1.22464679914735E-16,1.,6.12323399573677E-17));
#5853=DIRECTION('',(1.22464679914735E-16,-1.,-6.12323399573677E-17));
#5854=DIRECTION('',(0.,6.12323399573677E-17,-1.));
#5855=DIRECTION('',(0.,-6.12323399573677E-17,1.));
#5856=DIRECTION('',(-1.22464679914735E-16,1.,6.12323399573677E-17));
#5857=DIRECTION('',(1.22464679914735E-16,-1.,-6.12323399573677E-17));
#5858=DIRECTION('',(-1.,-1.22464679914735E-16,-7.49879891330929E-33));
#5859=DIRECTION('',(-1.,-1.22464679914735E-16,-7.49879891330929E-33));
#5860=DIRECTION('',(-1.22464679914735E-16,1.,6.12323399573677E-17));
#5861=DIRECTION('',(0.,6.12323399573677E-17,-1.));
#5862=DIRECTION('',(-1.22464679914735E-16,1.,6.12323399573677E-17));
#5863=DIRECTION('',(-1.,-1.22464679914735E-16,-7.49879891330929E-33));
#5864=DIRECTION('',(0.,6.12323399573677E-17,-1.));
#5865=DIRECTION('',(1.22464679914735E-16,-1.,-6.12323399573677E-17));
#5866=DIRECTION('',(1.22464679914735E-16,-1.,-6.12323399573677E-17));
#5867=DIRECTION('',(1.,1.22464679914735E-16,7.49879891330929E-33));
#5868=DIRECTION('',(1.22464679914735E-16,-1.,-6.12323399573677E-17));
#5869=DIRECTION('',(-1.,-1.22464679914735E-16,-7.49879891330929E-33));
#5870=DIRECTION('',(-1.22464679914735E-16,1.,6.12323399573677E-17));
#5871=DIRECTION('',(1.22464679914735E-16,-1.,-6.12323399573677E-17));
#5872=DIRECTION('',(0.,6.12323399573677E-17,-1.));
#5873=DIRECTION('',(0.,6.12323399573677E-17,-1.));
#5874=DIRECTION('',(1.22464679914735E-16,-1.,-6.12323399573677E-17));
#5875=DIRECTION('',(1.22464679914735E-16,-1.,-6.12323399573677E-17));
#5876=DIRECTION('',(1.,1.22464679914735E-16,7.49879891330929E-33));
#5877=DIRECTION('',(-1.,-1.22464679914735E-16,-7.49879891330929E-33));
#5878=DIRECTION('',(-1.22464679914735E-16,1.,6.12323399573677E-17));
#5879=DIRECTION('',(0.,6.12323399573677E-17,-1.));
#5880=DIRECTION('',(1.22464679914735E-16,-1.,-6.12323399573677E-17));
#5881=DIRECTION('',(-1.,-1.22464679914735E-16,-7.49879891330929E-33));
#5882=DIRECTION('',(-1.22464679914735E-16,1.,6.12323399573677E-17));
#5883=DIRECTION('',(1.,1.22464679914735E-16,7.49879891330929E-33));
#5884=DIRECTION('',(0.,6.12323399573677E-17,-1.));
#5885=DIRECTION('',(-1.,-1.22464679914735E-16,-7.49879891330929E-33));
#5886=DIRECTION('',(0.,-6.12323399573677E-17,1.));
#5887=DIRECTION('',(0.,6.12323399573677E-17,-1.));
#5888=DIRECTION('',(1.22464679914735E-16,-1.,-6.12323399573677E-17));
#5889=DIRECTION('',(-1.22464679914735E-16,1.,6.12323399573677E-17));
#5890=DIRECTION('',(1.22464679914735E-16,-1.,-6.12323399573677E-17));
#5891=DIRECTION('',(-1.,-1.22464679914735E-16,-7.49879891330929E-33));
#5892=DIRECTION('',(0.,6.12323399573677E-17,-1.));
#5893=DIRECTION('',(1.22464679914735E-16,-1.,-6.12323399573677E-17));
#5894=DIRECTION('',(0.,-6.12323399573677E-17,1.));
#5895=DIRECTION('',(-0.707106781186548,0.707106781186547,4.32978028117746E-17));
#5896=DIRECTION('',(0.,-6.12323399573677E-17,1.));
#5897=DIRECTION('',(0.577350269189626,0.577350269189626,0.577350269189626));
#5898=DIRECTION('',(0.707106781186548,1.29893408435324E-16,-0.707106781186548));
#5899=DIRECTION('',(1.22464679914735E-16,-1.,-6.12323399573677E-17));
#5900=DIRECTION('',(0.707106781186548,-0.707106781186547,-4.32978028117746E-17));
#5901=DIRECTION('',(0.,6.12323399573677E-17,-1.));
#5902=DIRECTION('',(0.577350269189626,0.577350269189626,0.577350269189626));
#5903=DIRECTION('',(-0.707106781186548,-1.29893408435324E-16,0.707106781186548));
#5904=DIRECTION('',(-1.22464679914735E-16,1.,6.12323399573677E-17));
#5905=DIRECTION('',(0.,0.,1.));
#5906=DIRECTION('',(1.,0.,0.));
#5907=DIRECTION('',(0.,0.,1.));
#5908=DIRECTION('',(1.,0.,0.));
#5909=DIRECTION('',(0.975640558607318,0.2193752502002,0.));
#5910=DIRECTION('',(0.,0.,1.));
#5911=DIRECTION('',(1.,0.,0.));
#5912=DIRECTION('',(0.375,0.927024810886958,0.));
#5913=DIRECTION('',(0.,0.,1.));
#5914=DIRECTION('',(1.,0.,0.));
#5915=DIRECTION('',(0.,0.,1.));
#5916=DIRECTION('',(1.,0.,0.));
#5917=DIRECTION('',(-0.992348449515854,-0.123468841184655,0.));
#5918=DIRECTION('',(0.,0.,1.));
#5919=DIRECTION('',(1.,0.,0.));
#5920=DIRECTION('',(-0.375,-0.927024810886958,0.));
#5921=DIRECTION('',(0.,0.,1.));
#5922=DIRECTION('',(1.,0.,0.));
#5923=DIRECTION('',(-0.927024810886958,0.375,0.));
#5924=DIRECTION('',(-0.375,-0.927024810886958,0.));
#5925=DIRECTION('',(0.,0.,1.));
#5926=DIRECTION('',(-0.375,-0.927024810886958,0.));
#5927=DIRECTION('',(0.,0.,1.));
#5928=DIRECTION('',(0.927024810886958,-0.375,0.));
#5929=DIRECTION('',(0.375,0.927024810886958,0.));
#5930=DIRECTION('',(0.,0.,1.));
#5931=DIRECTION('',(0.375,0.927024810886958,0.));
#5932=DIRECTION('',(0.,0.,1.));
#5933=DIRECTION('',(0.,0.,1.));
#5934=DIRECTION('',(1.,0.,0.));
#5935=DIRECTION('',(0.,0.,1.));
#5936=DIRECTION('',(1.,0.,0.));
#5937=DIRECTION('',(-0.375,0.927024810886958,0.));
#5938=DIRECTION('',(0.,0.,1.));
#5939=DIRECTION('',(1.,0.,0.));
#5940=DIRECTION('',(0.,0.,-1.));
#5941=DIRECTION('',(-1.,0.,0.));
#5942=DIRECTION('',(0.,0.,1.));
#5943=DIRECTION('',(-0.0981075944057345,0.436319722130367,-0.894427190999916));
#5944=DIRECTION('',(0.196215188811468,-0.872639444260732,-0.447213595499959));
#5945=DIRECTION('',(0.,0.,1.));
#5946=DIRECTION('',(0.,0.,1.));
#5947=DIRECTION('',(1.,0.,0.));
#5948=DIRECTION('',(0.,0.,1.));
#5949=DIRECTION('',(0.,0.,1.));
#5950=DIRECTION('',(1.,0.,0.));
#5951=DIRECTION('',(0.,0.,1.));
#5952=DIRECTION('',(0.,0.,1.));
#5953=DIRECTION('',(1.,0.,0.));
#5954=DIRECTION('',(0.,0.,1.));
#5955=DIRECTION('',(0.,0.,1.));
#5956=DIRECTION('',(0.0552169443984029,-0.443791718096794,-0.894427190999916));
#5957=DIRECTION('',(-0.110433888796806,0.887583436193587,-0.447213595499959));
#5958=DIRECTION('',(0.,0.,1.));
#5959=DIRECTION('',(0.,0.,1.));
#5960=DIRECTION('',(1.,0.,0.));
#5961=DIRECTION('',(0.,0.,1.));
#5962=DIRECTION('',(0.,0.,1.));
#5963=DIRECTION('',(1.,0.,0.));
#5964=DIRECTION('',(0.,0.,1.));
#5965=DIRECTION('',(0.,0.,1.));
#5966=DIRECTION('',(1.,0.,0.));
#5967=DIRECTION('',(0.,0.,1.));
#5968=DIRECTION('',(0.,0.,1.));
#5969=DIRECTION('',(1.,0.,0.));
#5970=DIRECTION('',(0.,0.,1.));
#5971=DIRECTION('',(1.,0.,0.));
#5972=DIRECTION('',(0.,0.,-1.));
#5973=DIRECTION('',(-1.,0.,0.));
#5974=DIRECTION('',(0.,0.,1.));
#5975=DIRECTION('',(1.,0.,0.));
#5976=DIRECTION('',(0.,0.,1.));
#5977=DIRECTION('',(1.,0.,0.));
#5978=DIRECTION('',(0.,0.,1.));
#5979=DIRECTION('',(1.,0.,0.));
#5980=DIRECTION('',(0.,0.,1.));
#5981=DIRECTION('',(1.,0.,0.));
#5982=DIRECTION('',(0.,0.,-1.));
#5983=DIRECTION('',(-1.,0.,0.));
#5984=DIRECTION('',(0.,0.,1.));
#5985=DIRECTION('',(-0.0981075944057345,0.436319722130367,-0.894427190999916));
#5986=DIRECTION('',(0.196215188811468,-0.872639444260732,-0.447213595499959));
#5987=DIRECTION('',(0.,0.,1.));
#5988=DIRECTION('',(0.,0.,1.));
#5989=DIRECTION('',(1.,0.,0.));
#5990=DIRECTION('',(0.,0.,1.));
#5991=DIRECTION('',(0.,0.,1.));
#5992=DIRECTION('',(1.,0.,0.));
#5993=DIRECTION('',(0.,0.,1.));
#5994=DIRECTION('',(0.,0.,1.));
#5995=DIRECTION('',(1.,0.,0.));
#5996=DIRECTION('',(0.,0.,1.));
#5997=DIRECTION('',(0.,0.,1.));
#5998=DIRECTION('',(1.,0.,0.));
#5999=DIRECTION('',(0.,0.,1.));
#6000=DIRECTION('',(0.0552169443984029,-0.443791718096794,-0.894427190999916));
#6001=DIRECTION('',(-0.110433888796806,0.887583436193587,-0.447213595499959));
#6002=DIRECTION('',(0.,0.,1.));
#6003=DIRECTION('',(0.,0.,1.));
#6004=DIRECTION('',(0.,0.,1.));
#6005=DIRECTION('',(1.,0.,0.));
#6006=DIRECTION('',(0.,0.,1.));
#6007=DIRECTION('',(0.,0.,1.));
#6008=DIRECTION('',(1.,0.,0.));
#6009=DIRECTION('',(0.,0.,1.));
#6010=DIRECTION('',(0.,0.,1.));
#6011=DIRECTION('',(1.,0.,0.));
#6012=DIRECTION('',(0.,0.,1.));
#6013=DIRECTION('',(1.,0.,0.));
#6014=DIRECTION('',(0.375,-0.927024810886958,0.));
#6015=DIRECTION('',(0.,0.,1.));
#6016=DIRECTION('',(1.,0.,0.));
#6017=DIRECTION('',(-0.927024810886958,-0.375,0.));
#6018=DIRECTION('',(0.375,-0.927024810886958,0.));
#6019=DIRECTION('',(0.375,-0.927024810886958,0.));
#6020=DIRECTION('',(0.,0.,1.));
#6021=DIRECTION('',(1.,0.,0.));
#6022=DIRECTION('',(-0.625,0.7806247497998,0.));
#6023=DIRECTION('',(0.927024810886958,0.375,0.));
#6024=DIRECTION('',(-0.375,0.927024810886958,0.));
#6025=DIRECTION('',(-0.375,0.927024810886958,0.));
#6026=DIRECTION('',(0.,0.,1.));
#6027=DIRECTION('',(1.,0.,0.));
#6028=DIRECTION('',(0.625,-0.7806247497998,0.));
#6029=DIRECTION('',(0.7806247497998,0.625,0.));
#6030=DIRECTION('',(-0.625,0.7806247497998,0.));
#6031=DIRECTION('',(-0.625,0.7806247497998,0.));
#6032=DIRECTION('',(0.,0.,1.));
#6033=DIRECTION('',(1.,0.,0.));
#6034=DIRECTION('',(-0.997297512969417,-0.0734688411846551,0.));
#6035=DIRECTION('',(-0.7806247497998,-0.625,0.));
#6036=DIRECTION('',(0.625,-0.7806247497998,0.));
#6037=DIRECTION('',(0.625,-0.7806247497998,0.));
#6038=DIRECTION('',(0.,0.,1.));
#6039=DIRECTION('',(1.,0.,0.));
#6040=DIRECTION('',(0.985551634679594,0.1693752502002,0.));
#6041=DIRECTION('',(-0.123468841184655,0.992348449515853,0.));
#6042=DIRECTION('',(-0.992348449515854,-0.123468841184655,0.));
#6043=DIRECTION('',(0.992348449515854,0.123468841184655,0.));
#6044=DIRECTION('',(-0.0734688411846551,0.997297512969417,0.));
#6045=DIRECTION('',(-0.997297512969417,-0.0734688411846551,0.));
#6046=DIRECTION('',(-0.997297512969417,-0.0734688411846551,0.));
#6047=DIRECTION('',(0.,0.,-1.));
#6048=DIRECTION('',(1.,0.,0.));
#6049=DIRECTION('',(0.991962633292629,-0.126531158815345,0.));
#6050=DIRECTION('',(-0.126531158815345,-0.991962633292629,0.));
#6051=DIRECTION('',(0.991962633292629,-0.126531158815345,0.));
#6052=DIRECTION('',(-0.98442088499864,0.125569160732852,-0.123076833934504));
#6053=DIRECTION('',(0.2193752502002,-0.975640558607318,0.));
#6054=DIRECTION('',(0.975640558607318,0.2193752502002,0.));
#6055=DIRECTION('',(-0.975640558607318,-0.2193752502002,0.));
#6056=DIRECTION('',(0.1693752502002,-0.985551634679594,0.));
#6057=DIRECTION('',(0.985551634679594,0.1693752502002,0.));
#6058=DIRECTION('',(0.985551634679594,0.1693752502002,0.));
#6059=DIRECTION('',(0.,0.,-1.));
#6060=DIRECTION('',(1.,0.,0.));
#6061=DIRECTION('',(0.999530952347,-0.0306247497997998,0.));
#6062=DIRECTION('',(-0.0306247497997998,-0.999530952347,0.));
#6063=DIRECTION('',(0.999530952347,-0.0306247497997998,0.));
#6064=DIRECTION('',(0.991864179420627,-0.0303898466163709,-0.123620009726902));
#6065=DIRECTION('',(-0.0981075944057345,0.436319722130367,-0.894427190999916));
#6066=DIRECTION('',(-0.975640558607318,-0.2193752502002,0.));
#6067=DIRECTION('',(0.0552169443984029,-0.443791718096794,-0.894427190999916));
#6068=DIRECTION('',(0.992348449515854,0.123468841184655,0.));
#6069=DIRECTION('',(0.,0.,1.));
#6070=DIRECTION('',(1.,0.,0.));
#6071=DIRECTION('',(0.,1.,6.12323399573677E-17));
#6072=DIRECTION('',(1.,0.,0.));
#6073=DIRECTION('',(1.,0.,0.));
#6074=DIRECTION('',(0.,-6.12323399573677E-17,1.));
#6075=DIRECTION('',(-1.,0.,0.));
#6076=DIRECTION('',(0.,6.12323399573677E-17,-1.));
#6077=DIRECTION('',(0.,-6.12323399573677E-17,1.));
#6078=DIRECTION('',(1.,0.,0.));
#6079=DIRECTION('',(0.,-6.12323399573677E-17,1.));
#6080=DIRECTION('',(1.,0.,0.));
#6081=DIRECTION('',(0.942809041582061,0.333333333333341,2.04107799857897E-17));
#6082=DIRECTION('',(0.333333333333341,-0.942809041582061,-5.77304037490327E-17));
#6083=DIRECTION('',(0.333333333333341,-0.942809041582061,-5.77304037490327E-17));
#6084=DIRECTION('',(0.,6.12323399573677E-17,-1.));
#6085=DIRECTION('',(0.333333333333341,-0.942809041582061,-5.77304037490327E-17));
#6086=DIRECTION('',(0.,6.12323399573677E-17,-1.));
#6087=DIRECTION('',(0.942809041582061,0.333333333333341,2.04107799857897E-17));
#6088=DIRECTION('',(0.333333333333341,-0.942809041582061,-5.77304037490327E-17));
#6089=DIRECTION('',(0.333333333333341,-0.942809041582061,-5.77304037490327E-17));
#6090=DIRECTION('',(0.,6.12323399573677E-17,-1.));
#6091=DIRECTION('',(0.333333333333341,-0.942809041582061,-5.77304037490327E-17));
#6092=DIRECTION('',(0.,6.12323399573677E-17,-1.));
#6093=DIRECTION('',(-1.,0.,0.));
#6094=DIRECTION('',(0.,1.,6.12323399573677E-17));
#6095=DIRECTION('',(0.,-1.,-6.12323399573677E-17));
#6096=DIRECTION('',(0.,-6.12323399573677E-17,1.));
#6097=DIRECTION('',(0.,-1.,-6.12323399573677E-17));
#6098=DIRECTION('',(0.,-6.12323399573677E-17,1.));
#6099=DIRECTION('',(-1.,0.,0.));
#6100=DIRECTION('',(0.,1.,6.12323399573677E-17));
#6101=DIRECTION('',(0.,-1.,-6.12323399573677E-17));
#6102=DIRECTION('',(0.,-6.12323399573677E-17,1.));
#6103=DIRECTION('',(0.,-1.,-6.12323399573677E-17));
#6104=DIRECTION('',(0.,-6.12323399573677E-17,1.));
#6105=DIRECTION('',(0.,-6.12323399573677E-17,1.));
#6106=DIRECTION('',(1.,0.,0.));
#6107=DIRECTION('',(0.,-6.12323399573677E-17,1.));
#6108=DIRECTION('',(0.,-1.,-6.12323399573677E-17));
#6109=DIRECTION('',(0.,-1.,-6.12323399573677E-17));
#6110=DIRECTION('',(0.,-6.12323399573677E-17,1.));
#6111=DIRECTION('',(0.,-1.,-6.12323399573677E-17));
#6112=DIRECTION('',(0.,6.12323399573677E-17,-1.));
#6113=DIRECTION('',(0.,1.,6.12323399573677E-17));
#6114=DIRECTION('',(0.,6.12323399573677E-17,-1.));
#6115=DIRECTION('',(0.,-6.12323399573677E-17,1.));
#6116=DIRECTION('',(0.,-1.,-6.12323399573677E-17));
#6117=DIRECTION('',(0.,-6.12323399573677E-17,1.));
#6118=DIRECTION('',(1.,0.,0.));
#6119=DIRECTION('',(0.,-1.,-6.12323399573677E-17));
#6120=DIRECTION('',(0.,-6.12323399573677E-17,1.));
#6121=DIRECTION('',(0.,-1.,-6.12323399573677E-17));
#6122=DIRECTION('',(0.,6.12323399573677E-17,-1.));
#6123=DIRECTION('',(0.,1.,6.12323399573677E-17));
#6124=DIRECTION('',(0.,6.12323399573677E-17,-1.));
#6125=DIRECTION('',(0.,-6.12323399573677E-17,1.));
#6126=DIRECTION('',(1.,0.,0.));
#6127=DIRECTION('',(0.,-6.12323399573677E-17,1.));
#6128=DIRECTION('',(0.,-1.,-6.12323399573677E-17));
#6129=DIRECTION('',(0.,-1.,-6.12323399573677E-17));
#6130=DIRECTION('',(0.,-6.12323399573677E-17,1.));
#6131=DIRECTION('',(0.,-1.,-6.12323399573677E-17));
#6132=DIRECTION('',(0.,6.12323399573677E-17,-1.));
#6133=DIRECTION('',(0.,1.,6.12323399573677E-17));
#6134=DIRECTION('',(0.,6.12323399573677E-17,-1.));
#6135=DIRECTION('',(0.,-6.12323399573677E-17,1.));
#6136=DIRECTION('',(0.,-1.,-6.12323399573677E-17));
#6137=DIRECTION('',(0.,-6.12323399573677E-17,1.));
#6138=DIRECTION('',(1.,0.,0.));
#6139=DIRECTION('',(0.,-1.,-6.12323399573677E-17));
#6140=DIRECTION('',(0.,-6.12323399573677E-17,1.));
#6141=DIRECTION('',(0.,-1.,-6.12323399573677E-17));
#6142=DIRECTION('',(0.,6.12323399573677E-17,-1.));
#6143=DIRECTION('',(0.,1.,6.12323399573677E-17));
#6144=DIRECTION('',(0.,6.12323399573677E-17,-1.));
#6145=DIRECTION('',(0.,1.,1.91378682212553E-16));
#6146=DIRECTION('',(0.,-1.91378682212553E-16,1.));
#6147=DIRECTION('',(0.,1.91378682212553E-16,-1.));
#6148=DIRECTION('',(1.,0.,0.));
#6149=DIRECTION('',(0.,1.91378682212553E-16,-1.));
#6150=DIRECTION('',(1.,0.,0.));
#6151=DIRECTION('',(-1.,0.,0.));
#6152=DIRECTION('',(0.,-1.91378682212553E-16,1.));
#6153=DIRECTION('',(1.,0.,0.));
#6154=DIRECTION('',(0.,6.12323399573677E-17,-1.));
#6155=DIRECTION('',(0.,1.,6.12323399573677E-17));
#6156=DIRECTION('',(1.,0.,0.));
#6157=DIRECTION('',(0.,-6.12323399573677E-17,1.));
#6158=DIRECTION('',(-1.,0.,0.));
#6159=DIRECTION('',(-1.,0.,0.));
#6160=DIRECTION('',(0.,-6.12323399573677E-17,1.));
#6161=DIRECTION('',(1.,0.,0.));
#6162=DIRECTION('',(0.,-1.,-6.12323399573677E-17));
#6163=DIRECTION('',(-1.,0.,0.));
#6164=DIRECTION('',(0.,1.,6.12323399573677E-17));
#6165=DIRECTION('',(1.,0.,0.));
#6166=DIRECTION('',(-1.,0.,0.));
#6167=DIRECTION('',(0.,-6.12323399573677E-17,1.));
#6168=DIRECTION('',(0.,1.,6.12323399573677E-17));
#6169=DIRECTION('',(1.,0.,0.));
#6170=DIRECTION('',(0.,-6.12323399573677E-17,1.));
#6171=DIRECTION('',(-1.,0.,0.));
#6172=DIRECTION('',(-1.,0.,0.));
#6173=DIRECTION('',(0.,-6.12323399573677E-17,1.));
#6174=DIRECTION('',(1.,0.,0.));
#6175=DIRECTION('',(0.,-1.,-6.12323399573677E-17));
#6176=DIRECTION('',(-1.,0.,0.));
#6177=DIRECTION('',(0.,1.,6.12323399573677E-17));
#6178=DIRECTION('',(1.,0.,0.));
#6179=DIRECTION('',(-1.,0.,0.));
#6180=DIRECTION('',(0.,-6.12323399573677E-17,1.));
#6181=DIRECTION('',(-1.,0.,0.));
#6182=DIRECTION('',(0.,1.,6.12323399573677E-17));
#6183=DIRECTION('',(0.,-1.,-6.12323399573677E-17));
#6184=DIRECTION('',(0.,-1.,-6.12323399573677E-17));
#6185=DIRECTION('',(0.,-1.,-6.12323399573677E-17));
#6186=DIRECTION('',(0.,-1.,-6.12323399573677E-17));
#6187=DIRECTION('',(1.,0.,0.));
#6188=DIRECTION('',(0.,-1.,-6.12323399573677E-17));
#6189=DIRECTION('',(0.,-1.,-6.12323399573677E-17));
#6190=DIRECTION('',(0.,-1.,-6.12323399573677E-17));
#6191=DIRECTION('',(0.,6.12323399573677E-17,-1.));
#6192=DIRECTION('',(0.,1.,6.12323399573677E-17));
#6193=DIRECTION('',(0.,-6.12323399573677E-17,1.));
#6194=DIRECTION('',(0.,-1.,-6.12323399573677E-17));
#6195=DIRECTION('',(0.,-1.91378682212553E-16,1.));
#6196=DIRECTION('',(0.,-1.,-1.91378682212553E-16));
#6197=DIRECTION('',(0.,1.,1.91378682212553E-16));
#6198=DIRECTION('',(1.,0.,0.));
#6199=DIRECTION('',(0.,1.,1.91378682212553E-16));
#6200=DIRECTION('',(1.,0.,0.));
#6201=DIRECTION('',(0.,-1.,-6.12323399573677E-17));
#6202=DIRECTION('',(0.,1.,1.91378682212553E-16));
#6203=DIRECTION('',(0.,1.91378682212553E-16,-1.));
#6204=DIRECTION('',(0.,-1.91378682212553E-16,1.));
#6205=DIRECTION('',(0.,-1.,-1.91378682212553E-16));
#6206=DIRECTION('',(0.,1.,1.91378682212553E-16));
#6207=DIRECTION('',(1.,0.,0.));
#6208=DIRECTION('',(1.,0.,0.));
#6209=DIRECTION('',(0.,-1.,-6.12323399573677E-17));
#6210=DIRECTION('',(0.,1.91378682212553E-16,-1.));
#6211=DIRECTION('',(0.,-1.,-1.91378682212553E-16));
#6212=DIRECTION('',(1.,0.,0.));
#6213=DIRECTION('',(0.,-6.12323399573677E-17,1.));
#6214=DIRECTION('',(0.,-1.,-6.12323399573677E-17));
#6215=DIRECTION('',(0.,1.,6.12323399573677E-17));
#6216=DIRECTION('',(1.,0.,0.));
#6217=DIRECTION('',(0.,1.,6.12323399573677E-17));
#6218=DIRECTION('',(-1.,0.,0.));
#6219=DIRECTION('',(0.,1.,6.12323399573677E-17));
#6220=DIRECTION('',(0.,1.,6.12323399573677E-17));
#6221=DIRECTION('',(0.,-6.12323399573677E-17,1.));
#6222=DIRECTION('',(0.,-6.12323399573677E-17,1.));
#6223=DIRECTION('',(0.,-1.,-6.12323399573677E-17));
#6224=DIRECTION('',(0.,1.,6.12323399573677E-17));
#6225=DIRECTION('',(1.,0.,0.));
#6226=DIRECTION('',(-1.,0.,0.));
#6227=DIRECTION('',(0.,1.,6.12323399573677E-17));
#6228=DIRECTION('',(0.,-6.12323399573677E-17,1.));
#6229=DIRECTION('',(0.,1.,6.12323399573677E-17));
#6230=DIRECTION('',(1.,0.,0.));
#6231=DIRECTION('',(0.,0.,1.));
#6232=DIRECTION('',(1.,0.,0.));
#6233=DIRECTION('',(0.,0.926946813223158,0.375192757733184));
#6234=DIRECTION('',(-1.,0.,0.));
#6235=DIRECTION('',(-1.,0.,0.));
#6236=DIRECTION('',(0.,-0.375192757733184,0.926946813223158));
#6237=DIRECTION('',(1.,0.,0.));
#6238=DIRECTION('',(0.,-0.375192757733184,0.926946813223158));
#6239=DIRECTION('',(1.,0.,0.));
#6240=DIRECTION('',(0.,-0.375192757733184,0.926946813223158));
#6241=DIRECTION('',(1.,0.,0.));
#6242=DIRECTION('',(0.,-0.375192757733184,0.926946813223158));
#6243=DIRECTION('',(1.,0.,0.));
#6244=DIRECTION('',(0.,0.926946813223158,0.375192757733184));
#6245=DIRECTION('',(1.,0.,0.));
#6246=DIRECTION('',(0.,-0.926946813223158,-0.375192757733184));
#6247=DIRECTION('',(1.,0.,0.));
#6248=DIRECTION('',(1.,0.,0.));
#6249=DIRECTION('',(0.,-0.926946813223158,-0.375192757733184));
#6250=DIRECTION('',(1.,0.,0.));
#6251=DIRECTION('',(1.,0.,0.));
#6252=DIRECTION('',(0.,0.926946813223158,0.375192757733184));
#6253=DIRECTION('',(1.,0.,0.));
#6254=DIRECTION('',(0.,-0.926946813223158,-0.375192757733184));
#6255=DIRECTION('',(-1.,0.,0.));
#6256=DIRECTION('',(0.,0.926946813223158,0.375192757733184));
#6257=DIRECTION('',(0.,-0.926946813223158,-0.375192757733185));
#6258=DIRECTION('',(0.,0.375192757733185,-0.926946813223158));
#6259=DIRECTION('',(0.,-0.375192757733185,0.926946813223158));
#6260=DIRECTION('',(1.,0.,0.));
#6261=DIRECTION('',(0.,-0.375192757733185,0.926946813223158));
#6262=DIRECTION('',(-1.,0.,0.));
#6263=DIRECTION('',(0.,0.375192757733184,-0.926946813223158));
#6264=DIRECTION('',(1.,0.,0.));
#6265=DIRECTION('',(0.,-0.926946813223158,-0.375192757733184));
#6266=DIRECTION('',(0.,-0.375192757733185,0.926946813223158));
#6267=DIRECTION('',(0.,-1.,3.88578058618805E-16));
#6268=DIRECTION('',(0.,-0.375192757733184,0.926946813223158));
#6269=DIRECTION('',(0.,-1.,2.77555756156289E-16));
#6270=DIRECTION('',(0.,0.,-1.));
#6271=DIRECTION('',(1.,0.,0.));
#6272=DIRECTION('',(0.,-0.926946813223158,-0.375192757733184));
#6273=DIRECTION('',(0.,-0.926946813223158,-0.375192757733184));
#6274=DIRECTION('',(1.,0.,0.));
#6275=DIRECTION('',(0.,-0.375192757733184,0.926946813223158));
#6276=DIRECTION('',(1.,0.,0.));
#6277=DIRECTION('',(1.,0.,0.));
#6278=DIRECTION('',(-1.,0.,0.));
#6279=DIRECTION('',(0.,0.375192757733184,-0.926946813223158));
#6280=DIRECTION('',(0.,0.,-1.));
#6281=DIRECTION('',(0.,-1.,2.77555756156289E-16));
#6282=DIRECTION('',(0.,-1.,3.88578058618805E-16));
#6283=DIRECTION('',(0.,-1.,0.));
#6284=DIRECTION('',(0.,0.,-1.));
#6285=DIRECTION('',(0.,5.55111512312578E-17,1.));
#6286=DIRECTION('',(1.,0.,0.));
#6287=DIRECTION('',(0.,-0.926946813223158,-0.375192757733185));
#6288=DIRECTION('',(0.,0.375192757733185,-0.926946813223158));
#6289=DIRECTION('',(0.,-0.375192757733185,0.926946813223158));
#6290=DIRECTION('',(1.,0.,0.));
#6291=DIRECTION('',(1.,0.,0.));
#6292=DIRECTION('',(1.,0.,0.));
#6293=DIRECTION('',(0.,0.926946813223158,0.375192757733184));
#6294=DIRECTION('',(1.,0.,0.));
#6295=DIRECTION('',(0.,-0.926946813223158,-0.375192757733184));
#6296=DIRECTION('',(1.,0.,0.));
#6297=DIRECTION('',(0.,-1.,0.));
#6298=DIRECTION('',(0.,0.,-1.));
#6299=DIRECTION('',(1.,0.,0.));
#6300=DIRECTION('',(0.,5.55111512312578E-17,1.));
#6301=DIRECTION('',(1.,0.,0.));
#6302=DIRECTION('',(0.,0.926946813223158,0.375192757733184));
#6303=DIRECTION('',(-1.,0.,0.));
#6304=DIRECTION('',(0.,0.926946813223158,0.375192757733184));
#6305=DIRECTION('',(-1.,0.,0.));
#6306=DIRECTION('',(0.,0.375192757733184,-0.926946813223158));
#6307=DIRECTION('',(0.,-1.,-5.55111512312578E-17));
#6308=DIRECTION('',(0.,1.,-1.11022302462516E-16));
#6309=DIRECTION('',(0.,1.11022302462516E-16,1.));
#6310=DIRECTION('',(0.,-1.,1.66533453693773E-16));
#6311=DIRECTION('',(0.,1.,-1.11022302462516E-16));
#6312=DIRECTION('',(0.,5.55111512312578E-17,-1.));
#6313=DIRECTION('',(0.,1.,5.55111512312578E-17));
#6314=DIRECTION('',(0.,-1.,-5.55111512312578E-17));
#6315=DIRECTION('',(-1.,0.,0.));
#6316=DIRECTION('',(0.,0.375192757733184,-0.926946813223158));
#6317=DIRECTION('',(-1.,0.,0.));
#6318=DIRECTION('',(0.,-0.926946813223158,-0.375192757733184));
#6319=DIRECTION('',(0.,-0.926946813223158,-0.375192757733184));
#6320=DIRECTION('',(0.,-0.375192757733184,0.926946813223158));
#6321=DIRECTION('',(0.,-0.926946813223158,-0.375192757733184));
#6322=DIRECTION('',(0.,-0.375192757733184,0.926946813223158));
#6323=DIRECTION('',(0.,-0.926946813223158,-0.375192757733184));
#6324=DIRECTION('',(1.,0.,0.));
#6325=DIRECTION('',(0.,-0.926946813223158,-0.375192757733184));
#6326=DIRECTION('',(-1.,0.,0.));
#6327=DIRECTION('',(0.,-0.926946813223158,-0.375192757733184));
#6328=DIRECTION('',(0.,-0.375192757733184,0.926946813223158));
#6329=DIRECTION('',(0.,-0.926946813223158,-0.375192757733184));
#6330=DIRECTION('',(0.,-0.375192757733184,0.926946813223158));
#6331=DIRECTION('',(0.,-0.926946813223158,-0.375192757733184));
#6332=DIRECTION('',(1.,0.,0.));
#6333=DIRECTION('',(0.,0.926946813223158,0.375192757733184));
#6334=DIRECTION('',(-1.,0.,0.));
#6335=CARTESIAN_POINT('',(0.,0.,0.));
#6336=CARTESIAN_POINT('',(0.5005,-0.0959,0.00249999999999997));
#6337=CARTESIAN_POINT('',(0.0905,-0.0959,0.00249999999999997));
#6338=CARTESIAN_POINT('',(0.0925,-0.0959,0.00249999999999997));
#6339=CARTESIAN_POINT('',(0.1085,-0.0959,0.00249999999999997));
#6340=CARTESIAN_POINT('',(0.3045,-0.0959,-0.1935));
#6341=CARTESIAN_POINT('',(0.1105,-0.0959,0.000499999999999973));
#6342=CARTESIAN_POINT('',(0.1105,-0.0959,0.00249999999999997));
#6343=CARTESIAN_POINT('',(0.1105,-0.0959,-2.77555756156289E-17));
#6344=CARTESIAN_POINT('',(0.5005,-0.0959,-2.77555756156289E-17));
#6345=CARTESIAN_POINT('',(0.0605,-0.0959,-2.77555756156289E-17));
#6346=CARTESIAN_POINT('',(0.0605,-0.0959,0.00249999999999997));
#6347=CARTESIAN_POINT('',(0.0605,-0.0959,0.005));
#6348=CARTESIAN_POINT('',(0.5005,-0.0959,0.005));
#6349=CARTESIAN_POINT('',(0.0905,-0.0959,0.005));
#6350=CARTESIAN_POINT('',(0.0905,-0.0959,0.00249999999999997));
#6351=CARTESIAN_POINT('',(0.0905,-0.0959,0.0045));
#6352=CARTESIAN_POINT('',(0.0925,-0.0959,0.00249999999999997));
#6353=CARTESIAN_POINT('',(0.1105,-0.113389023020913,-0.1));
#6354=CARTESIAN_POINT('',(0.1105,-0.1134,0.000499999999999973));
#6355=CARTESIAN_POINT('',(0.1105,-0.1154,0.000499999999999973));
#6356=CARTESIAN_POINT('',(0.1105,-0.1154,-0.1));
#6357=CARTESIAN_POINT('',(0.1105,-0.1154,0.03));
#6358=CARTESIAN_POINT('',(0.1105,-0.1159,0.03));
#6359=CARTESIAN_POINT('',(0.1105,-0.1159,0.03));
#6360=CARTESIAN_POINT('',(0.1105,-0.1159,0.1));
#6361=CARTESIAN_POINT('',(0.1105,-0.1159,-2.77555756156289E-17));
#6362=CARTESIAN_POINT('',(0.1105,0.3041,-2.77555756156289E-17));
#6363=CARTESIAN_POINT('',(0.0455,-0.1159,0.03));
#6364=CARTESIAN_POINT('',(0.039,-0.0659,0.03));
#6365=CARTESIAN_POINT('',(0.039,-0.076,0.03));
#6366=CARTESIAN_POINT('',(0.039,-0.0558,0.03));
#6367=CARTESIAN_POINT('',(0.0455,-0.076,0.03));
#6368=CARTESIAN_POINT('',(0.032,-0.076,0.03));
#6369=CARTESIAN_POINT('',(0.032,-0.0659,0.03));
#6370=CARTESIAN_POINT('',(0.032,-0.0558,0.03));
#6371=CARTESIAN_POINT('',(0.032,-0.0558,0.03));
#6372=CARTESIAN_POINT('',(0.07825,-0.08315,0.03));
#6373=CARTESIAN_POINT('',(0.1085,-0.1134,0.03));
#6374=CARTESIAN_POINT('',(0.0905,-0.1134,0.03));
#6375=CARTESIAN_POINT('',(0.0925,-0.1134,0.03));
#6376=CARTESIAN_POINT('',(0.0905,-0.1114,0.03));
#6377=CARTESIAN_POINT('',(0.0905,-0.1114,0.03));
#6378=CARTESIAN_POINT('',(0.0905,-0.1159,0.03));
#6379=CARTESIAN_POINT('',(0.0905,-0.1109,0.03));
#6380=CARTESIAN_POINT('',(0.5005,-0.1109,0.03));
#6381=CARTESIAN_POINT('',(0.0605,-0.1109,0.03));
#6382=CARTESIAN_POINT('',(0.0605,-0.1159,0.03));
#6383=CARTESIAN_POINT('',(0.0605,-0.0859,0.03));
#6384=CARTESIAN_POINT('',(0.0455,-0.0859,0.03));
#6385=CARTESIAN_POINT('',(0.0405,-0.0859,0.03));
#6386=CARTESIAN_POINT('',(0.0405,-0.1159,0.03));
#6387=CARTESIAN_POINT('',(0.0405,-0.0759,0.03));
#6388=CARTESIAN_POINT('',(0.0455,-0.0759,0.03));
#6389=CARTESIAN_POINT('',(0.0605,-0.0759,0.03));
#6390=CARTESIAN_POINT('',(0.0605,-0.1159,0.03));
#6391=CARTESIAN_POINT('',(0.0605,0.0140999999999997,0.03));
#6392=CARTESIAN_POINT('',(0.0455,0.0140999999999997,0.03));
#6393=CARTESIAN_POINT('',(0.0405,0.0140999999999997,0.03));
#6394=CARTESIAN_POINT('',(0.0405,-0.1159,0.03));
#6395=CARTESIAN_POINT('',(0.0405,0.0240999999999998,0.03));
#6396=CARTESIAN_POINT('',(0.0455,0.0240999999999998,0.03));
#6397=CARTESIAN_POINT('',(0.0605,0.0240999999999998,0.03));
#6398=CARTESIAN_POINT('',(0.0605,-0.1159,0.03));
#6399=CARTESIAN_POINT('',(0.0605,0.0941,0.03));
#6400=CARTESIAN_POINT('',(0.0455,0.0941,0.03));
#6401=CARTESIAN_POINT('',(0.0305,0.0941,0.03));
#6402=CARTESIAN_POINT('',(0.0305,-0.1159,0.03));
#6403=CARTESIAN_POINT('',(0.0305,-0.1159,0.03));
#6404=CARTESIAN_POINT('',(0.0455,-0.1159,0.03));
#6405=CARTESIAN_POINT('',(0.5005,-0.1109,0.0175));
#6406=CARTESIAN_POINT('',(0.0905,-0.1109,0.0175));
#6407=CARTESIAN_POINT('',(0.0905,-0.1109,0.005));
#6408=CARTESIAN_POINT('',(0.5005,-0.1109,0.005));
#6409=CARTESIAN_POINT('',(0.0605,-0.1109,0.005));
#6410=CARTESIAN_POINT('',(0.0605,-0.1109,0.0175));
#6411=CARTESIAN_POINT('',(0.5005,-0.1034,0.005));
#6412=CARTESIAN_POINT('',(0.0605,-0.1034,0.005));
#6413=CARTESIAN_POINT('',(0.0905,-0.1034,0.005));
#6414=CARTESIAN_POINT('',(0.2805,-0.1159,0.1));
#6415=CARTESIAN_POINT('',(0.0305,-0.1159,0.1));
#6416=CARTESIAN_POINT('',(0.0305,-0.1159,-2.77555756156289E-17));
#6417=CARTESIAN_POINT('',(0.2805,-0.1159,-2.77555756156289E-17));
#6418=CARTESIAN_POINT('',(0.051,-0.1159,0.015));
#6419=CARTESIAN_POINT('',(0.051,-0.1159,0.0205));
#6420=CARTESIAN_POINT('',(0.051,-0.1159,0.0095));
#6421=CARTESIAN_POINT('',(0.0455,-0.1159,0.0095));
#6422=CARTESIAN_POINT('',(0.04,-0.1159,0.0095));
#6423=CARTESIAN_POINT('',(0.04,-0.1159,0.015));
#6424=CARTESIAN_POINT('',(0.04,-0.1159,0.0205));
#6425=CARTESIAN_POINT('',(0.0455,-0.1159,0.0205));
#6426=CARTESIAN_POINT('',(0.2805,0.3041,-2.77555756156289E-17));
#6427=CARTESIAN_POINT('',(0.2805,0.0941,0.));
#6428=CARTESIAN_POINT('',(0.0305,0.0941,0.));
#6429=CARTESIAN_POINT('',(0.0605,0.0941,0.));
#6430=CARTESIAN_POINT('',(0.0605,-0.1159,-2.77555756156289E-17));
#6431=CARTESIAN_POINT('',(0.0305,0.3041,-2.77555756156289E-17));
#6432=CARTESIAN_POINT('',(0.0305,0.3041,0.1));
#6433=CARTESIAN_POINT('',(0.0305,-0.0134000000000001,0.0175));
#6434=CARTESIAN_POINT('',(0.0305,-0.0134000000000001,0.0125));
#6435=CARTESIAN_POINT('',(0.0305,-0.0134000000000001,0.0175));
#6436=CARTESIAN_POINT('',(0.0305,0.3041,0.0125));
#6437=CARTESIAN_POINT('',(0.0305,-0.0108999999999998,0.0125));
#6438=CARTESIAN_POINT('',(0.0305,-0.0108999999999998,0.0175));
#6439=CARTESIAN_POINT('',(0.0305,-0.0108999999999998,0.0175));
#6440=CARTESIAN_POINT('',(0.0305,0.3041,0.0175));
#6441=CARTESIAN_POINT('',(0.0305,0.0866,0.0175));
#6442=CARTESIAN_POINT('',(0.0305,0.0866,0.0125));
#6443=CARTESIAN_POINT('',(0.0305,0.0866,0.0175));
#6444=CARTESIAN_POINT('',(0.0305,0.3041,0.0125));
#6445=CARTESIAN_POINT('',(0.0305,0.0891,0.0125));
#6446=CARTESIAN_POINT('',(0.0305,0.0891,0.0175));
#6447=CARTESIAN_POINT('',(0.0305,0.0891,0.0175));
#6448=CARTESIAN_POINT('',(0.0305,0.3041,0.0175));
#6449=CARTESIAN_POINT('',(0.0305,0.0941,0.1));
#6450=CARTESIAN_POINT('',(0.0605,-0.1159,0.015));
#6451=CARTESIAN_POINT('',(0.0605,0.0240999999999998,0.02));
#6452=CARTESIAN_POINT('',(0.0605,0.0240999999999998,0.02));
#6453=CARTESIAN_POINT('',(0.0605,0.0190999999999998,0.02));
#6454=CARTESIAN_POINT('',(0.0605,0.0140999999999997,0.02));
#6455=CARTESIAN_POINT('',(0.0605,0.0140999999999997,0.02));
#6456=CARTESIAN_POINT('',(0.0605,-0.0759,0.02));
#6457=CARTESIAN_POINT('',(0.0605,-0.0759,0.02));
#6458=CARTESIAN_POINT('',(0.0605,-0.0809,0.02));
#6459=CARTESIAN_POINT('',(0.0605,-0.0859,0.02));
#6460=CARTESIAN_POINT('',(0.0605,-0.0859,0.02));
#6461=CARTESIAN_POINT('',(0.0605,0.0941,0.015));
#6462=CARTESIAN_POINT('',(0.0505,0.0140999999999997,0.02));
#6463=CARTESIAN_POINT('',(0.0505,0.0140999999999997,0.02));
#6464=CARTESIAN_POINT('',(0.0405,0.0140999999999997,0.02));
#6465=CARTESIAN_POINT('',(0.0405,0.0140999999999997,0.02));
#6466=CARTESIAN_POINT('',(0.0405,0.0190999999999998,0.02));
#6467=CARTESIAN_POINT('',(0.0405,0.0190999999999998,0.02));
#6468=CARTESIAN_POINT('',(0.0405,0.0240999999999998,0.02));
#6469=CARTESIAN_POINT('',(0.0405,0.0240999999999998,0.02));
#6470=CARTESIAN_POINT('',(0.0505,0.0240999999999998,0.02));
#6471=CARTESIAN_POINT('',(0.0505,0.0240999999999998,0.02));
#6472=CARTESIAN_POINT('',(0.283,0.1191,0.02));
#6473=CARTESIAN_POINT('',(0.0505,-0.0859,0.02));
#6474=CARTESIAN_POINT('',(0.0505,-0.0859,0.02));
#6475=CARTESIAN_POINT('',(0.0405,-0.0859,0.02));
#6476=CARTESIAN_POINT('',(0.0405,-0.0859,0.02));
#6477=CARTESIAN_POINT('',(0.0405,-0.0809,0.02));
#6478=CARTESIAN_POINT('',(0.0405,-0.0809,0.02));
#6479=CARTESIAN_POINT('',(0.0405,-0.0759,0.02));
#6480=CARTESIAN_POINT('',(0.0405,-0.0759,0.02));
#6481=CARTESIAN_POINT('',(0.0505,-0.0759,0.02));
#6482=CARTESIAN_POINT('',(0.0505,-0.0759,0.02));
#6483=CARTESIAN_POINT('',(0.283,0.1191,0.02));
#6484=CARTESIAN_POINT('',(0.0355,-0.0759,0.019));
#6485=CARTESIAN_POINT('',(0.039,-0.0759,0.019));
#6486=CARTESIAN_POINT('',(0.039,-0.0759,0.029));
#6487=CARTESIAN_POINT('',(0.039,-0.0759,0.0299));
#6488=CARTESIAN_POINT('',(0.039,-0.0759,0.029));
#6489=CARTESIAN_POINT('',(0.032,-0.0759,0.029));
#6490=CARTESIAN_POINT('',(0.032,-0.0759,0.019));
#6491=CARTESIAN_POINT('',(0.032,-0.0759,0.0299));
#6492=CARTESIAN_POINT('',(0.0355,-0.0759,0.0299));
#6493=CARTESIAN_POINT('',(0.032,-0.0659,0.019));
#6494=CARTESIAN_POINT('',(0.032,-0.0559,0.019));
#6495=CARTESIAN_POINT('',(0.032,-0.0559,0.029));
#6496=CARTESIAN_POINT('',(0.032,-0.0559,0.0299));
#6497=CARTESIAN_POINT('',(0.032,-0.06635,0.01945));
#6498=CARTESIAN_POINT('',(0.032,-0.06545,0.01945));
#6499=CARTESIAN_POINT('',(0.032,-0.0759,0.029));
#6500=CARTESIAN_POINT('',(0.032,-0.0659,0.019));
#6501=CARTESIAN_POINT('',(0.032,-0.0659,0.019));
#6502=CARTESIAN_POINT('',(0.0355,-0.0559,0.019));
#6503=CARTESIAN_POINT('',(0.0355,-0.0559,0.029));
#6504=CARTESIAN_POINT('',(0.039,-0.0559,0.029));
#6505=CARTESIAN_POINT('',(0.039,-0.0559,0.019));
#6506=CARTESIAN_POINT('',(0.039,-0.0559,0.0299));
#6507=CARTESIAN_POINT('',(0.039,-0.0559,0.0299));
#6508=CARTESIAN_POINT('',(0.039,-0.0659,0.019));
#6509=CARTESIAN_POINT('',(0.039,-0.0659,0.019));
#6510=CARTESIAN_POINT('',(0.039,-0.0659,0.019));
#6511=CARTESIAN_POINT('',(0.039,-0.076,0.03));
#6512=CARTESIAN_POINT('',(0.039,-0.0559,0.0299));
#6513=CARTESIAN_POINT('',(0.039,-0.0659,0.019));
#6514=CARTESIAN_POINT('',(0.0355,-0.0759,0.029));
#6515=CARTESIAN_POINT('',(0.032,-0.0659,0.019));
#6516=CARTESIAN_POINT('',(0.27975,-0.0659,0.019));
#6517=CARTESIAN_POINT('',(0.0355,-0.0559,0.0299));
#6518=CARTESIAN_POINT('',(0.0455,-0.076,0.03));
#6519=CARTESIAN_POINT('',(0.0305,0.0741,0.0175));
#6520=CARTESIAN_POINT('',(0.0305,0.0741,0.0175));
#6521=CARTESIAN_POINT('',(0.0263333333333332,0.0623148869802241,0.0175));
#6522=CARTESIAN_POINT('',(0.0263333333333332,0.0623148869802241,0.0175));
#6523=CARTESIAN_POINT('',(0.0263333333333332,0.0623148869802241,0.0125));
#6524=CARTESIAN_POINT('',(0.0305,0.0741,0.0125));
#6525=CARTESIAN_POINT('',(0.0305,0.0741,0.0175));
#6526=CARTESIAN_POINT('',(0.0305,0.0741,0.0125));
#6527=CARTESIAN_POINT('',(0.0255,0.0599578643762689,0.0125));
#6528=CARTESIAN_POINT('',(0.0255,0.0599578643762689,0.0175));
#6529=CARTESIAN_POINT('',(0.0255,0.0599578643762689,0.0175));
#6530=CARTESIAN_POINT('',(0.0305,0.0741,0.0175));
#6531=CARTESIAN_POINT('',(0.283624063718614,0.1241,0.0175));
#6532=CARTESIAN_POINT('',(0.0259166666666665,0.0611363756782464,0.0175));
#6533=CARTESIAN_POINT('',(0.283624063718614,0.1241,0.0125));
#6534=CARTESIAN_POINT('',(0.0259166666666665,0.0611363756782464,0.0125));
#6535=CARTESIAN_POINT('',(0.0259166666666665,0.0611363756782464,0.0175));
#6536=CARTESIAN_POINT('',(0.0305,-0.0259,0.0175));
#6537=CARTESIAN_POINT('',(0.0305,-0.0259,0.0175));
#6538=CARTESIAN_POINT('',(0.0263333333333332,-0.0376851130197759,0.0175));
#6539=CARTESIAN_POINT('',(0.0263333333333332,-0.0376851130197759,0.0175));
#6540=CARTESIAN_POINT('',(0.0263333333333332,-0.0376851130197759,0.0125));
#6541=CARTESIAN_POINT('',(0.0305,-0.0259,0.0125));
#6542=CARTESIAN_POINT('',(0.0305,-0.0259,0.0175));
#6543=CARTESIAN_POINT('',(0.0305,-0.0259,0.0125));
#6544=CARTESIAN_POINT('',(0.0255,-0.0400421356237311,0.0125));
#6545=CARTESIAN_POINT('',(0.0255,-0.0400421356237311,0.0175));
#6546=CARTESIAN_POINT('',(0.0255,-0.0400421356237311,0.0175));
#6547=CARTESIAN_POINT('',(0.0305,-0.0259,0.0175));
#6548=CARTESIAN_POINT('',(0.283624063718614,0.1241,0.0175));
#6549=CARTESIAN_POINT('',(0.0259166666666666,-0.0388636243217536,0.0175));
#6550=CARTESIAN_POINT('',(0.283624063718614,0.1241,0.0125));
#6551=CARTESIAN_POINT('',(0.0259166666666666,-0.0388636243217536,0.0125));
#6552=CARTESIAN_POINT('',(0.0259166666666666,-0.0388636243217536,0.0175));
#6553=CARTESIAN_POINT('',(0.2805,0.0941,0.1));
#6554=CARTESIAN_POINT('',(0.0405,0.0941,0.015));
#6555=CARTESIAN_POINT('',(0.0405,0.0941,0.02));
#6556=CARTESIAN_POINT('',(0.0405,0.0941,0.01));
#6557=CARTESIAN_POINT('',(0.0455,0.0941,0.01));
#6558=CARTESIAN_POINT('',(0.0505,0.0941,0.01));
#6559=CARTESIAN_POINT('',(0.0505,0.0941,0.015));
#6560=CARTESIAN_POINT('',(0.0505,0.0941,0.02));
#6561=CARTESIAN_POINT('',(0.0455,0.0941,0.02));
#6562=CARTESIAN_POINT('',(0.0455,0.0991,0.02));
#6563=CARTESIAN_POINT('',(0.0505,0.0991,0.02));
#6564=CARTESIAN_POINT('',(0.0505,0.0991,0.02));
#6565=CARTESIAN_POINT('',(0.0455,0.0991,0.02));
#6566=CARTESIAN_POINT('',(0.0405,0.0991,0.02));
#6567=CARTESIAN_POINT('',(0.0405,0.0991,0.02));
#6568=CARTESIAN_POINT('',(0.0405,0.0991,0.015));
#6569=CARTESIAN_POINT('',(0.0405,0.0991,0.015));
#6570=CARTESIAN_POINT('',(0.0405,0.0991,0.01));
#6571=CARTESIAN_POINT('',(0.0405,0.0991,0.01));
#6572=CARTESIAN_POINT('',(0.0455,0.0991,0.01));
#6573=CARTESIAN_POINT('',(0.0455,0.0991,0.01));
#6574=CARTESIAN_POINT('',(0.0505,0.0991,0.01));
#6575=CARTESIAN_POINT('',(0.0505,0.0991,0.01));
#6576=CARTESIAN_POINT('',(0.0505,0.0991,0.015));
#6577=CARTESIAN_POINT('',(0.0505,0.0991,0.015));
#6578=CARTESIAN_POINT('',(0.0455,0.0991,0.015));
#6579=CARTESIAN_POINT('',(0.0455,-0.1109,0.0205));
#6580=CARTESIAN_POINT('',(0.04,-0.1109,0.0205));
#6581=CARTESIAN_POINT('',(0.04,-0.1109,0.0205));
#6582=CARTESIAN_POINT('',(0.0455,-0.1109,0.0205));
#6583=CARTESIAN_POINT('',(0.051,-0.1109,0.0205));
#6584=CARTESIAN_POINT('',(0.051,-0.1109,0.0205));
#6585=CARTESIAN_POINT('',(0.051,-0.1109,0.015));
#6586=CARTESIAN_POINT('',(0.051,-0.1109,0.015));
#6587=CARTESIAN_POINT('',(0.051,-0.1109,0.0095));
#6588=CARTESIAN_POINT('',(0.051,-0.1109,0.0095));
#6589=CARTESIAN_POINT('',(0.0455,-0.1109,0.0095));
#6590=CARTESIAN_POINT('',(0.0455,-0.1109,0.0095));
#6591=CARTESIAN_POINT('',(0.04,-0.1109,0.0095));
#6592=CARTESIAN_POINT('',(0.04,-0.1109,0.0095));
#6593=CARTESIAN_POINT('',(0.04,-0.1109,0.015));
#6594=CARTESIAN_POINT('',(0.04,-0.1109,0.015));
#6595=CARTESIAN_POINT('',(0.0705,-0.1109,0.015));
#6596=CARTESIAN_POINT('',(0.0905,-0.1134,0.0175));
#6597=CARTESIAN_POINT('',(0.0905,-0.1134,0.00249999999999997));
#6598=CARTESIAN_POINT('',(0.0925,-0.1134,0.00249999999999997));
#6599=CARTESIAN_POINT('',(0.1085,-0.1134,0.00249999999999997));
#6600=CARTESIAN_POINT('',(0.0925,-0.1134,0.03));
#6601=CARTESIAN_POINT('',(0.1085,-0.1134,0.0175));
#6602=CARTESIAN_POINT('',(0.0905,-0.10465,0.00249999999999997));
#6603=CARTESIAN_POINT('',(0.0925,-0.10465,0.00249999999999997));
#6604=CARTESIAN_POINT('',(0.1085,-0.0959,0.00249999999999997));
#6605=CARTESIAN_POINT('',(0.0905,-0.1059,0.015));
#6606=CARTESIAN_POINT('',(0.0905,-0.1114,0.00249999999999997));
#6607=CARTESIAN_POINT('',(0.0905,-0.1114,0.0045));
#6608=CARTESIAN_POINT('',(0.0905,-0.1059,0.0045));
#6609=CARTESIAN_POINT('',(0.0905,-0.1114,0.015));
#6610=CARTESIAN_POINT('',(0.0895833333333334,-0.110483333333333,0.00541666666666663));
#6611=CARTESIAN_POINT('',(0.0925,-0.10465,0.00249999999999997));
#6612=CARTESIAN_POINT('',(0.1085,-0.1134,0.0175));
#6613=CARTESIAN_POINT('',(0.109829674340304,-0.114729674340304,0.00117032565969558));
#6614=CARTESIAN_POINT('',(0.1105,-0.113389023020913,0.000499999999999973));
#6615=CARTESIAN_POINT('',(0.,0.,0.));
#6616=CARTESIAN_POINT('',(0.0127,0.0781571428571428,0.03));
#6617=CARTESIAN_POINT('',(0.0127,0.0903,0.));
#6618=CARTESIAN_POINT('',(-0.0173,0.0903,0.));
#6619=CARTESIAN_POINT('',(0.0127,0.0903,-1.38777878078145E-17));
#6620=CARTESIAN_POINT('',(-0.0173,0.100609001709868,-0.025469298342026));
#6621=CARTESIAN_POINT('',(-0.0173,0.0781571428571428,0.03));
#6622=CARTESIAN_POINT('',(0.0127,0.0781571428571428,0.03));
#6623=CARTESIAN_POINT('',(0.0127,0.0781571428571428,0.03));
#6624=CARTESIAN_POINT('',(0.0127,0.100609001709868,-0.025469298342026));
#6625=CARTESIAN_POINT('',(-0.00230000000000003,0.0856609980118065,0.0114610637355368));
#6626=CARTESIAN_POINT('',(0.0027,0.0856609980118065,0.0114610637355368));
#6627=CARTESIAN_POINT('',(-0.0073,0.0856609980118065,0.0114610637355368));
#6628=CARTESIAN_POINT('',(0.0027,0.0837850342231406,0.0160957978016526));
#6629=CARTESIAN_POINT('',(0.0027,0.0819090704344747,0.0207305318677685));
#6630=CARTESIAN_POINT('',(-0.00230000000000003,0.0819090704344747,0.0207305318677685));
#6631=CARTESIAN_POINT('',(-0.0073,0.0819090704344747,0.0207305318677685));
#6632=CARTESIAN_POINT('',(-0.0073,0.0837850342231406,0.0160957978016526));
#6633=CARTESIAN_POINT('',(0.0127,0.0681571428571427,0.0223015655224341));
#6634=CARTESIAN_POINT('',(-0.0083,0.0681571428571427,0.0223015655224341));
#6635=CARTESIAN_POINT('',(-0.0083,0.0181571428571427,0.0223015655224341));
#6636=CARTESIAN_POINT('',(-0.0083,0.0218098021959848,0.00354192763577483));
#6637=CARTESIAN_POINT('',(0.0127,0.0181571428571427,0.0223015655224341));
#6638=CARTESIAN_POINT('',(-0.0173,0.0181571428571427,0.0223015655224341));
#6639=CARTESIAN_POINT('',(-0.0173,0.0681571428571427,0.0223015655224341));
#6640=CARTESIAN_POINT('',(-0.0173,0.0218098021959848,0.00354192763577483));
#6641=CARTESIAN_POINT('',(0.0127,0.0218098021959848,0.00354192763577483));
#6642=CARTESIAN_POINT('',(0.0127,0.0306571428571427,0.015));
#6643=CARTESIAN_POINT('',(-0.0083,0.0306571428571427,0.015));
#6644=CARTESIAN_POINT('',(-0.0083,0.0260224087910269,0.0131240362113341));
#6645=CARTESIAN_POINT('',(-0.0173,0.0306571428571427,0.015));
#6646=CARTESIAN_POINT('',(-0.0173,0.0352918769232584,0.0168759637886659));
#6647=CARTESIAN_POINT('',(0.0127,0.0171720110009412,0.015));
#6648=CARTESIAN_POINT('',(-0.0083,0.0171720110009412,0.015));
#6649=CARTESIAN_POINT('',(-0.0083,0.0232434395723699,1.38777878078145E-17));
#6650=CARTESIAN_POINT('',(-0.0173,0.0171720110009412,0.015));
#6651=CARTESIAN_POINT('',(-0.0173,0.0232434395723699,1.38777878078145E-17));
#6652=CARTESIAN_POINT('',(0.0127,0.0232434395723699,1.38777878078145E-17));
#6653=CARTESIAN_POINT('',(0.0037,0.0311965481313907,0.015));
#6654=CARTESIAN_POINT('',(0.0037,0.0306571428571427,0.015));
#6655=CARTESIAN_POINT('',(0.0037,0.0260224087910269,0.0131240362113341));
#6656=CARTESIAN_POINT('',(0.0037,0.0171720110009412,0.015));
#6657=CARTESIAN_POINT('',(0.0037,0.0232434395723699,1.38777878078145E-17));
#6658=CARTESIAN_POINT('',(0.0037,0.0218098021959848,0.00354192763577483));
#6659=CARTESIAN_POINT('',(0.0037,0.0681571428571427,0.0223015655224341));
#6660=CARTESIAN_POINT('',(0.0037,0.0181571428571427,0.0223015655224341));
#6661=CARTESIAN_POINT('',(0.0037,0.0181571428571426,0.015));
#6662=CARTESIAN_POINT('',(0.0037,0.0181571428571426,0.03));
#6663=CARTESIAN_POINT('',(0.0037,0.0251251195599621,0.03));
#6664=CARTESIAN_POINT('',(0.0037,0.0391496566904116,0.03));
#6665=CARTESIAN_POINT('',(0.0037,0.0452210852618402,0.015));
#6666=CARTESIAN_POINT('',(0.0037,0.0512925138332688,0.));
#6667=CARTESIAN_POINT('',(0.0037,0.0372679767028193,1.38777878078145E-17));
#6668=CARTESIAN_POINT('',(0.0037,0.0452210852618402,0.015));
#6669=CARTESIAN_POINT('',(-0.0083,0.0452210852618402,0.015));
#6670=CARTESIAN_POINT('',(-0.0083,0.0512925138332688,0.));
#6671=CARTESIAN_POINT('',(-0.0083,0.0391496566904116,0.03));
#6672=CARTESIAN_POINT('',(0.0037,0.0512925138332688,0.));
#6673=CARTESIAN_POINT('',(0.0037,0.0391496566904116,0.03));
#6674=CARTESIAN_POINT('',(-0.0083,0.0311965481313907,0.015));
#6675=CARTESIAN_POINT('',(-0.0083,0.0181571428571426,0.015));
#6676=CARTESIAN_POINT('',(-0.0083,0.0181571428571427,0.03));
#6677=CARTESIAN_POINT('',(-0.0083,0.0372679767028193,1.38777878078145E-17));
#6678=CARTESIAN_POINT('',(-0.0083,0.0251251195599621,0.03));
#6679=CARTESIAN_POINT('',(0.0127,0.0181571428571426,0.0212830724129277));
#6680=CARTESIAN_POINT('',(-0.0173,0.0181571428571426,0.0212830724129277));
#6681=CARTESIAN_POINT('',(-0.0173,0.0181571428571427,0.03));
#6682=CARTESIAN_POINT('',(0.0127,0.0181571428571427,0.03));
#6683=CARTESIAN_POINT('',(0.0127,0.0171720110009412,0.015));
#6684=CARTESIAN_POINT('',(0.0127,0.0171720110009412,0.015));
#6685=CARTESIAN_POINT('',(0.0127,0.0232434395723699,1.38777878078145E-17));
#6686=CARTESIAN_POINT('',(0.0127,0.0218098021959848,0.00354192763577483));
#6687=CARTESIAN_POINT('',(0.0127,0.0218098021959848,0.00354192763577483));
#6688=CARTESIAN_POINT('',(0.0127,0.0232434395723699,1.38777878078145E-17));
#6689=CARTESIAN_POINT('',(0.0127,0.0681571428571427,0.0223015655224341));
#6690=CARTESIAN_POINT('',(0.0127,0.0681571428571427,0.0223015655224341));
#6691=CARTESIAN_POINT('',(0.0127,0.0181571428571427,0.0223015655224341));
#6692=CARTESIAN_POINT('',(0.0127,0.0181571428571427,0.0223015655224341));
#6693=CARTESIAN_POINT('',(0.0127,0.0181571428571426,0.0212830724129277));
#6694=CARTESIAN_POINT('',(0.0127,0.0181571428571426,0.0212830724129277));
#6695=CARTESIAN_POINT('',(0.0127,0.0181571428571427,0.03));
#6696=CARTESIAN_POINT('',(0.0127,0.0181571428571427,0.03));
#6697=CARTESIAN_POINT('',(0.0127,0.0306571428571427,0.015));
#6698=CARTESIAN_POINT('',(0.0127,0.0306571428571427,0.015));
#6699=CARTESIAN_POINT('',(0.0127,0.0352918769232584,0.0168759637886659));
#6700=CARTESIAN_POINT('',(0.0127,0.237650797613697,0.03));
#6701=CARTESIAN_POINT('',(0.0127,0.206663402655713,1.38777878078145E-17));
#6702=CARTESIAN_POINT('',(0.0127,0.237650797613697,0.03));
#6703=CARTESIAN_POINT('',(0.0127,0.237650797613697,0.03));
#6704=CARTESIAN_POINT('',(-0.0173,0.237650797613697,0.03));
#6705=CARTESIAN_POINT('',(0.0127,0.206663402655713,1.38777878078145E-17));
#6706=CARTESIAN_POINT('',(-0.0173,0.206663402655713,1.38777878078145E-17));
#6707=CARTESIAN_POINT('',(-0.0173,0.237650797613697,0.03));
#6708=CARTESIAN_POINT('',(0.0027,0.0884197682892564,0.0179717615903186));
#6709=CARTESIAN_POINT('',(0.0027,0.0902957320779223,0.0133370275242027));
#6710=CARTESIAN_POINT('',(0.0027,0.0902957320779223,0.0133370275242027));
#6711=CARTESIAN_POINT('',(0.0027,0.0884197682892564,0.0179717615903186));
#6712=CARTESIAN_POINT('',(0.0027,0.0865438045005905,0.0226064956564343));
#6713=CARTESIAN_POINT('',(0.0027,0.0865438045005905,0.0226064956564343));
#6714=CARTESIAN_POINT('',(-0.00230000000000003,0.0902957320779223,0.0133370275242027));
#6715=CARTESIAN_POINT('',(-0.0073,0.0902957320779223,0.0133370275242027));
#6716=CARTESIAN_POINT('',(-0.0073,0.0902957320779223,0.0133370275242027));
#6717=CARTESIAN_POINT('',(-0.00230000000000003,0.0902957320779223,0.0133370275242027));
#6718=CARTESIAN_POINT('',(-0.0073,0.0884197682892564,0.0179717615903186));
#6719=CARTESIAN_POINT('',(-0.0073,0.0865438045005905,0.0226064956564343));
#6720=CARTESIAN_POINT('',(-0.0073,0.0865438045005905,0.0226064956564343));
#6721=CARTESIAN_POINT('',(-0.0073,0.0884197682892564,0.0179717615903186));
#6722=CARTESIAN_POINT('',(-0.00230000000000003,0.0865438045005905,0.0226064956564343));
#6723=CARTESIAN_POINT('',(-0.00230000000000003,0.0865438045005905,0.0226064956564343));
#6724=CARTESIAN_POINT('',(-0.00230000000000003,0.0888633054946872,0.0168759637886659));
#6725=CARTESIAN_POINT('',(0.,0.,0.));
#6726=CARTESIAN_POINT('',(0.0164,4.59242549680257E-19,0.004));
#6727=CARTESIAN_POINT('',(0.0222770871866842,-0.00587708718668416,0.002));
#6728=CARTESIAN_POINT('',(0.0247114564066579,-2.6779793660392E-17,0.002));
#6729=CARTESIAN_POINT('',(0.0222770871866842,0.00587708718668418,0.002));
#6730=CARTESIAN_POINT('',(0.0164,0.00831145640665791,0.002));
#6731=CARTESIAN_POINT('',(0.0105229128133158,0.00587708718668419,0.002));
#6732=CARTESIAN_POINT('',(0.00808854359334209,-5.84452733605467E-19,0.002));
#6733=CARTESIAN_POINT('',(0.0105229128133158,-0.00587708718668418,0.002));
#6734=CARTESIAN_POINT('',(0.0164,-0.00831145640665791,0.002));
#6735=CARTESIAN_POINT('',(0.0222770871866842,-0.00587708718668416,0.002));
#6736=CARTESIAN_POINT('',(0.0247114564066579,-2.6779793660392E-17,0.002));
#6737=CARTESIAN_POINT('',(0.0222770871866842,0.00587708718668418,0.002));
#6738=CARTESIAN_POINT('',(0.0239,1.37772764904077E-18,0.002));
#6739=CARTESIAN_POINT('',(0.0164,4.59242549680257E-19,0.004));
#6740=CARTESIAN_POINT('',(0.0239,4.59242549680257E-19,0.004));
#6741=CARTESIAN_POINT('',(0.0164,0.,0.004));
#6742=CARTESIAN_POINT('',(0.0164,7.04171909509728E-19,0.004));
#6743=CARTESIAN_POINT('',(0.0204,7.04171909509728E-19,0.004));
#6744=CARTESIAN_POINT('',(0.0164,0.,0.));
#6745=CARTESIAN_POINT('',(0.0171634630984422,0.000812797269870308,0.));
#6746=CARTESIAN_POINT('',(0.0175081449020708,2.59532262479027E-5,0.));
#6747=CARTESIAN_POINT('',(0.0172022557405807,-0.000755130367734701,0.));
#6748=CARTESIAN_POINT('',(0.0164474106513302,-0.00110721929476549,0.));
#6749=CARTESIAN_POINT('',(0.0156509602209975,-0.000816815486190878,0.));
#6750=CARTESIAN_POINT('',(0.0152927398085432,-4.80606151653602E-5,0.));
#6751=CARTESIAN_POINT('',(0.0155831188955016,0.000749063058938786,0.));
#6752=CARTESIAN_POINT('',(0.0163518434246256,0.00110700353797126,0.));
#6753=CARTESIAN_POINT('',(0.0171634630984422,0.000812797269870308,0.));
#6754=CARTESIAN_POINT('',(0.0175081449020708,2.59532262479027E-5,0.));
#6755=CARTESIAN_POINT('',(0.0172022557405807,-0.000755130367734701,0.));
#6756=CARTESIAN_POINT('',(0.0174,4.59242549680257E-19,0.));
#6757=CARTESIAN_POINT('',(0.00929051259975761,0.00294485912240122,0.002));
#6758=CARTESIAN_POINT('',(0.00870474370012119,5.58364118830035E-18,0.002));
#6759=CARTESIAN_POINT('',(0.00929051259975761,-0.00294485912240124,0.002));
#6760=CARTESIAN_POINT('',(0.0109586412937055,-0.0054413901386313,0.002));
#6761=CARTESIAN_POINT('',(0.0134551723099356,-0.00710951883257919,0.002));
#6762=CARTESIAN_POINT('',(0.0164000314323368,-0.00769528773221559,0.002));
#6763=CARTESIAN_POINT('',(0.019344890554738,-0.00710951883257918,0.002));
#6764=CARTESIAN_POINT('',(0.0218414215709681,-0.00544139013863129,0.002));
#6765=CARTESIAN_POINT('',(0.023509550264916,-0.00294485912240122,0.002));
#6766=CARTESIAN_POINT('',(0.0240953191645524,1.13037142381127E-17,0.002));
#6767=CARTESIAN_POINT('',(0.023509550264916,0.00294485912240125,0.002));
#6768=CARTESIAN_POINT('',(0.0218414215709681,0.00544139013863131,0.00200000000000001));
#6769=CARTESIAN_POINT('',(0.019344890554738,0.0071095188325792,0.00200000000000001));
#6770=CARTESIAN_POINT('',(0.0164000314323368,0.00769528773221561,0.00200000000000001));
#6771=CARTESIAN_POINT('',(0.0134551723099356,0.0071095188325792,0.00200000000000001));
#6772=CARTESIAN_POINT('',(0.0109586412937055,0.0054413901386313,0.002));
#6773=CARTESIAN_POINT('',(0.00929051259975761,0.00294485912240122,0.002));
#6774=CARTESIAN_POINT('',(0.00870474370012119,5.58364118830035E-18,0.002));
#6775=CARTESIAN_POINT('',(0.00929051259975761,-0.00294485912240124,0.002));
#6776=CARTESIAN_POINT('',(0.00928909386508159,0.00294544678154543,0.00176471985636132));
#6777=CARTESIAN_POINT('',(0.0087032080727736,5.4752209710518E-18,0.00176471985636131));
#6778=CARTESIAN_POINT('',(0.0092890938650816,-0.00294544678154544,0.00176471985636131));
#6779=CARTESIAN_POINT('',(0.0109575554411946,-0.00544247599114216,0.00176471985636131));
#6780=CARTESIAN_POINT('',(0.0134545846507913,-0.00711093756725519,0.00176471985636131));
#6781=CARTESIAN_POINT('',(0.0164000314323368,-0.00769682335956319,0.00176471985636131));
#6782=CARTESIAN_POINT('',(0.0193454782138822,-0.00711093756725518,0.00176471985636131));
#6783=CARTESIAN_POINT('',(0.0218425074234789,-0.00544247599114215,0.00176471985636131));
#6784=CARTESIAN_POINT('',(0.023510968999592,-0.00294544678154543,0.00176471985636132));
#6785=CARTESIAN_POINT('',(0.0240968547919,1.2020562191841E-17,0.00176471985636132));
#6786=CARTESIAN_POINT('',(0.023510968999592,0.00294544678154546,0.00176471985636132));
#6787=CARTESIAN_POINT('',(0.0218425074234789,0.00544247599114217,0.00176471985636132));
#6788=CARTESIAN_POINT('',(0.0193454782138822,0.0071109375672552,0.00176471985636132));
#6789=CARTESIAN_POINT('',(0.0164000314323368,0.0076968233595632,0.00176471985636132));
#6790=CARTESIAN_POINT('',(0.0134545846507913,0.0071109375672552,0.00176471985636132));
#6791=CARTESIAN_POINT('',(0.0109575554411946,0.00544247599114216,0.00176471985636132));
#6792=CARTESIAN_POINT('',(0.00928909386508159,0.00294544678154543,0.00176471985636132));
#6793=CARTESIAN_POINT('',(0.0087032080727736,5.4752209710518E-18,0.00176471985636131));
#6794=CARTESIAN_POINT('',(0.0092890938650816,-0.00294544678154544,0.00176471985636131));
#6795=CARTESIAN_POINT('',(0.00948975699081852,0.00286232939339702,0.00138264434880082));
#6796=CARTESIAN_POINT('',(0.00892040427495753,5.20417042793042E-18,0.00138264434880082));
#6797=CARTESIAN_POINT('',(0.00948975699081852,-0.00286232939339704,0.00138264434880082));
#6798=CARTESIAN_POINT('',(0.0111111363486069,-0.00528889508372993,0.00138264434880081));
#6799=CARTESIAN_POINT('',(0.0135377020389398,-0.00691027444151828,0.00138264434880081));
#6800=CARTESIAN_POINT('',(0.0164000314323368,-0.00747962715737926,0.00138264434880081));
#6801=CARTESIAN_POINT('',(0.0192623608257338,-0.00691027444151828,0.00138264434880082));
#6802=CARTESIAN_POINT('',(0.0216889265160668,-0.00528889508372993,0.00138264434880082));
#6803=CARTESIAN_POINT('',(0.0233103058738551,-0.00286232939339703,0.00138264434880082));
#6804=CARTESIAN_POINT('',(0.0238796585897161,1.18196863431662E-17,0.00138264434880082));
#6805=CARTESIAN_POINT('',(0.0233103058738551,0.00286232939339705,0.00138264434880082));
#6806=CARTESIAN_POINT('',(0.0216889265160667,0.00528889508372995,0.00138264434880082));
#6807=CARTESIAN_POINT('',(0.0192623608257338,0.00691027444151829,0.00138264434880082));
#6808=CARTESIAN_POINT('',(0.0164000314323368,0.00747962715737927,0.00138264434880082));
#6809=CARTESIAN_POINT('',(0.0135377020389398,0.0069102744415183,0.00138264434880082));
#6810=CARTESIAN_POINT('',(0.0111111363486068,0.00528889508372994,0.00138264434880082));
#6811=CARTESIAN_POINT('',(0.00948975699081852,0.00286232939339702,0.00138264434880082));
#6812=CARTESIAN_POINT('',(0.00892040427495753,5.20417042793042E-18,0.00138264434880082));
#6813=CARTESIAN_POINT('',(0.00948975699081852,-0.00286232939339704,0.00138264434880082));
#6814=CARTESIAN_POINT('',(0.0103196327016093,0.00251858361890347,0.000858683026421154));
#6815=CARTESIAN_POINT('',(0.00981865527152959,4.49943901581484E-18,0.000858683026421152));
#6816=CARTESIAN_POINT('',(0.0103196327016093,-0.00251858361890348,0.000858683026421151));
#6817=CARTESIAN_POINT('',(0.0117462957194905,-0.00465373571284627,0.00085868302642115));
#6818=CARTESIAN_POINT('',(0.0138814478134333,-0.00608039873072749,0.00085868302642115));
#6819=CARTESIAN_POINT('',(0.0164000314323368,-0.00658137616080721,0.00085868302642115));
#6820=CARTESIAN_POINT('',(0.0189186150512403,-0.00608039873072748,0.000858683026421151));
#6821=CARTESIAN_POINT('',(0.0210537671451831,-0.00465373571284626,0.000858683026421153));
#6822=CARTESIAN_POINT('',(0.0224804301630643,-0.00251858361890347,0.000858683026421154));
#6823=CARTESIAN_POINT('',(0.022981407593144,1.31057768333963E-17,0.000858683026421155));
#6824=CARTESIAN_POINT('',(0.0224804301630643,0.00251858361890349,0.000858683026421156));
#6825=CARTESIAN_POINT('',(0.0210537671451831,0.00465373571284627,0.000858683026421157));
#6826=CARTESIAN_POINT('',(0.0189186150512403,0.00608039873072751,0.000858683026421157));
#6827=CARTESIAN_POINT('',(0.0164000314323368,0.00658137616080722,0.000858683026421157));
#6828=CARTESIAN_POINT('',(0.0138814478134333,0.0060803987307275,0.000858683026421157));
#6829=CARTESIAN_POINT('',(0.0117462957194905,0.00465373571284627,0.000858683026421155));
#6830=CARTESIAN_POINT('',(0.0103196327016093,0.00251858361890347,0.000858683026421154));
#6831=CARTESIAN_POINT('',(0.00981865527152959,4.49943901581484E-18,0.000858683026421152));
#6832=CARTESIAN_POINT('',(0.0103196327016093,-0.00251858361890348,0.000858683026421151));
#6833=CARTESIAN_POINT('',(0.0113554593152852,0.00208953018725192,0.00047167011614716));
#6834=CARTESIAN_POINT('',(0.0109398259190277,4.06575814682064E-18,0.000471670116147159));
#6835=CARTESIAN_POINT('',(0.0113554593152852,-0.00208953018725193,0.000471670116147158));
#6836=CARTESIAN_POINT('',(0.0125390830872037,-0.00386094834513307,0.000471670116147157));
#6837=CARTESIAN_POINT('',(0.0143105012450849,-0.0050445721170516,0.000471670116147157));
#6838=CARTESIAN_POINT('',(0.0164000314323368,-0.00546020551330914,0.000471670116147157));
#6839=CARTESIAN_POINT('',(0.0184895616195887,-0.00504457211705159,0.000471670116147157));
#6840=CARTESIAN_POINT('',(0.0202609797774699,-0.00386094834513306,0.000471670116147159));
#6841=CARTESIAN_POINT('',(0.0214446035493884,-0.00208953018725192,0.000471670116147159));
#6842=CARTESIAN_POINT('',(0.0218602369456459,1.22241644278148E-17,0.000471670116147161));
#6843=CARTESIAN_POINT('',(0.0214446035493884,0.00208953018725194,0.000471670116147161));
#6844=CARTESIAN_POINT('',(0.0202609797774699,0.00386094834513308,0.000471670116147162));
#6845=CARTESIAN_POINT('',(0.0184895616195887,0.00504457211705161,0.000471670116147162));
#6846=CARTESIAN_POINT('',(0.0164000314323368,0.00546020551330915,0.000471670116147162));
#6847=CARTESIAN_POINT('',(0.0143105012450849,0.00504457211705161,0.000471670116147161));
#6848=CARTESIAN_POINT('',(0.0125390830872037,0.00386094834513307,0.00047167011614716));
#6849=CARTESIAN_POINT('',(0.0113554593152852,0.00208953018725192,0.00047167011614716));
#6850=CARTESIAN_POINT('',(0.0109398259190277,4.06575814682064E-18,0.000471670116147159));
#6851=CARTESIAN_POINT('',(0.0113554593152852,-0.00208953018725193,0.000471670116147158));
#6852=CARTESIAN_POINT('',(0.013146874644985,0.0013475016618472,9.36809968095268E-5));
#6853=CARTESIAN_POINT('',(0.0128788398993789,2.79182059415017E-18,9.36809968095259E-5));
#6854=CARTESIAN_POINT('',(0.013146874644985,-0.00134750166184721,9.36809968095254E-5));
#6855=CARTESIAN_POINT('',(0.0139101730215256,-0.00248985841081116,9.36809968095248E-5));
#6856=CARTESIAN_POINT('',(0.0150525297704896,-0.00325315678735181,9.36809968095249E-5));
#6857=CARTESIAN_POINT('',(0.0164000314323368,-0.00352119153295786,9.36809968095249E-5));
#6858=CARTESIAN_POINT('',(0.017747533094184,-0.00325315678735181,9.36809968095252E-5));
#6859=CARTESIAN_POINT('',(0.018889889843148,-0.00248985841081115,9.36809968095258E-5));
#6860=CARTESIAN_POINT('',(0.0196531882196886,-0.0013475016618472,9.36809968095266E-5));
#6861=CARTESIAN_POINT('',(0.0199212229652947,1.33766602860339E-17,9.36809968095272E-5));
#6862=CARTESIAN_POINT('',(0.0196531882196886,0.00134750166184722,9.36809968095279E-5));
#6863=CARTESIAN_POINT('',(0.018889889843148,0.00248985841081117,9.36809968095282E-5));
#6864=CARTESIAN_POINT('',(0.017747533094184,0.00325315678735183,9.36809968095284E-5));
#6865=CARTESIAN_POINT('',(0.0164000314323368,0.00352119153295788,9.36809968095281E-5));
#6866=CARTESIAN_POINT('',(0.0150525297704896,0.00325315678735182,9.36809968095281E-5));
#6867=CARTESIAN_POINT('',(0.0139101730215256,0.00248985841081116,9.36809968095273E-5));
#6868=CARTESIAN_POINT('',(0.013146874644985,0.0013475016618472,9.36809968095268E-5));
#6869=CARTESIAN_POINT('',(0.0128788398993789,2.79182059415017E-18,9.36809968095259E-5));
#6870=CARTESIAN_POINT('',(0.013146874644985,-0.00134750166184721,9.36809968095254E-5));
#6871=CARTESIAN_POINT('',(0.0146072550484519,0.000742592292507312,-9.18952796757479E-7));
#6872=CARTESIAN_POINT('',(0.0144595442575514,1.68051336735253E-18,-9.1895279675783E-7));
#6873=CARTESIAN_POINT('',(0.0146072550484519,-0.000742592292507315,-9.18952796758161E-7));
#6874=CARTESIAN_POINT('',(0.0150278997922405,-0.00137213164009628,-9.18952796758345E-7));
#6875=CARTESIAN_POINT('',(0.0156574391398295,-0.00179277638388488,-9.18952796758488E-7));
#6876=CARTESIAN_POINT('',(0.0164000314323368,-0.0019404871747854,-9.18952796758406E-7));
#6877=CARTESIAN_POINT('',(0.0171426237248441,-0.00179277638388488,-9.18952796758176E-7));
#6878=CARTESIAN_POINT('',(0.0177721630724331,-0.00137213164009627,-9.18952796757877E-7));
#6879=CARTESIAN_POINT('',(0.0181928078162217,-0.000742592292507302,-9.18952796757547E-7));
#6880=CARTESIAN_POINT('',(0.0183405186071222,1.37214663884736E-17,-9.18952796757175E-7));
#6881=CARTESIAN_POINT('',(0.0181928078162217,0.000742592292507329,-9.18952796756835E-7));
#6882=CARTESIAN_POINT('',(0.0177721630724331,0.0013721316400963,-9.18952796756617E-7));
#6883=CARTESIAN_POINT('',(0.0171426237248441,0.0017927763838849,-9.18952796756531E-7));
#6884=CARTESIAN_POINT('',(0.0164000314323368,0.00194048717478541,-9.18952796756551E-7));
#6885=CARTESIAN_POINT('',(0.0156574391398295,0.0017927763838849,-9.1895279675684E-7));
#6886=CARTESIAN_POINT('',(0.0150278997922405,0.00137213164009629,-9.18952796757101E-7));
#6887=CARTESIAN_POINT('',(0.0146072550484519,0.000742592292507312,-9.18952796757479E-7));
#6888=CARTESIAN_POINT('',(0.0144595442575514,1.68051336735253E-18,-9.1895279675783E-7));
#6889=CARTESIAN_POINT('',(0.0146072550484519,-0.000742592292507315,-9.18952796758161E-7));
#6890=CARTESIAN_POINT('',(0.0154520697650409,0.00039265857920377,1.94262604062297E-19));
#6891=CARTESIAN_POINT('',(0.0153739651174795,1.0435445910173E-18,-4.56158478249125E-21));
#6892=CARTESIAN_POINT('',(0.0154520697650409,-0.00039265857920377,-1.76016264932332E-19));
#6893=CARTESIAN_POINT('',(0.0156744929831541,-0.000725538449182649,-2.93999015574955E-19));
#6894=CARTESIAN_POINT('',(0.016007372853133,-0.000947961667295889,-3.4054803244132E-19));
#6895=CARTESIAN_POINT('',(0.0164000314323368,-0.00102606631485724,-3.0857664968141E-19));
#6896=CARTESIAN_POINT('',(0.0167926900115406,-0.000947961667295884,-2.02952220499116E-19));
#6897=CARTESIAN_POINT('',(0.0171255698815195,-0.00072553844918264,-3.97551067496081E-20));
#6898=CARTESIAN_POINT('',(0.0173479930996327,-0.000392658579203758,1.56169410384273E-19));
#6899=CARTESIAN_POINT('',(0.017426097747194,1.38315004350972E-17,3.54993599229063E-19));
#6900=CARTESIAN_POINT('',(0.0173479930996327,0.000392658579203784,5.26448279378903E-19));
#6901=CARTESIAN_POINT('',(0.0171255698815195,0.000725538449182663,6.44431030021526E-19));
#6902=CARTESIAN_POINT('',(0.0167926900115406,0.000947961667295903,6.90980046887891E-19));
#6903=CARTESIAN_POINT('',(0.0164000314323368,0.00102606631485726,6.59008664127981E-19));
#6904=CARTESIAN_POINT('',(0.016007372853133,0.000947961667295898,5.53384234945688E-19));
#6905=CARTESIAN_POINT('',(0.0156744929831541,0.000725538449182653,3.90187121196179E-19));
#6906=CARTESIAN_POINT('',(0.0154520697650409,0.00039265857920377,1.94262604062297E-19));
#6907=CARTESIAN_POINT('',(0.0153739651174795,1.0435445910173E-18,-4.56158478249125E-21));
#6908=CARTESIAN_POINT('',(0.0154520697650409,-0.00039265857920377,-1.76016264932332E-19));
#6909=CARTESIAN_POINT('',(0.0164,7.04171909509728E-19,0.014));
#6910=CARTESIAN_POINT('',(0.0164,7.04171909509728E-19,0.014));
#6911=CARTESIAN_POINT('',(0.0204,7.04171909509728E-19,0.014));
#6912=CARTESIAN_POINT('',(0.0164,0.,0.014));
#6913=CARTESIAN_POINT('',(0.0164,5.81707229594993E-19,0.014));
#6914=CARTESIAN_POINT('',(0.0184,5.81707229594993E-19,0.014));
#6915=CARTESIAN_POINT('',(0.0209,-1.7347234759768E-18,0.023));
#6916=CARTESIAN_POINT('',(0.0209,-1.51788304147971E-18,0.023));
#6917=CARTESIAN_POINT('',(0.0209,-1.51788304147971E-18,0.022));
#6918=CARTESIAN_POINT('',(0.0119,-1.7347234759768E-18,0.023));
#6919=CARTESIAN_POINT('',(0.0119,-1.51788304147971E-18,0.023));
#6920=CARTESIAN_POINT('',(0.0119,-1.51788304147971E-18,0.022));
#6921=CARTESIAN_POINT('',(0.0209,-1.51788304147971E-18,0.023));
#6922=CARTESIAN_POINT('',(0.0182748899442821,0.00078553635845618,0.0237826535400478));
#6923=CARTESIAN_POINT('',(0.0184624534657558,-3.50491670916391E-7,0.0241088178719854));
#6924=CARTESIAN_POINT('',(0.0182752961926947,-0.000784134391772524,0.0237820749720105));
#6925=CARTESIAN_POINT('',(0.0180605904762885,-0.00110771908469022,0.0230035555588883));
#6926=CARTESIAN_POINT('',(0.0182746563663891,-0.000784972609142947,0.0222178422268817));
#6927=CARTESIAN_POINT('',(0.0184623844861015,-3.94123528687212E-6,0.0218913636675636));
#6928=CARTESIAN_POINT('',(0.0182757941398443,0.000784088690749554,0.0222167262016186));
#6929=CARTESIAN_POINT('',(0.0180604078257782,0.00110758917294483,0.0229964544916061));
#6930=CARTESIAN_POINT('',(0.0182748899442821,0.00078553635845618,0.0237826535400478));
#6931=CARTESIAN_POINT('',(0.0184624534657558,-3.50491670916391E-7,0.0241088178719854));
#6932=CARTESIAN_POINT('',(0.0182752961926947,-0.000784134391772524,0.0237820749720105));
#6933=CARTESIAN_POINT('',(0.0184,-1.51788304147971E-18,0.024));
#6934=CARTESIAN_POINT('',(0.0209,-1.51788304147971E-18,0.023));
#6935=CARTESIAN_POINT('',(0.0145251100557179,-0.000785536358456178,0.0237826535400478));
#6936=CARTESIAN_POINT('',(0.0143375465342442,3.50491670915036E-7,0.0241088178719854));
#6937=CARTESIAN_POINT('',(0.0145247038073053,0.00078413439177252,0.0237820749720105));
#6938=CARTESIAN_POINT('',(0.0147394095237115,0.00110771908469022,0.0230035555588882));
#6939=CARTESIAN_POINT('',(0.0145253436336109,0.000784972609142931,0.0222178422268817));
#6940=CARTESIAN_POINT('',(0.0143376155138985,3.94123528686243E-6,0.0218913636675636));
#6941=CARTESIAN_POINT('',(0.0145242058601557,-0.00078408869074956,0.0222167262016186));
#6942=CARTESIAN_POINT('',(0.0147395921742218,-0.00110758917294484,0.0229964544916061));
#6943=CARTESIAN_POINT('',(0.0145251100557179,-0.000785536358456178,0.0237826535400478));
#6944=CARTESIAN_POINT('',(0.0143375465342442,3.50491670915036E-7,0.0241088178719854));
#6945=CARTESIAN_POINT('',(0.0145247038073053,0.00078413439177252,0.0237820749720105));
#6946=CARTESIAN_POINT('',(0.0144,-1.51788304147971E-18,0.024));
#6947=CARTESIAN_POINT('',(0.0164,0.,0.024));
#6948=CARTESIAN_POINT('',(0.0164,5.81707229594993E-19,0.024));
#6949=CARTESIAN_POINT('',(0.0164,5.81707229594993E-19,0.024));
#6950=CARTESIAN_POINT('',(0.0164,5.81707229594993E-19,0.024));
#6951=CARTESIAN_POINT('',(0.,0.,0.));
#6952=CARTESIAN_POINT('',(-0.331,0.116,0.1));
#6953=CARTESIAN_POINT('',(-0.331,0.116,0.));
#6954=CARTESIAN_POINT('',(-0.081,0.116,0.));
#6955=CARTESIAN_POINT('',(-0.111,0.116,0.));
#6956=CARTESIAN_POINT('',(-0.111,0.116,0.015));
#6957=CARTESIAN_POINT('',(-0.111,0.116,0.03));
#6958=CARTESIAN_POINT('',(-0.096,0.116,0.03));
#6959=CARTESIAN_POINT('',(-0.081,0.116,0.03));
#6960=CARTESIAN_POINT('',(-0.081,0.116,0.1));
#6961=CARTESIAN_POINT('',(-0.0905,0.116,0.015));
#6962=CARTESIAN_POINT('',(-0.0905,0.116,0.0095));
#6963=CARTESIAN_POINT('',(-0.0905,0.116,0.0205));
#6964=CARTESIAN_POINT('',(-0.096,0.116,0.0205));
#6965=CARTESIAN_POINT('',(-0.1015,0.116,0.0205));
#6966=CARTESIAN_POINT('',(-0.1015,0.116,0.015));
#6967=CARTESIAN_POINT('',(-0.1015,0.116,0.0095));
#6968=CARTESIAN_POINT('',(-0.096,0.116,0.0095));
#6969=CARTESIAN_POINT('',(-0.0764166666666666,0.0489636243217533,0.0175));
#6970=CARTESIAN_POINT('',(-0.0764166666666666,0.0489636243217533,0.0125));
#6971=CARTESIAN_POINT('',(-0.076,0.050142135623731,0.0125));
#6972=CARTESIAN_POINT('',(-0.0768333333333333,0.0477851130197758,0.0125));
#6973=CARTESIAN_POINT('',(-0.0768333333333333,0.0477851130197758,0.0175));
#6974=CARTESIAN_POINT('',(-0.0768333333333333,0.0477851130197758,0.0175));
#6975=CARTESIAN_POINT('',(-0.0764166666666666,0.0489636243217533,0.0175));
#6976=CARTESIAN_POINT('',(-0.076,0.050142135623731,0.0175));
#6977=CARTESIAN_POINT('',(-0.076,0.050142135623731,0.0175));
#6978=CARTESIAN_POINT('',(-0.0764166666666666,-0.0510363756782467,0.0175));
#6979=CARTESIAN_POINT('',(-0.0764166666666666,-0.0510363756782467,0.0125));
#6980=CARTESIAN_POINT('',(-0.076,-0.0498578643762691,0.0125));
#6981=CARTESIAN_POINT('',(-0.0768333333333332,-0.0522148869802243,0.0125));
#6982=CARTESIAN_POINT('',(-0.0768333333333332,-0.0522148869802243,0.0175));
#6983=CARTESIAN_POINT('',(-0.0768333333333332,-0.0522148869802243,0.0175));
#6984=CARTESIAN_POINT('',(-0.0764166666666666,-0.0510363756782467,0.0175));
#6985=CARTESIAN_POINT('',(-0.076,-0.0498578643762691,0.0175));
#6986=CARTESIAN_POINT('',(-0.076,-0.0498578643762691,0.0175));
#6987=CARTESIAN_POINT('',(-0.091,0.091,0.02));
#6988=CARTESIAN_POINT('',(-0.091,0.326,0.03));
#6989=CARTESIAN_POINT('',(-0.091,0.096,0.03));
#6990=CARTESIAN_POINT('',(-0.091,0.086,0.03));
#6991=CARTESIAN_POINT('',(-0.091,0.096,0.02));
#6992=CARTESIAN_POINT('',(-0.091,0.096,0.02));
#6993=CARTESIAN_POINT('',(-0.091,0.091,0.02));
#6994=CARTESIAN_POINT('',(-0.091,0.086,0.02));
#6995=CARTESIAN_POINT('',(-0.091,0.086,0.02));
#6996=CARTESIAN_POINT('',(-0.091,-0.009,0.02));
#6997=CARTESIAN_POINT('',(-0.091,0.326,0.03));
#6998=CARTESIAN_POINT('',(-0.091,-0.004,0.03));
#6999=CARTESIAN_POINT('',(-0.091,-0.014,0.03));
#7000=CARTESIAN_POINT('',(-0.091,-0.004,0.02));
#7001=CARTESIAN_POINT('',(-0.091,-0.004,0.02));
#7002=CARTESIAN_POINT('',(-0.091,-0.009,0.02));
#7003=CARTESIAN_POINT('',(-0.091,-0.014,0.02));
#7004=CARTESIAN_POINT('',(-0.091,-0.014,0.02));
#7005=CARTESIAN_POINT('',(-0.334124063718615,0.086,0.0125));
#7006=CARTESIAN_POINT('',(-0.081,0.036,0.0125));
#7007=CARTESIAN_POINT('',(-0.081,0.0235,0.0125));
#7008=CARTESIAN_POINT('',(-0.081,0.036,0.0125));
#7009=CARTESIAN_POINT('',(-0.081,0.0209999999999997,0.0125));
#7010=CARTESIAN_POINT('',(-0.081,-0.094,0.0125));
#7011=CARTESIAN_POINT('',(-0.081,0.036,0.0175));
#7012=CARTESIAN_POINT('',(-0.081,0.036,0.0175));
#7013=CARTESIAN_POINT('',(-0.081,0.0209999999999997,0.0175));
#7014=CARTESIAN_POINT('',(-0.081,0.0209999999999997,0.0175));
#7015=CARTESIAN_POINT('',(-0.334124063718615,0.086,0.0175));
#7016=CARTESIAN_POINT('',(-0.081,-0.094,0.0175));
#7017=CARTESIAN_POINT('',(-0.081,0.0235,0.0175));
#7018=CARTESIAN_POINT('',(-0.081,0.036,0.0175));
#7019=CARTESIAN_POINT('',(-0.081,0.036,0.0175));
#7020=CARTESIAN_POINT('',(-0.081,0.0235,0.0175));
#7021=CARTESIAN_POINT('',(-0.334124063718615,0.086,0.0125));
#7022=CARTESIAN_POINT('',(-0.081,-0.064,0.0125));
#7023=CARTESIAN_POINT('',(-0.081,-0.0765,0.0125));
#7024=CARTESIAN_POINT('',(-0.081,-0.064,0.0125));
#7025=CARTESIAN_POINT('',(-0.081,-0.079,0.0125));
#7026=CARTESIAN_POINT('',(-0.081,-0.094,0.0125));
#7027=CARTESIAN_POINT('',(-0.081,-0.064,0.0175));
#7028=CARTESIAN_POINT('',(-0.081,-0.064,0.0175));
#7029=CARTESIAN_POINT('',(-0.081,-0.079,0.0175));
#7030=CARTESIAN_POINT('',(-0.081,-0.079,0.0175));
#7031=CARTESIAN_POINT('',(-0.334124063718615,0.086,0.0175));
#7032=CARTESIAN_POINT('',(-0.081,-0.094,0.0175));
#7033=CARTESIAN_POINT('',(-0.081,-0.0765,0.0175));
#7034=CARTESIAN_POINT('',(-0.081,-0.064,0.0175));
#7035=CARTESIAN_POINT('',(-0.081,-0.064,0.0175));
#7036=CARTESIAN_POINT('',(-0.081,-0.0765,0.0175));
#7037=CARTESIAN_POINT('',(-0.031,-0.094,0.0799741327762604));
#7038=CARTESIAN_POINT('',(-0.091,-0.094,0.015));
#7039=CARTESIAN_POINT('',(-0.091,-0.094,0.02));
#7040=CARTESIAN_POINT('',(-0.091,-0.094,0.01));
#7041=CARTESIAN_POINT('',(-0.096,-0.094,0.01));
#7042=CARTESIAN_POINT('',(-0.101,-0.094,0.01));
#7043=CARTESIAN_POINT('',(-0.101,-0.094,0.015));
#7044=CARTESIAN_POINT('',(-0.101,-0.094,0.02));
#7045=CARTESIAN_POINT('',(-0.096,-0.094,0.02));
#7046=CARTESIAN_POINT('',(-0.096,-0.094,0.03));
#7047=CARTESIAN_POINT('',(-0.111,-0.094,0.03));
#7048=CARTESIAN_POINT('',(-0.081,-0.094,0.03));
#7049=CARTESIAN_POINT('',(-0.111,-0.094,0.015));
#7050=CARTESIAN_POINT('',(-0.111,-0.094,-2.77555756156289E-17));
#7051=CARTESIAN_POINT('',(-0.031,-0.094,-2.77555756156289E-17));
#7052=CARTESIAN_POINT('',(-0.081,-0.094,-2.77555756156289E-17));
#7053=CARTESIAN_POINT('',(-0.081,-0.094,0.1));
#7054=CARTESIAN_POINT('',(-0.101,-0.014,0.02));
#7055=CARTESIAN_POINT('',(-0.111,-0.014,0.02));
#7056=CARTESIAN_POINT('',(-0.111,-0.014,0.02));
#7057=CARTESIAN_POINT('',(-0.111,-0.014,0.03));
#7058=CARTESIAN_POINT('',(-0.096,-0.014,0.03));
#7059=CARTESIAN_POINT('',(-0.101,-0.014,0.02));
#7060=CARTESIAN_POINT('',(-0.3335,0.091,0.02));
#7061=CARTESIAN_POINT('',(-0.111,-0.009,0.02));
#7062=CARTESIAN_POINT('',(-0.111,-0.004,0.02));
#7063=CARTESIAN_POINT('',(-0.101,-0.004,0.02));
#7064=CARTESIAN_POINT('',(-0.101,-0.004,0.02));
#7065=CARTESIAN_POINT('',(-0.096,-0.004,0.03));
#7066=CARTESIAN_POINT('',(-0.111,-0.004,0.03));
#7067=CARTESIAN_POINT('',(-0.111,-0.004,0.02));
#7068=CARTESIAN_POINT('',(-0.101,0.086,0.02));
#7069=CARTESIAN_POINT('',(-0.111,0.086,0.02));
#7070=CARTESIAN_POINT('',(-0.111,0.086,0.02));
#7071=CARTESIAN_POINT('',(-0.111,0.086,0.03));
#7072=CARTESIAN_POINT('',(-0.096,0.086,0.03));
#7073=CARTESIAN_POINT('',(-0.101,0.086,0.02));
#7074=CARTESIAN_POINT('',(-0.3335,0.091,0.02));
#7075=CARTESIAN_POINT('',(-0.111,0.091,0.02));
#7076=CARTESIAN_POINT('',(-0.111,0.096,0.02));
#7077=CARTESIAN_POINT('',(-0.101,0.096,0.02));
#7078=CARTESIAN_POINT('',(-0.101,0.096,0.02));
#7079=CARTESIAN_POINT('',(-0.096,0.096,0.03));
#7080=CARTESIAN_POINT('',(-0.111,0.096,0.03));
#7081=CARTESIAN_POINT('',(-0.111,0.096,0.02));
#7082=CARTESIAN_POINT('',(-0.111,0.326,0.015));
#7083=CARTESIAN_POINT('',(-0.111,0.326,0.));
#7084=CARTESIAN_POINT('',(-0.111,0.326,0.03));
#7085=CARTESIAN_POINT('',(-0.111,0.326,0.03));
#7086=CARTESIAN_POINT('',(-0.111,0.326,0.03));
#7087=CARTESIAN_POINT('',(-0.081,-0.094,0.1));
#7088=CARTESIAN_POINT('',(-0.081,0.326,0.03));
#7089=CARTESIAN_POINT('',(-0.081,-0.094,-2.77555756156289E-17));
#7090=CARTESIAN_POINT('',(-0.331,-0.094,-2.77555756156289E-17));
#7091=CARTESIAN_POINT('',(-0.096,0.326,0.03));
#7092=CARTESIAN_POINT('',(-0.096,-0.099,0.02));
#7093=CARTESIAN_POINT('',(-0.101,-0.099,0.02));
#7094=CARTESIAN_POINT('',(-0.101,-0.099,0.02));
#7095=CARTESIAN_POINT('',(-0.096,-0.099,0.02));
#7096=CARTESIAN_POINT('',(-0.091,-0.099,0.02));
#7097=CARTESIAN_POINT('',(-0.091,-0.099,0.02));
#7098=CARTESIAN_POINT('',(-0.091,-0.099,0.015));
#7099=CARTESIAN_POINT('',(-0.091,-0.099,0.015));
#7100=CARTESIAN_POINT('',(-0.091,-0.099,0.01));
#7101=CARTESIAN_POINT('',(-0.091,-0.099,0.01));
#7102=CARTESIAN_POINT('',(-0.096,-0.099,0.01));
#7103=CARTESIAN_POINT('',(-0.096,-0.099,0.01));
#7104=CARTESIAN_POINT('',(-0.101,-0.099,0.01));
#7105=CARTESIAN_POINT('',(-0.101,-0.099,0.01));
#7106=CARTESIAN_POINT('',(-0.101,-0.099,0.015));
#7107=CARTESIAN_POINT('',(-0.101,-0.099,0.015));
#7108=CARTESIAN_POINT('',(-0.096,-0.099,0.015));
#7109=CARTESIAN_POINT('',(-0.096,0.111,0.0095));
#7110=CARTESIAN_POINT('',(-0.1015,0.111,0.0095));
#7111=CARTESIAN_POINT('',(-0.1015,0.111,0.0095));
#7112=CARTESIAN_POINT('',(-0.096,0.111,0.0095));
#7113=CARTESIAN_POINT('',(-0.0905,0.111,0.0095));
#7114=CARTESIAN_POINT('',(-0.0905,0.111,0.0095));
#7115=CARTESIAN_POINT('',(-0.0905,0.111,0.015));
#7116=CARTESIAN_POINT('',(-0.0905,0.111,0.015));
#7117=CARTESIAN_POINT('',(-0.0905,0.111,0.0205));
#7118=CARTESIAN_POINT('',(-0.0905,0.111,0.0205));
#7119=CARTESIAN_POINT('',(-0.096,0.111,0.0205));
#7120=CARTESIAN_POINT('',(-0.096,0.111,0.0205));
#7121=CARTESIAN_POINT('',(-0.1015,0.111,0.0205));
#7122=CARTESIAN_POINT('',(-0.1015,0.111,0.0205));
#7123=CARTESIAN_POINT('',(-0.1015,0.111,0.015));
#7124=CARTESIAN_POINT('',(-0.1015,0.111,0.015));
#7125=CARTESIAN_POINT('',(-0.096,0.111,0.015));
#7126=CARTESIAN_POINT('',(0.,0.,0.));
#7127=CARTESIAN_POINT('',(-0.5045,-0.0959,0.00249999999999997));
#7128=CARTESIAN_POINT('',(-0.1145,-0.0959,0.00249999999999997));
#7129=CARTESIAN_POINT('',(-0.1145,-0.0959,-2.77555756156289E-17));
#7130=CARTESIAN_POINT('',(-0.1145,-0.0959,0.000499999999999973));
#7131=CARTESIAN_POINT('',(-0.3085,-0.0959,-0.1935));
#7132=CARTESIAN_POINT('',(-0.1125,-0.0959,0.00249999999999997));
#7133=CARTESIAN_POINT('',(-0.0945,-0.0959,0.00249999999999997));
#7134=CARTESIAN_POINT('',(-0.0965,-0.0959,0.00249999999999997));
#7135=CARTESIAN_POINT('',(-0.0945,-0.0959,0.0045));
#7136=CARTESIAN_POINT('',(-0.0945,-0.0959,0.0045));
#7137=CARTESIAN_POINT('',(-0.0945,-0.0959,0.00249999999999997));
#7138=CARTESIAN_POINT('',(-0.0945,-0.0959,0.005));
#7139=CARTESIAN_POINT('',(-0.5045,-0.0959,0.005));
#7140=CARTESIAN_POINT('',(-0.0645,-0.0959,0.005));
#7141=CARTESIAN_POINT('',(-0.0645,-0.0959,0.00249999999999997));
#7142=CARTESIAN_POINT('',(-0.0645,-0.0959,-2.77555756156289E-17));
#7143=CARTESIAN_POINT('',(-0.5045,-0.0959,-2.77555756156289E-17));
#7144=CARTESIAN_POINT('',(-0.1145,-0.113389023020913,-0.1));
#7145=CARTESIAN_POINT('',(-0.1145,-0.1154,-0.1));
#7146=CARTESIAN_POINT('',(-0.1145,-0.1154,0.03));
#7147=CARTESIAN_POINT('',(-0.1145,-0.1154,0.000499999999999973));
#7148=CARTESIAN_POINT('',(-0.1145,-0.0959,0.000499999999999973));
#7149=CARTESIAN_POINT('',(-0.1145,0.3041,-2.77555756156289E-17));
#7150=CARTESIAN_POINT('',(-0.1145,-0.1159,-2.77555756156289E-17));
#7151=CARTESIAN_POINT('',(-0.1145,-0.1159,0.1));
#7152=CARTESIAN_POINT('',(-0.1145,-0.1159,0.03));
#7153=CARTESIAN_POINT('',(-0.1145,-0.1159,0.03));
#7154=CARTESIAN_POINT('',(-0.0495,-0.1159,0.03));
#7155=CARTESIAN_POINT('',(-0.043,-0.0659,0.03));
#7156=CARTESIAN_POINT('',(-0.043,-0.076,0.03));
#7157=CARTESIAN_POINT('',(-0.043,-0.0558,0.03));
#7158=CARTESIAN_POINT('',(-0.036,-0.0558,0.03));
#7159=CARTESIAN_POINT('',(-0.036,-0.0558,0.03));
#7160=CARTESIAN_POINT('',(-0.036,-0.0659,0.03));
#7161=CARTESIAN_POINT('',(-0.036,-0.076,0.03));
#7162=CARTESIAN_POINT('',(-0.0495,-0.076,0.03));
#7163=CARTESIAN_POINT('',(-0.0945,-0.1134,0.03));
#7164=CARTESIAN_POINT('',(-0.0965,-0.1134,0.03));
#7165=CARTESIAN_POINT('',(-0.1125,-0.1134,0.03));
#7166=CARTESIAN_POINT('',(-0.08225,-0.08315,0.03));
#7167=CARTESIAN_POINT('',(-0.0495,-0.1159,0.03));
#7168=CARTESIAN_POINT('',(-0.0345,-0.1159,0.03));
#7169=CARTESIAN_POINT('',(-0.0345,-0.1159,0.03));
#7170=CARTESIAN_POINT('',(-0.0345,0.0941,0.03));
#7171=CARTESIAN_POINT('',(-0.0495,0.0941,0.03));
#7172=CARTESIAN_POINT('',(-0.0645,0.0941,0.03));
#7173=CARTESIAN_POINT('',(-0.0645,-0.1159,0.03));
#7174=CARTESIAN_POINT('',(-0.0645,0.0241,0.03));
#7175=CARTESIAN_POINT('',(-0.0495,0.0241,0.03));
#7176=CARTESIAN_POINT('',(-0.0445,0.0241,0.03));
#7177=CARTESIAN_POINT('',(-0.0445,-0.1159,0.03));
#7178=CARTESIAN_POINT('',(-0.0445,0.0140999999999998,0.03));
#7179=CARTESIAN_POINT('',(-0.0495,0.0140999999999998,0.03));
#7180=CARTESIAN_POINT('',(-0.0645,0.0140999999999998,0.03));
#7181=CARTESIAN_POINT('',(-0.0645,-0.1159,0.03));
#7182=CARTESIAN_POINT('',(-0.0645,-0.0759,0.03));
#7183=CARTESIAN_POINT('',(-0.0495,-0.0759,0.03));
#7184=CARTESIAN_POINT('',(-0.0445,-0.0759,0.03));
#7185=CARTESIAN_POINT('',(-0.0445,-0.1159,0.03));
#7186=CARTESIAN_POINT('',(-0.0445,-0.0859,0.03));
#7187=CARTESIAN_POINT('',(-0.0495,-0.0859,0.03));
#7188=CARTESIAN_POINT('',(-0.0645,-0.0859,0.03));
#7189=CARTESIAN_POINT('',(-0.0645,-0.1159,0.03));
#7190=CARTESIAN_POINT('',(-0.0645,-0.1109,0.03));
#7191=CARTESIAN_POINT('',(-0.5045,-0.1109,0.03));
#7192=CARTESIAN_POINT('',(-0.0945,-0.1109,0.03));
#7193=CARTESIAN_POINT('',(-0.0945,-0.1159,0.03));
#7194=CARTESIAN_POINT('',(-0.0945,-0.1114,0.03));
#7195=CARTESIAN_POINT('',(-0.0965,-0.1134,0.03));
#7196=CARTESIAN_POINT('',(-0.5045,-0.1109,0.0175));
#7197=CARTESIAN_POINT('',(-0.0945,-0.1109,0.0175));
#7198=CARTESIAN_POINT('',(-0.0945,-0.1109,0.005));
#7199=CARTESIAN_POINT('',(-0.0645,-0.1109,0.0175));
#7200=CARTESIAN_POINT('',(-0.0645,-0.1109,0.005));
#7201=CARTESIAN_POINT('',(-0.5045,-0.1109,0.005));
#7202=CARTESIAN_POINT('',(-0.5045,-0.1034,0.005));
#7203=CARTESIAN_POINT('',(-0.0945,-0.1034,0.005));
#7204=CARTESIAN_POINT('',(-0.0645,-0.1034,0.005));
#7205=CARTESIAN_POINT('',(-0.2845,-0.1159,0.1));
#7206=CARTESIAN_POINT('',(-0.2845,-0.1159,-2.77555756156289E-17));
#7207=CARTESIAN_POINT('',(-0.0345,-0.1159,-2.77555756156289E-17));
#7208=CARTESIAN_POINT('',(-0.0345,-0.1159,0.1));
#7209=CARTESIAN_POINT('',(-0.055,-0.1159,0.015));
#7210=CARTESIAN_POINT('',(-0.055,-0.1159,0.0205));
#7211=CARTESIAN_POINT('',(-0.055,-0.1159,0.0095));
#7212=CARTESIAN_POINT('',(-0.0495,-0.1159,0.0205));
#7213=CARTESIAN_POINT('',(-0.044,-0.1159,0.0205));
#7214=CARTESIAN_POINT('',(-0.044,-0.1159,0.015));
#7215=CARTESIAN_POINT('',(-0.044,-0.1159,0.0095));
#7216=CARTESIAN_POINT('',(-0.0495,-0.1159,0.0095));
#7217=CARTESIAN_POINT('',(-0.2845,0.3041,-2.77555756156289E-17));
#7218=CARTESIAN_POINT('',(-0.2845,0.0941,0.));
#7219=CARTESIAN_POINT('',(-0.0345,0.0941,0.));
#7220=CARTESIAN_POINT('',(-0.0645,0.0941,0.));
#7221=CARTESIAN_POINT('',(-0.0345,0.3041,-2.77555756156289E-17));
#7222=CARTESIAN_POINT('',(-0.0645,-0.1159,-2.77555756156289E-17));
#7223=CARTESIAN_POINT('',(-0.0345,0.3041,0.1));
#7224=CARTESIAN_POINT('',(-0.0345,-0.0134000000000001,0.0175));
#7225=CARTESIAN_POINT('',(-0.0345,-0.0134000000000001,0.0125));
#7226=CARTESIAN_POINT('',(-0.0345,-0.0134000000000001,0.0175));
#7227=CARTESIAN_POINT('',(-0.0345,0.3041,0.0175));
#7228=CARTESIAN_POINT('',(-0.0345,-0.0108999999999997,0.0175));
#7229=CARTESIAN_POINT('',(-0.0345,-0.0108999999999997,0.0175));
#7230=CARTESIAN_POINT('',(-0.0345,-0.0108999999999997,0.0125));
#7231=CARTESIAN_POINT('',(-0.0345,0.3041,0.0125));
#7232=CARTESIAN_POINT('',(-0.0345,0.0866,0.0175));
#7233=CARTESIAN_POINT('',(-0.0345,0.0866,0.0125));
#7234=CARTESIAN_POINT('',(-0.0345,0.0866,0.0175));
#7235=CARTESIAN_POINT('',(-0.0345,0.3041,0.0175));
#7236=CARTESIAN_POINT('',(-0.0345,0.0891,0.0175));
#7237=CARTESIAN_POINT('',(-0.0345,0.0891,0.0175));
#7238=CARTESIAN_POINT('',(-0.0345,0.0891,0.0125));
#7239=CARTESIAN_POINT('',(-0.0345,0.3041,0.0125));
#7240=CARTESIAN_POINT('',(-0.0345,0.0941,0.1));
#7241=CARTESIAN_POINT('',(-0.0645,-0.1159,0.015));
#7242=CARTESIAN_POINT('',(-0.0645,0.0941,0.015));
#7243=CARTESIAN_POINT('',(-0.0645,-0.0859,0.02));
#7244=CARTESIAN_POINT('',(-0.0645,-0.0859,0.02));
#7245=CARTESIAN_POINT('',(-0.0645,-0.0809,0.02));
#7246=CARTESIAN_POINT('',(-0.0645,-0.0759,0.02));
#7247=CARTESIAN_POINT('',(-0.0645,-0.0759,0.02));
#7248=CARTESIAN_POINT('',(-0.0645,0.0140999999999998,0.02));
#7249=CARTESIAN_POINT('',(-0.0645,0.0140999999999998,0.02));
#7250=CARTESIAN_POINT('',(-0.0645,0.0191,0.02));
#7251=CARTESIAN_POINT('',(-0.0645,0.0241,0.02));
#7252=CARTESIAN_POINT('',(-0.0645,0.0241,0.02));
#7253=CARTESIAN_POINT('',(-0.0545,0.0140999999999998,0.02));
#7254=CARTESIAN_POINT('',(-0.0445,0.0140999999999998,0.02));
#7255=CARTESIAN_POINT('',(-0.0445,0.0140999999999998,0.02));
#7256=CARTESIAN_POINT('',(-0.0545,0.0140999999999998,0.02));
#7257=CARTESIAN_POINT('',(-0.0445,0.0191,0.02));
#7258=CARTESIAN_POINT('',(-0.0445,0.0241,0.02));
#7259=CARTESIAN_POINT('',(-0.0445,0.0241,0.02));
#7260=CARTESIAN_POINT('',(-0.0445,0.0191,0.02));
#7261=CARTESIAN_POINT('',(-0.0545,0.0241,0.02));
#7262=CARTESIAN_POINT('',(-0.0545,0.0241,0.02));
#7263=CARTESIAN_POINT('',(-0.287,0.1191,0.02));
#7264=CARTESIAN_POINT('',(-0.0545,-0.0859,0.02));
#7265=CARTESIAN_POINT('',(-0.0445,-0.0859,0.02));
#7266=CARTESIAN_POINT('',(-0.0445,-0.0859,0.02));
#7267=CARTESIAN_POINT('',(-0.0545,-0.0859,0.02));
#7268=CARTESIAN_POINT('',(-0.0445,-0.0809,0.02));
#7269=CARTESIAN_POINT('',(-0.0445,-0.0759,0.02));
#7270=CARTESIAN_POINT('',(-0.0445,-0.0759,0.02));
#7271=CARTESIAN_POINT('',(-0.0445,-0.0809,0.02));
#7272=CARTESIAN_POINT('',(-0.0545,-0.0759,0.02));
#7273=CARTESIAN_POINT('',(-0.0545,-0.0759,0.02));
#7274=CARTESIAN_POINT('',(-0.287,0.1191,0.02));
#7275=CARTESIAN_POINT('',(-0.0395,-0.0759,0.019));
#7276=CARTESIAN_POINT('',(-0.043,-0.0759,0.019));
#7277=CARTESIAN_POINT('',(-0.043,-0.0759,0.029));
#7278=CARTESIAN_POINT('',(-0.043,-0.0759,0.0299));
#7279=CARTESIAN_POINT('',(-0.0395,-0.0759,0.0299));
#7280=CARTESIAN_POINT('',(-0.036,-0.0759,0.0299));
#7281=CARTESIAN_POINT('',(-0.036,-0.0759,0.019));
#7282=CARTESIAN_POINT('',(-0.036,-0.0759,0.029));
#7283=CARTESIAN_POINT('',(-0.043,-0.0759,0.029));
#7284=CARTESIAN_POINT('',(-0.036,-0.0659,0.019));
#7285=CARTESIAN_POINT('',(-0.036,-0.0559,0.019));
#7286=CARTESIAN_POINT('',(-0.036,-0.0559,0.029));
#7287=CARTESIAN_POINT('',(-0.036,-0.0559,0.0299));
#7288=CARTESIAN_POINT('',(-0.036,-0.0659,0.019));
#7289=CARTESIAN_POINT('',(-0.036,-0.0659,0.019));
#7290=CARTESIAN_POINT('',(-0.036,-0.0759,0.029));
#7291=CARTESIAN_POINT('',(-0.036,-0.06545,0.01945));
#7292=CARTESIAN_POINT('',(-0.036,-0.06635,0.01945));
#7293=CARTESIAN_POINT('',(-0.0395,-0.0559,0.019));
#7294=CARTESIAN_POINT('',(-0.043,-0.0559,0.0299));
#7295=CARTESIAN_POINT('',(-0.043,-0.0559,0.0299));
#7296=CARTESIAN_POINT('',(-0.043,-0.0559,0.019));
#7297=CARTESIAN_POINT('',(-0.043,-0.0559,0.029));
#7298=CARTESIAN_POINT('',(-0.0395,-0.0559,0.029));
#7299=CARTESIAN_POINT('',(-0.043,-0.0659,0.019));
#7300=CARTESIAN_POINT('',(-0.043,-0.0659,0.019));
#7301=CARTESIAN_POINT('',(-0.043,-0.0659,0.019));
#7302=CARTESIAN_POINT('',(-0.043,-0.0659,0.019));
#7303=CARTESIAN_POINT('',(-0.043,-0.0559,0.0299));
#7304=CARTESIAN_POINT('',(-0.043,-0.076,0.03));
#7305=CARTESIAN_POINT('',(-0.0395,-0.0759,0.029));
#7306=CARTESIAN_POINT('',(-0.036,-0.0659,0.019));
#7307=CARTESIAN_POINT('',(-0.28375,-0.0659,0.019));
#7308=CARTESIAN_POINT('',(-0.0395,-0.0559,0.0299));
#7309=CARTESIAN_POINT('',(-0.0495,-0.076,0.03));
#7310=CARTESIAN_POINT('',(-0.0345,0.0741,0.0175));
#7311=CARTESIAN_POINT('',(-0.0345,0.0741,0.0125));
#7312=CARTESIAN_POINT('',(-0.0303333333333331,0.0623148869802241,0.0125));
#7313=CARTESIAN_POINT('',(-0.0303333333333331,0.0623148869802241,0.0175));
#7314=CARTESIAN_POINT('',(-0.0303333333333331,0.0623148869802241,0.0175));
#7315=CARTESIAN_POINT('',(-0.0345,0.0741,0.0175));
#7316=CARTESIAN_POINT('',(-0.0345,0.0741,0.0175));
#7317=CARTESIAN_POINT('',(-0.0345,0.0741,0.0125));
#7318=CARTESIAN_POINT('',(-0.0295,0.059957864376269,0.0125));
#7319=CARTESIAN_POINT('',(-0.0345,0.0741,0.0175));
#7320=CARTESIAN_POINT('',(-0.0295,0.059957864376269,0.0175));
#7321=CARTESIAN_POINT('',(-0.0295,0.059957864376269,0.0175));
#7322=CARTESIAN_POINT('',(-0.287624063718614,0.1241,0.0175));
#7323=CARTESIAN_POINT('',(-0.0299166666666665,0.0611363756782465,0.0175));
#7324=CARTESIAN_POINT('',(-0.287624063718614,0.1241,0.0125));
#7325=CARTESIAN_POINT('',(-0.0299166666666665,0.0611363756782465,0.0125));
#7326=CARTESIAN_POINT('',(-0.0299166666666665,0.0611363756782465,0.0175));
#7327=CARTESIAN_POINT('',(-0.0345,-0.0259,0.0175));
#7328=CARTESIAN_POINT('',(-0.0345,-0.0259,0.0125));
#7329=CARTESIAN_POINT('',(-0.0303333333333331,-0.0376851130197759,0.0125));
#7330=CARTESIAN_POINT('',(-0.0303333333333331,-0.0376851130197759,0.0175));
#7331=CARTESIAN_POINT('',(-0.0303333333333331,-0.0376851130197759,0.0175));
#7332=CARTESIAN_POINT('',(-0.0345,-0.0259,0.0175));
#7333=CARTESIAN_POINT('',(-0.0345,-0.0259,0.0175));
#7334=CARTESIAN_POINT('',(-0.0345,-0.0259,0.0125));
#7335=CARTESIAN_POINT('',(-0.0295,-0.0400421356237311,0.0125));
#7336=CARTESIAN_POINT('',(-0.0345,-0.0259,0.0175));
#7337=CARTESIAN_POINT('',(-0.0295,-0.0400421356237311,0.0175));
#7338=CARTESIAN_POINT('',(-0.0295,-0.0400421356237311,0.0175));
#7339=CARTESIAN_POINT('',(-0.287624063718614,0.1241,0.0175));
#7340=CARTESIAN_POINT('',(-0.0299166666666665,-0.0388636243217535,0.0175));
#7341=CARTESIAN_POINT('',(-0.287624063718614,0.1241,0.0125));
#7342=CARTESIAN_POINT('',(-0.0299166666666665,-0.0388636243217535,0.0125));
#7343=CARTESIAN_POINT('',(-0.0299166666666665,-0.0388636243217535,0.0175));
#7344=CARTESIAN_POINT('',(-0.2845,0.0941,0.1));
#7345=CARTESIAN_POINT('',(-0.0445,0.0941,0.015));
#7346=CARTESIAN_POINT('',(-0.0445,0.0941,0.02));
#7347=CARTESIAN_POINT('',(-0.0445,0.0941,0.01));
#7348=CARTESIAN_POINT('',(-0.0495,0.0941,0.02));
#7349=CARTESIAN_POINT('',(-0.0545,0.0941,0.02));
#7350=CARTESIAN_POINT('',(-0.0545,0.0941,0.015));
#7351=CARTESIAN_POINT('',(-0.0545,0.0941,0.01));
#7352=CARTESIAN_POINT('',(-0.0495,0.0941,0.01));
#7353=CARTESIAN_POINT('',(-0.0495,0.0991,0.02));
#7354=CARTESIAN_POINT('',(-0.0445,0.0991,0.02));
#7355=CARTESIAN_POINT('',(-0.0445,0.0991,0.02));
#7356=CARTESIAN_POINT('',(-0.0495,0.0991,0.02));
#7357=CARTESIAN_POINT('',(-0.0545,0.0991,0.02));
#7358=CARTESIAN_POINT('',(-0.0545,0.0991,0.02));
#7359=CARTESIAN_POINT('',(-0.0445,0.0991,0.015));
#7360=CARTESIAN_POINT('',(-0.0445,0.0991,0.01));
#7361=CARTESIAN_POINT('',(-0.0445,0.0991,0.01));
#7362=CARTESIAN_POINT('',(-0.0445,0.0991,0.015));
#7363=CARTESIAN_POINT('',(-0.0495,0.0991,0.01));
#7364=CARTESIAN_POINT('',(-0.0545,0.0991,0.01));
#7365=CARTESIAN_POINT('',(-0.0545,0.0991,0.01));
#7366=CARTESIAN_POINT('',(-0.0495,0.0991,0.01));
#7367=CARTESIAN_POINT('',(-0.0545,0.0991,0.015));
#7368=CARTESIAN_POINT('',(-0.0545,0.0991,0.015));
#7369=CARTESIAN_POINT('',(-0.0495,0.0991,0.015));
#7370=CARTESIAN_POINT('',(-0.0495,-0.1109,0.0205));
#7371=CARTESIAN_POINT('',(-0.055,-0.1109,0.0205));
#7372=CARTESIAN_POINT('',(-0.055,-0.1109,0.0205));
#7373=CARTESIAN_POINT('',(-0.0495,-0.1109,0.0205));
#7374=CARTESIAN_POINT('',(-0.044,-0.1109,0.0205));
#7375=CARTESIAN_POINT('',(-0.044,-0.1109,0.0205));
#7376=CARTESIAN_POINT('',(-0.055,-0.1109,0.015));
#7377=CARTESIAN_POINT('',(-0.055,-0.1109,0.0095));
#7378=CARTESIAN_POINT('',(-0.055,-0.1109,0.0095));
#7379=CARTESIAN_POINT('',(-0.055,-0.1109,0.015));
#7380=CARTESIAN_POINT('',(-0.0495,-0.1109,0.0095));
#7381=CARTESIAN_POINT('',(-0.044,-0.1109,0.0095));
#7382=CARTESIAN_POINT('',(-0.044,-0.1109,0.0095));
#7383=CARTESIAN_POINT('',(-0.0495,-0.1109,0.0095));
#7384=CARTESIAN_POINT('',(-0.044,-0.1109,0.015));
#7385=CARTESIAN_POINT('',(-0.044,-0.1109,0.015));
#7386=CARTESIAN_POINT('',(-0.0745,-0.1109,0.015));
#7387=CARTESIAN_POINT('',(-0.0945,-0.1134,0.0175));
#7388=CARTESIAN_POINT('',(-0.0965,-0.1134,0.00249999999999997));
#7389=CARTESIAN_POINT('',(-0.0965,-0.1134,0.00249999999999997));
#7390=CARTESIAN_POINT('',(-0.0945,-0.1134,0.00249999999999997));
#7391=CARTESIAN_POINT('',(-0.1125,-0.1134,0.00249999999999997));
#7392=CARTESIAN_POINT('',(-0.1125,-0.1134,0.0175));
#7393=CARTESIAN_POINT('',(-0.0945,-0.10465,0.00249999999999997));
#7394=CARTESIAN_POINT('',(-0.0965,-0.10465,0.00249999999999997));
#7395=CARTESIAN_POINT('',(-0.1125,-0.1134,0.00249999999999997));
#7396=CARTESIAN_POINT('',(-0.0945,-0.1059,0.015));
#7397=CARTESIAN_POINT('',(-0.0945,-0.1059,0.0045));
#7398=CARTESIAN_POINT('',(-0.0945,-0.1114,0.0045));
#7399=CARTESIAN_POINT('',(-0.0945,-0.1114,0.03));
#7400=CARTESIAN_POINT('',(-0.0965,-0.1134,0.0175));
#7401=CARTESIAN_POINT('',(-0.0926666666666666,-0.109566666666667,0.0063333333333333));
#7402=CARTESIAN_POINT('',(-0.0945,-0.1059,0.0045));
#7403=CARTESIAN_POINT('',(-0.1145,-0.1154,-0.1));
#7404=CARTESIAN_POINT('',(-0.109583333333333,-0.110483333333333,0.00541666666666663));
#7405=CARTESIAN_POINT('',(-0.1125,-0.10465,0.00249999999999997));
#7406=CARTESIAN_POINT('',(0.,0.,0.));
#7407=CARTESIAN_POINT('',(-0.0199,0.,0.017));
#7408=CARTESIAN_POINT('',(-0.0164852580448744,0.000767813375700702,0.017));
#7409=CARTESIAN_POINT('',(-0.0169730783241781,0.000658125750600602,0.017));
#7410=CARTESIAN_POINT('',(-0.0159974377655707,0.000877501000800802,0.017));
#7411=CARTESIAN_POINT('',(-0.0199,1.83697019872103E-19,0.017));
#7412=CARTESIAN_POINT('',(-0.018775,0.00278107443266088,0.017));
#7413=CARTESIAN_POINT('',(-0.0185875,0.00324458683810435,0.017));
#7414=CARTESIAN_POINT('',(-0.0184,0.00370809924354784,0.017));
#7415=CARTESIAN_POINT('',(-0.0199,2.4492935982947E-19,0.017));
#7416=CARTESIAN_POINT('',(-0.0199,0.,0.017));
#7417=CARTESIAN_POINT('',(-0.0233732195733055,-0.000432140944146292,0.017));
#7418=CARTESIAN_POINT('',(-0.0228770453485476,-0.000370406523553963,0.017));
#7419=CARTESIAN_POINT('',(-0.0238693937980634,-0.000493875364738618,0.017));
#7420=CARTESIAN_POINT('',(-0.0199,1.83697019872103E-19,0.017));
#7421=CARTESIAN_POINT('',(-0.021025,-0.00278107443266088,0.017));
#7422=CARTESIAN_POINT('',(-0.0212125,-0.00324458683810435,0.017));
#7423=CARTESIAN_POINT('',(-0.0214,-0.00370809924354783,0.017));
#7424=CARTESIAN_POINT('',(-0.0199,2.4492935982947E-19,0.017));
#7425=CARTESIAN_POINT('',(-0.0212125,-0.00324458683810435,0.014));
#7426=CARTESIAN_POINT('',(-0.021025,-0.00278107443266088,0.014));
#7427=CARTESIAN_POINT('',(-0.021025,-0.00278107443266088,0.024));
#7428=CARTESIAN_POINT('',(-0.0212125,-0.00324458683810435,0.024));
#7429=CARTESIAN_POINT('',(-0.0214,-0.00370809924354783,0.024));
#7430=CARTESIAN_POINT('',(-0.0214,-0.00370809924354783,0.014));
#7431=CARTESIAN_POINT('',(-0.0185875,0.00324458683810435,0.014));
#7432=CARTESIAN_POINT('',(-0.018775,0.00278107443266088,0.014));
#7433=CARTESIAN_POINT('',(-0.018775,0.00278107443266088,0.024));
#7434=CARTESIAN_POINT('',(-0.0185875,0.00324458683810435,0.024));
#7435=CARTESIAN_POINT('',(-0.0184,0.00370809924354784,0.024));
#7436=CARTESIAN_POINT('',(-0.0184,0.00370809924354784,0.014));
#7437=CARTESIAN_POINT('',(-0.0199,0.,0.024));
#7438=CARTESIAN_POINT('',(-0.0199,1.83697019872103E-19,0.024));
#7439=CARTESIAN_POINT('',(-0.021025,0.00278107443266088,0.024));
#7440=CARTESIAN_POINT('',(-0.0212125,0.00324458683810435,0.024));
#7441=CARTESIAN_POINT('',(-0.0214,0.00370809924354783,0.024));
#7442=CARTESIAN_POINT('',(-0.0199,2.4492935982947E-19,0.024));
#7443=CARTESIAN_POINT('',(-0.0199,1.83697019872103E-19,0.024));
#7444=CARTESIAN_POINT('',(-0.0169730783241781,0.000658125750600602,0.0168));
#7445=CARTESIAN_POINT('',(-0.0169730783241781,0.000658125750600602,0.01645));
#7446=CARTESIAN_POINT('',(-0.0199,1.83697019872103E-19,0.01645));
#7447=CARTESIAN_POINT('',(-0.016901407142959,-9.18742493994006E-5,0.0160762733488662));
#7448=CARTESIAN_POINT('',(-0.016901407142959,-9.18742493994006E-5,0.01595));
#7449=CARTESIAN_POINT('',(-0.016901407142959,-9.18742493994006E-5,0.0168));
#7450=CARTESIAN_POINT('',(-0.0199,1.83697019872103E-19,0.0168));
#7451=CARTESIAN_POINT('',(-0.0169433450959612,0.000508125750600602,0.0168));
#7452=CARTESIAN_POINT('',(-0.0169433450959612,0.000508125750600602,0.0168));
#7453=CARTESIAN_POINT('',(-0.0169433450959612,0.000508125750600602,0.017));
#7454=CARTESIAN_POINT('',(-0.0199,1.83697019872103E-19,0.017));
#7455=CARTESIAN_POINT('',(-0.018025,-0.0023418742493994,0.017));
#7456=CARTESIAN_POINT('',(-0.018025,-0.0023418742493994,0.014));
#7457=CARTESIAN_POINT('',(-0.018025,-0.0023418742493994,0.014));
#7458=CARTESIAN_POINT('',(-0.0199,1.83697019872103E-19,0.014));
#7459=CARTESIAN_POINT('',(-0.021025,0.00278107443266088,0.014));
#7460=CARTESIAN_POINT('',(-0.021025,0.00278107443266088,0.014));
#7461=CARTESIAN_POINT('',(-0.0228770453485476,-0.000370406523553963,0.0168));
#7462=CARTESIAN_POINT('',(-0.0228770453485476,-0.000370406523553963,0.01645));
#7463=CARTESIAN_POINT('',(-0.0199,1.83697019872103E-19,0.01645));
#7464=CARTESIAN_POINT('',(-0.0228758878998779,0.000379593476446034,0.0160779407858546));
#7465=CARTESIAN_POINT('',(-0.0228758878998779,0.000379593476446034,0.01595));
#7466=CARTESIAN_POINT('',(-0.0228758878998779,0.000379593476446034,0.0168));
#7467=CARTESIAN_POINT('',(-0.0199,1.83697019872103E-19,0.0168));
#7468=CARTESIAN_POINT('',(-0.0228918925389083,-0.000220406523553964,0.0168));
#7469=CARTESIAN_POINT('',(-0.0228918925389083,-0.000220406523553964,0.0168));
#7470=CARTESIAN_POINT('',(-0.0228918925389083,-0.000220406523553964,0.017));
#7471=CARTESIAN_POINT('',(-0.0199,1.83697019872103E-19,0.017));
#7472=CARTESIAN_POINT('',(-0.021775,0.0023418742493994,0.017));
#7473=CARTESIAN_POINT('',(-0.021775,0.0023418742493994,0.014));
#7474=CARTESIAN_POINT('',(-0.021775,0.0023418742493994,0.014));
#7475=CARTESIAN_POINT('',(-0.0199,1.83697019872103E-19,0.014));
#7476=CARTESIAN_POINT('',(-0.018775,-0.00278107443266088,0.014));
#7477=CARTESIAN_POINT('',(-0.018775,-0.00278107443266088,0.014));
#7478=CARTESIAN_POINT('',(-0.018775,-0.00278107443266088,0.024));
#7479=CARTESIAN_POINT('',(-0.0199,1.83697019872103E-19,0.024));
#7480=CARTESIAN_POINT('',(-0.0199,1.83697019872103E-19,0.004));
#7481=CARTESIAN_POINT('',(-0.0169,1.83697019872103E-19,0.004));
#7482=CARTESIAN_POINT('',(-0.0199,4.59242549680257E-19,0.004));
#7483=CARTESIAN_POINT('',(-0.0140229128133158,-0.00587708718668416,0.002));
#7484=CARTESIAN_POINT('',(-0.0115885435933421,-2.6779793660392E-17,0.002));
#7485=CARTESIAN_POINT('',(-0.0140229128133158,0.00587708718668418,0.002));
#7486=CARTESIAN_POINT('',(-0.0199,0.00831145640665791,0.002));
#7487=CARTESIAN_POINT('',(-0.0257770871866842,0.00587708718668419,0.002));
#7488=CARTESIAN_POINT('',(-0.0282114564066579,-5.84452733605467E-19,0.002));
#7489=CARTESIAN_POINT('',(-0.0257770871866842,-0.00587708718668418,0.002));
#7490=CARTESIAN_POINT('',(-0.0199,-0.00831145640665791,0.002));
#7491=CARTESIAN_POINT('',(-0.0140229128133158,-0.00587708718668416,0.002));
#7492=CARTESIAN_POINT('',(-0.0115885435933421,-2.6779793660392E-17,0.002));
#7493=CARTESIAN_POINT('',(-0.0140229128133158,0.00587708718668418,0.002));
#7494=CARTESIAN_POINT('',(-0.0124,1.37772764904077E-18,0.002));
#7495=CARTESIAN_POINT('',(-0.0199,4.59242549680257E-19,0.004));
#7496=CARTESIAN_POINT('',(-0.0124,4.59242549680257E-19,0.004));
#7497=CARTESIAN_POINT('',(-0.0199,0.,0.004));
#7498=CARTESIAN_POINT('',(-0.0199,2.4492935982947E-19,0.004));
#7499=CARTESIAN_POINT('',(-0.0159,2.4492935982947E-19,0.004));
#7500=CARTESIAN_POINT('',(-0.0199,0.,0.));
#7501=CARTESIAN_POINT('',(-0.0191365369015578,0.000812797269870308,0.));
#7502=CARTESIAN_POINT('',(-0.0187918550979293,2.59532262479027E-5,0.));
#7503=CARTESIAN_POINT('',(-0.0190977442594192,-0.000755130367734701,0.));
#7504=CARTESIAN_POINT('',(-0.0198525893486698,-0.00110721929476549,0.));
#7505=CARTESIAN_POINT('',(-0.0206490397790025,-0.000816815486190878,0.));
#7506=CARTESIAN_POINT('',(-0.0210072601914568,-4.80606151653602E-5,0.));
#7507=CARTESIAN_POINT('',(-0.0207168811044984,0.000749063058938786,0.));
#7508=CARTESIAN_POINT('',(-0.0199481565753744,0.00110700353797126,0.));
#7509=CARTESIAN_POINT('',(-0.0191365369015578,0.000812797269870308,0.));
#7510=CARTESIAN_POINT('',(-0.0187918550979293,2.59532262479027E-5,0.));
#7511=CARTESIAN_POINT('',(-0.0190977442594192,-0.000755130367734701,0.));
#7512=CARTESIAN_POINT('',(-0.0189,4.59242549680257E-19,0.));
#7513=CARTESIAN_POINT('',(-0.0270094874002424,0.00294485912240122,0.002));
#7514=CARTESIAN_POINT('',(-0.0275952562998788,5.80048162279745E-18,0.002));
#7515=CARTESIAN_POINT('',(-0.0270094874002424,-0.00294485912240124,0.002));
#7516=CARTESIAN_POINT('',(-0.0253413587062945,-0.0054413901386313,0.002));
#7517=CARTESIAN_POINT('',(-0.0228448276900644,-0.00710951883257919,0.002));
#7518=CARTESIAN_POINT('',(-0.0198999685676632,-0.0076952877322156,0.002));
#7519=CARTESIAN_POINT('',(-0.016955109445262,-0.00710951883257918,0.002));
#7520=CARTESIAN_POINT('',(-0.0144585784290319,-0.0054413901386313,0.002));
#7521=CARTESIAN_POINT('',(-0.012790449735084,-0.00294485912240123,0.002));
#7522=CARTESIAN_POINT('',(-0.0122046808354476,7.29466759408874E-18,0.002));
#7523=CARTESIAN_POINT('',(-0.012790449735084,0.00294485912240124,0.002));
#7524=CARTESIAN_POINT('',(-0.0144585784290319,0.00544139013863131,0.00200000000000001));
#7525=CARTESIAN_POINT('',(-0.016955109445262,0.0071095188325792,0.00200000000000001));
#7526=CARTESIAN_POINT('',(-0.0198999685676632,0.00769528773221561,0.00200000000000001));
#7527=CARTESIAN_POINT('',(-0.0228448276900644,0.0071095188325792,0.00200000000000001));
#7528=CARTESIAN_POINT('',(-0.0253413587062945,0.0054413901386313,0.002));
#7529=CARTESIAN_POINT('',(-0.0270094874002424,0.00294485912240122,0.002));
#7530=CARTESIAN_POINT('',(-0.0275952562998788,5.80048162279745E-18,0.002));
#7531=CARTESIAN_POINT('',(-0.0270094874002424,-0.00294485912240124,0.002));
#7532=CARTESIAN_POINT('',(-0.0270109061349184,0.00294544678154543,0.00176471985636132));
#7533=CARTESIAN_POINT('',(-0.0275967919272264,5.20417042793042E-18,0.00176471985636131));
#7534=CARTESIAN_POINT('',(-0.0270109061349184,-0.00294544678154544,0.00176471985636131));
#7535=CARTESIAN_POINT('',(-0.0253424445588053,-0.00544247599114215,0.00176471985636131));
#7536=CARTESIAN_POINT('',(-0.0228454153492086,-0.00711093756725519,0.00176471985636131));
#7537=CARTESIAN_POINT('',(-0.0198999685676632,-0.00769682335956319,0.00176471985636131));
#7538=CARTESIAN_POINT('',(-0.0169545217861177,-0.00711093756725518,0.00176471985636131));
#7539=CARTESIAN_POINT('',(-0.014457492576521,-0.00544247599114215,0.00176471985636131));
#7540=CARTESIAN_POINT('',(-0.012789031000408,-0.00294544678154543,0.00176471985636132));
#7541=CARTESIAN_POINT('',(-0.0122031452081,7.13996165848417E-18,0.00176471985636132));
#7542=CARTESIAN_POINT('',(-0.012789031000408,0.00294544678154545,0.00176471985636132));
#7543=CARTESIAN_POINT('',(-0.014457492576521,0.00544247599114216,0.00176471985636132));
#7544=CARTESIAN_POINT('',(-0.0169545217861178,0.00711093756725519,0.00176471985636132));
#7545=CARTESIAN_POINT('',(-0.0198999685676632,0.0076968233595632,0.00176471985636132));
#7546=CARTESIAN_POINT('',(-0.0228454153492086,0.00711093756725519,0.00176471985636132));
#7547=CARTESIAN_POINT('',(-0.0253424445588054,0.00544247599114216,0.00176471985636132));
#7548=CARTESIAN_POINT('',(-0.0270109061349184,0.00294544678154543,0.00176471985636132));
#7549=CARTESIAN_POINT('',(-0.0275967919272264,5.20417042793042E-18,0.00176471985636131));
#7550=CARTESIAN_POINT('',(-0.0270109061349184,-0.00294544678154544,0.00176471985636131));
#7551=CARTESIAN_POINT('',(-0.0268102430091815,0.00286232939339702,0.00138264434880082));
#7552=CARTESIAN_POINT('',(-0.0273795957250424,5.31259064517897E-18,0.00138264434880082));
#7553=CARTESIAN_POINT('',(-0.0268102430091815,-0.00286232939339704,0.00138264434880082));
#7554=CARTESIAN_POINT('',(-0.0251888636513931,-0.00528889508372994,0.00138264434880081));
#7555=CARTESIAN_POINT('',(-0.0227622979610602,-0.00691027444151828,0.00138264434880081));
#7556=CARTESIAN_POINT('',(-0.0198999685676632,-0.00747962715737926,0.00138264434880081));
#7557=CARTESIAN_POINT('',(-0.0170376391742662,-0.00691027444151828,0.00138264434880082));
#7558=CARTESIAN_POINT('',(-0.0146110734839333,-0.00528889508372993,0.00138264434880082));
#7559=CARTESIAN_POINT('',(-0.0129896941261449,-0.00286232939339703,0.00138264434880082));
#7560=CARTESIAN_POINT('',(-0.0124203414102839,8.15927647499856E-18,0.00138264434880082));
#7561=CARTESIAN_POINT('',(-0.0129896941261449,0.00286232939339704,0.00138264434880082));
#7562=CARTESIAN_POINT('',(-0.0146110734839333,0.00528889508372995,0.00138264434880082));
#7563=CARTESIAN_POINT('',(-0.0170376391742662,0.00691027444151829,0.00138264434880082));
#7564=CARTESIAN_POINT('',(-0.0198999685676632,0.00747962715737927,0.00138264434880082));
#7565=CARTESIAN_POINT('',(-0.0227622979610602,0.00691027444151829,0.00138264434880082));
#7566=CARTESIAN_POINT('',(-0.0251888636513931,0.00528889508372994,0.00138264434880082));
#7567=CARTESIAN_POINT('',(-0.0268102430091815,0.00286232939339702,0.00138264434880082));
#7568=CARTESIAN_POINT('',(-0.0273795957250424,5.31259064517897E-18,0.00138264434880082));
#7569=CARTESIAN_POINT('',(-0.0268102430091815,-0.00286232939339704,0.00138264434880082));
#7570=CARTESIAN_POINT('',(-0.0259803672983907,0.00251858361890347,0.000858683026421154));
#7571=CARTESIAN_POINT('',(-0.0264813447284704,5.14996031930615E-18,0.000858683026421152));
#7572=CARTESIAN_POINT('',(-0.0259803672983907,-0.00251858361890348,0.000858683026421151));
#7573=CARTESIAN_POINT('',(-0.0245537042805095,-0.00465373571284626,0.00085868302642115));
#7574=CARTESIAN_POINT('',(-0.0224185521865667,-0.00608039873072749,0.00085868302642115));
#7575=CARTESIAN_POINT('',(-0.0198999685676632,-0.0065813761608072,0.00085868302642115));
#7576=CARTESIAN_POINT('',(-0.0173813849487597,-0.00608039873072748,0.000858683026421151));
#7577=CARTESIAN_POINT('',(-0.0152462328548169,-0.00465373571284626,0.000858683026421153));
#7578=CARTESIAN_POINT('',(-0.0138195698369357,-0.00251858361890347,0.000858683026421154));
#7579=CARTESIAN_POINT('',(-0.013318592406856,7.96379053519513E-18,0.000858683026421155));
#7580=CARTESIAN_POINT('',(-0.0138195698369357,0.00251858361890349,0.000858683026421156));
#7581=CARTESIAN_POINT('',(-0.0152462328548169,0.00465373571284627,0.000858683026421157));
#7582=CARTESIAN_POINT('',(-0.0173813849487597,0.00608039873072749,0.000858683026421157));
#7583=CARTESIAN_POINT('',(-0.0198999685676632,0.00658137616080722,0.000858683026421157));
#7584=CARTESIAN_POINT('',(-0.0224185521865667,0.00608039873072749,0.000858683026421157));
#7585=CARTESIAN_POINT('',(-0.0245537042805095,0.00465373571284626,0.000858683026421155));
#7586=CARTESIAN_POINT('',(-0.0259803672983907,0.00251858361890347,0.000858683026421154));
#7587=CARTESIAN_POINT('',(-0.0264813447284704,5.14996031930615E-18,0.000858683026421152));
#7588=CARTESIAN_POINT('',(-0.0259803672983907,-0.00251858361890348,0.000858683026421151));
#7589=CARTESIAN_POINT('',(-0.0249445406847148,0.00208953018725192,0.00047167011614716));
#7590=CARTESIAN_POINT('',(-0.0253601740809723,4.49943901581484E-18,0.000471670116147159));
#7591=CARTESIAN_POINT('',(-0.0249445406847148,-0.00208953018725193,0.000471670116147158));
#7592=CARTESIAN_POINT('',(-0.0237609169127963,-0.00386094834513307,0.000471670116147157));
#7593=CARTESIAN_POINT('',(-0.0219894987549151,-0.00504457211705159,0.000471670116147157));
#7594=CARTESIAN_POINT('',(-0.0198999685676632,-0.00546020551330914,0.000471670116147157));
#7595=CARTESIAN_POINT('',(-0.0178104383804113,-0.00504457211705159,0.000471670116147157));
#7596=CARTESIAN_POINT('',(-0.0160390202225301,-0.00386094834513306,0.000471670116147159));
#7597=CARTESIAN_POINT('',(-0.0148553964506116,-0.00208953018725192,0.000471670116147159));
#7598=CARTESIAN_POINT('',(-0.0144397630543541,8.21514756229284E-18,0.000471670116147161));
#7599=CARTESIAN_POINT('',(-0.0148553964506116,0.00208953018725194,0.000471670116147161));
#7600=CARTESIAN_POINT('',(-0.0160390202225301,0.00386094834513307,0.000471670116147162));
#7601=CARTESIAN_POINT('',(-0.0178104383804113,0.00504457211705161,0.000471670116147162));
#7602=CARTESIAN_POINT('',(-0.0198999685676632,0.00546020551330915,0.000471670116147162));
#7603=CARTESIAN_POINT('',(-0.0219894987549151,0.00504457211705161,0.000471670116147161));
#7604=CARTESIAN_POINT('',(-0.0237609169127963,0.00386094834513307,0.00047167011614716));
#7605=CARTESIAN_POINT('',(-0.0249445406847148,0.00208953018725192,0.00047167011614716));
#7606=CARTESIAN_POINT('',(-0.0253601740809723,4.49943901581484E-18,0.000471670116147159));
#7607=CARTESIAN_POINT('',(-0.0249445406847148,-0.00208953018725193,0.000471670116147158));
#7608=CARTESIAN_POINT('',(-0.023153125355015,0.0013475016618472,9.36809968095268E-5));
#7609=CARTESIAN_POINT('',(-0.0234211601006211,3.08997619158369E-18,9.36809968095259E-5));
#7610=CARTESIAN_POINT('',(-0.023153125355015,-0.00134750166184721,9.36809968095254E-5));
#7611=CARTESIAN_POINT('',(-0.0223898269784744,-0.00248985841081116,9.36809968095248E-5));
#7612=CARTESIAN_POINT('',(-0.0212474702295104,-0.00325315678735182,9.36809968095249E-5));
#7613=CARTESIAN_POINT('',(-0.0198999685676632,-0.00352119153295786,9.36809968095249E-5));
#7614=CARTESIAN_POINT('',(-0.018552466905816,-0.00325315678735181,9.36809968095252E-5));
#7615=CARTESIAN_POINT('',(-0.017410110156852,-0.00248985841081116,9.36809968095258E-5));
#7616=CARTESIAN_POINT('',(-0.0166468117803114,-0.0013475016618472,9.36809968095266E-5));
#7617=CARTESIAN_POINT('',(-0.0163787770347053,9.41119944284654E-18,9.36809968095272E-5));
#7618=CARTESIAN_POINT('',(-0.0166468117803114,0.00134750166184722,9.36809968095279E-5));
#7619=CARTESIAN_POINT('',(-0.017410110156852,0.00248985841081117,9.36809968095282E-5));
#7620=CARTESIAN_POINT('',(-0.018552466905816,0.00325315678735182,9.36809968095284E-5));
#7621=CARTESIAN_POINT('',(-0.0198999685676632,0.00352119153295787,9.36809968095281E-5));
#7622=CARTESIAN_POINT('',(-0.0212474702295104,0.00325315678735182,9.36809968095281E-5));
#7623=CARTESIAN_POINT('',(-0.0223898269784744,0.00248985841081117,9.36809968095273E-5));
#7624=CARTESIAN_POINT('',(-0.023153125355015,0.0013475016618472,9.36809968095268E-5));
#7625=CARTESIAN_POINT('',(-0.0234211601006211,3.08997619158369E-18,9.36809968095259E-5));
#7626=CARTESIAN_POINT('',(-0.023153125355015,-0.00134750166184721,9.36809968095254E-5));
#7627=CARTESIAN_POINT('',(-0.0216927449515481,0.00074259229250731,-9.18952796757479E-7));
#7628=CARTESIAN_POINT('',(-0.0218404557424486,1.74827600313288E-18,-9.1895279675783E-7));
#7629=CARTESIAN_POINT('',(-0.0216927449515481,-0.000742592292507313,-9.18952796758161E-7));
#7630=CARTESIAN_POINT('',(-0.0212721002077595,-0.00137213164009628,-9.18952796758345E-7));
#7631=CARTESIAN_POINT('',(-0.0206425608601705,-0.00179277638388488,-9.18952796758488E-7));
#7632=CARTESIAN_POINT('',(-0.0198999685676632,-0.0019404871747854,-9.18952796758406E-7));
#7633=CARTESIAN_POINT('',(-0.0191573762751559,-0.00179277638388487,-9.18952796758176E-7));
#7634=CARTESIAN_POINT('',(-0.0185278369275669,-0.00137213164009627,-9.18952796757877E-7));
#7635=CARTESIAN_POINT('',(-0.0181071921837783,-0.000742592292507303,-9.18952796757547E-7));
#7636=CARTESIAN_POINT('',(-0.0179594813928778,9.23309918515775E-18,-9.18952796757175E-7));
#7637=CARTESIAN_POINT('',(-0.0181071921837783,0.000742592292507322,-9.18952796756835E-7));
#7638=CARTESIAN_POINT('',(-0.0185278369275669,0.00137213164009629,-9.18952796756617E-7));
#7639=CARTESIAN_POINT('',(-0.0191573762751559,0.00179277638388489,-9.18952796756531E-7));
#7640=CARTESIAN_POINT('',(-0.0198999685676632,0.00194048717478541,-9.18952796756551E-7));
#7641=CARTESIAN_POINT('',(-0.0206425608601705,0.00179277638388489,-9.1895279675684E-7));
#7642=CARTESIAN_POINT('',(-0.0212721002077595,0.00137213164009628,-9.18952796757101E-7));
#7643=CARTESIAN_POINT('',(-0.0216927449515481,0.00074259229250731,-9.18952796757479E-7));
#7644=CARTESIAN_POINT('',(-0.0218404557424486,1.74827600313288E-18,-9.1895279675783E-7));
#7645=CARTESIAN_POINT('',(-0.0216927449515481,-0.000742592292507313,-9.18952796758161E-7));
#7646=CARTESIAN_POINT('',(-0.0208479302349591,0.000392658579203769,1.94262604062298E-19));
#7647=CARTESIAN_POINT('',(-0.0209260348825204,1.09097843606354E-18,-4.56158478249124E-21));
#7648=CARTESIAN_POINT('',(-0.0208479302349591,-0.00039265857920377,-1.76016264932332E-19));
#7649=CARTESIAN_POINT('',(-0.0206255070168458,-0.00072553844918265,-2.93999015574955E-19));
#7650=CARTESIAN_POINT('',(-0.020292627146867,-0.00094796166729589,-3.4054803244132E-19));
#7651=CARTESIAN_POINT('',(-0.0198999685676632,-0.00102606631485724,-3.08576649681411E-19));
#7652=CARTESIAN_POINT('',(-0.0195073099884594,-0.000947961667295887,-2.02952220499117E-19));
#7653=CARTESIAN_POINT('',(-0.0191744301184806,-0.000725538449182643,-3.97551067496089E-20));
#7654=CARTESIAN_POINT('',(-0.0189520069003673,-0.000392658579203762,1.56169410384272E-19));
#7655=CARTESIAN_POINT('',(-0.018873902252806,9.51741356940142E-18,3.54993599229062E-19));
#7656=CARTESIAN_POINT('',(-0.0189520069003673,0.00039265857920378,5.26448279378903E-19));
#7657=CARTESIAN_POINT('',(-0.0191744301184806,0.00072553844918266,6.44431030021526E-19));
#7658=CARTESIAN_POINT('',(-0.0195073099884594,0.0009479616672959,6.90980046887891E-19));
#7659=CARTESIAN_POINT('',(-0.0198999685676632,0.00102606631485725,6.59008664127982E-19));
#7660=CARTESIAN_POINT('',(-0.020292627146867,0.000947961667295897,5.53384234945688E-19));
#7661=CARTESIAN_POINT('',(-0.0206255070168459,0.000725538449182653,3.90187121196179E-19));
#7662=CARTESIAN_POINT('',(-0.0208479302349591,0.000392658579203769,1.94262604062298E-19));
#7663=CARTESIAN_POINT('',(-0.0209260348825204,1.09097843606354E-18,-4.56158478249124E-21));
#7664=CARTESIAN_POINT('',(-0.0208479302349591,-0.00039265857920377,-1.76016264932332E-19));
#7665=CARTESIAN_POINT('',(-0.0199,2.4492935982947E-19,0.024));
#7666=CARTESIAN_POINT('',(-0.015901876190612,-0.000122498999199201,0.01595));
#7667=CARTESIAN_POINT('',(-0.015901876190612,-0.000122498999199201,0.0159516977984883));
#7668=CARTESIAN_POINT('',(-0.015901876190612,-0.000122498999199201,0.0168));
#7669=CARTESIAN_POINT('',(-0.0199,2.4492935982947E-19,0.01645));
#7670=CARTESIAN_POINT('',(-0.0159974377655707,0.000877501000800802,0.01645));
#7671=CARTESIAN_POINT('',(-0.0159974377655707,0.000877501000800802,0.0168));
#7672=CARTESIAN_POINT('',(-0.0199,2.4492935982947E-19,0.024));
#7673=CARTESIAN_POINT('',(-0.0184,-0.00370809924354783,0.024));
#7674=CARTESIAN_POINT('',(-0.0184,-0.00370809924354783,0.014));
#7675=CARTESIAN_POINT('',(-0.0184,-0.00370809924354783,0.014));
#7676=CARTESIAN_POINT('',(-0.0199,2.4492935982947E-19,0.014));
#7677=CARTESIAN_POINT('',(-0.0224,0.0031224989991992,0.014));
#7678=CARTESIAN_POINT('',(-0.0224,0.0031224989991992,0.014));
#7679=CARTESIAN_POINT('',(-0.0224,0.0031224989991992,0.017));
#7680=CARTESIAN_POINT('',(-0.0199,2.4492935982947E-19,0.017));
#7681=CARTESIAN_POINT('',(-0.0238891900518777,-0.000293875364738619,0.017));
#7682=CARTESIAN_POINT('',(-0.0238891900518777,-0.000293875364738619,0.0168));
#7683=CARTESIAN_POINT('',(-0.0238891900518777,-0.000293875364738619,0.0168));
#7684=CARTESIAN_POINT('',(-0.0199,2.4492935982947E-19,0.0168));
#7685=CARTESIAN_POINT('',(-0.0238678505331705,0.000506124635261379,0.0168));
#7686=CARTESIAN_POINT('',(-0.0238678505331705,0.000506124635261379,0.01595));
#7687=CARTESIAN_POINT('',(-0.0238678505331705,0.000506124635261379,0.0159539210478061));
#7688=CARTESIAN_POINT('',(-0.0199,2.4492935982947E-19,0.01645));
#7689=CARTESIAN_POINT('',(-0.0238693937980634,-0.000493875364738618,0.01645));
#7690=CARTESIAN_POINT('',(-0.0238693937980634,-0.000493875364738618,0.0168));
#7691=CARTESIAN_POINT('',(-0.0214,0.00370809924354783,0.014));
#7692=CARTESIAN_POINT('',(-0.0214,0.00370809924354783,0.014));
#7693=CARTESIAN_POINT('',(-0.0199,2.4492935982947E-19,0.014));
#7694=CARTESIAN_POINT('',(-0.0174,-0.0031224989991992,0.014));
#7695=CARTESIAN_POINT('',(-0.0174,-0.0031224989991992,0.014));
#7696=CARTESIAN_POINT('',(-0.0174,-0.0031224989991992,0.017));
#7697=CARTESIAN_POINT('',(-0.0199,2.4492935982947E-19,0.017));
#7698=CARTESIAN_POINT('',(-0.0159577934612816,0.000677501000800802,0.017));
#7699=CARTESIAN_POINT('',(-0.0159577934612816,0.000677501000800802,0.0168));
#7700=CARTESIAN_POINT('',(-0.0159577934612816,0.000677501000800802,0.0168));
#7701=CARTESIAN_POINT('',(-0.0199,2.4492935982947E-19,0.0168));
#7702=CARTESIAN_POINT('',(-0.0199,0.,0.024));
#7703=CARTESIAN_POINT('',(-0.0185875,-0.00324458683810435,0.024));
#7704=CARTESIAN_POINT('',(-0.0199,0.,0.004));
#7705=CARTESIAN_POINT('',(-0.0185875,-0.00324458683810435,0.014));
#7706=CARTESIAN_POINT('',(-0.0185875,-0.00324458683810435,0.014));
#7707=CARTESIAN_POINT('',(-0.0199,0.,0.014));
#7708=CARTESIAN_POINT('',(-0.0220875,0.0027321866242993,0.014));
#7709=CARTESIAN_POINT('',(-0.0212125,0.00324458683810435,0.014));
#7710=CARTESIAN_POINT('',(-0.0212125,0.00324458683810435,0.014));
#7711=CARTESIAN_POINT('',(-0.0199,0.,0.014));
#7712=CARTESIAN_POINT('',(-0.0177125,-0.0027321866242993,0.014));
#7713=CARTESIAN_POINT('',(-0.0220875,0.0027321866242993,0.014));
#7714=CARTESIAN_POINT('',(-0.0220875,0.0027321866242993,0.017));
#7715=CARTESIAN_POINT('',(-0.0199,0.,0.017));
#7716=CARTESIAN_POINT('',(-0.023390541295393,-0.000257140944146293,0.017));
#7717=CARTESIAN_POINT('',(-0.0177125,-0.0027321866242993,0.014));
#7718=CARTESIAN_POINT('',(-0.0177125,-0.0027321866242993,0.017));
#7719=CARTESIAN_POINT('',(-0.0199,0.,0.017));
#7720=CARTESIAN_POINT('',(-0.0164505692786214,0.000592813375700701,0.017));
#7721=CARTESIAN_POINT('',(-0.0233732195733055,-0.000432140944146292,0.0168));
#7722=CARTESIAN_POINT('',(-0.0228770453485476,-0.000370406523553965,0.01645));
#7723=CARTESIAN_POINT('',(-0.023390541295393,-0.000257140944146293,0.0168));
#7724=CARTESIAN_POINT('',(-0.023390541295393,-0.000257140944146293,0.0168));
#7725=CARTESIAN_POINT('',(-0.0199,0.,0.0168));
#7726=CARTESIAN_POINT('',(-0.0233718692165242,0.000442859055853707,0.0168));
#7727=CARTESIAN_POINT('',(-0.0233718692165242,0.000442859055853707,0.01595));
#7728=CARTESIAN_POINT('',(-0.0202028985144616,3.86366368570311E-5,0.0164121302323717));
#7729=CARTESIAN_POINT('',(-0.0164852580448744,0.000767813375700702,0.0168));
#7730=CARTESIAN_POINT('',(-0.0169730783241781,0.000658125750600601,0.01645));
#7731=CARTESIAN_POINT('',(-0.0164505692786214,0.000592813375700701,0.0168));
#7732=CARTESIAN_POINT('',(-0.0164505692786214,0.000592813375700701,0.0168));
#7733=CARTESIAN_POINT('',(-0.0199,0.,0.0168));
#7734=CARTESIAN_POINT('',(-0.0164016416667855,-0.000107186624299299,0.0168));
#7735=CARTESIAN_POINT('',(-0.0164016416667855,-0.000107186624299299,0.01595));
#7736=CARTESIAN_POINT('',(-0.0163937961230499,-0.000107427004863185,0.0160130077521034));
#7737=CARTESIAN_POINT('',(-0.0196806247497998,-0.000975640558607317,0.01595));
#7738=CARTESIAN_POINT('',(-0.0200234688411846,0.000992348449515853,0.01595));
#7739=CARTESIAN_POINT('',(0.,0.,0.));
#7740=CARTESIAN_POINT('',(0.328,0.116,0.1));
#7741=CARTESIAN_POINT('',(0.328,0.116,0.));
#7742=CARTESIAN_POINT('',(0.078,0.116,0.));
#7743=CARTESIAN_POINT('',(0.108,0.116,0.));
#7744=CARTESIAN_POINT('',(0.078,0.116,0.1));
#7745=CARTESIAN_POINT('',(0.078,0.116,0.03));
#7746=CARTESIAN_POINT('',(0.093,0.116,0.03));
#7747=CARTESIAN_POINT('',(0.108,0.116,0.03));
#7748=CARTESIAN_POINT('',(0.108,0.116,0.015));
#7749=CARTESIAN_POINT('',(0.0875,0.116,0.015));
#7750=CARTESIAN_POINT('',(0.0875,0.116,0.0095));
#7751=CARTESIAN_POINT('',(0.0875,0.116,0.0205));
#7752=CARTESIAN_POINT('',(0.093,0.116,0.0095));
#7753=CARTESIAN_POINT('',(0.0985,0.116,0.0095));
#7754=CARTESIAN_POINT('',(0.0985,0.116,0.015));
#7755=CARTESIAN_POINT('',(0.0985,0.116,0.0205));
#7756=CARTESIAN_POINT('',(0.093,0.116,0.0205));
#7757=CARTESIAN_POINT('',(0.0734166666666666,0.0489636243217533,0.0175));
#7758=CARTESIAN_POINT('',(0.0734166666666666,0.0489636243217533,0.0125));
#7759=CARTESIAN_POINT('',(0.073,0.050142135623731,0.0125));
#7760=CARTESIAN_POINT('',(0.0738333333333333,0.0477851130197758,0.0125));
#7761=CARTESIAN_POINT('',(0.073,0.050142135623731,0.0175));
#7762=CARTESIAN_POINT('',(0.073,0.050142135623731,0.0175));
#7763=CARTESIAN_POINT('',(0.0734166666666666,0.0489636243217533,0.0175));
#7764=CARTESIAN_POINT('',(0.0738333333333333,0.0477851130197758,0.0175));
#7765=CARTESIAN_POINT('',(0.0738333333333333,0.0477851130197758,0.0175));
#7766=CARTESIAN_POINT('',(0.0734166666666666,-0.0510363756782467,0.0175));
#7767=CARTESIAN_POINT('',(0.0734166666666666,-0.0510363756782467,0.0125));
#7768=CARTESIAN_POINT('',(0.073,-0.0498578643762691,0.0125));
#7769=CARTESIAN_POINT('',(0.0738333333333332,-0.0522148869802243,0.0125));
#7770=CARTESIAN_POINT('',(0.073,-0.0498578643762691,0.0175));
#7771=CARTESIAN_POINT('',(0.073,-0.0498578643762691,0.0175));
#7772=CARTESIAN_POINT('',(0.0734166666666666,-0.0510363756782467,0.0175));
#7773=CARTESIAN_POINT('',(0.0738333333333332,-0.0522148869802243,0.0175));
#7774=CARTESIAN_POINT('',(0.0738333333333332,-0.0522148869802243,0.0175));
#7775=CARTESIAN_POINT('',(0.088,0.091,0.02));
#7776=CARTESIAN_POINT('',(0.088,0.326,0.03));
#7777=CARTESIAN_POINT('',(0.088,0.096,0.03));
#7778=CARTESIAN_POINT('',(0.088,0.086,0.03));
#7779=CARTESIAN_POINT('',(0.088,0.086,0.02));
#7780=CARTESIAN_POINT('',(0.088,0.086,0.02));
#7781=CARTESIAN_POINT('',(0.088,0.091,0.02));
#7782=CARTESIAN_POINT('',(0.088,0.096,0.02));
#7783=CARTESIAN_POINT('',(0.088,0.096,0.02));
#7784=CARTESIAN_POINT('',(0.088,-0.009,0.02));
#7785=CARTESIAN_POINT('',(0.088,0.326,0.03));
#7786=CARTESIAN_POINT('',(0.088,-0.004,0.03));
#7787=CARTESIAN_POINT('',(0.088,-0.014,0.03));
#7788=CARTESIAN_POINT('',(0.088,-0.014,0.02));
#7789=CARTESIAN_POINT('',(0.088,-0.014,0.02));
#7790=CARTESIAN_POINT('',(0.088,-0.009,0.02));
#7791=CARTESIAN_POINT('',(0.088,-0.004,0.02));
#7792=CARTESIAN_POINT('',(0.088,-0.004,0.02));
#7793=CARTESIAN_POINT('',(0.331124063718615,0.086,0.0125));
#7794=CARTESIAN_POINT('',(0.078,0.036,0.0125));
#7795=CARTESIAN_POINT('',(0.078,0.0235,0.0125));
#7796=CARTESIAN_POINT('',(0.078,-0.094,0.0125));
#7797=CARTESIAN_POINT('',(0.078,0.0209999999999997,0.0125));
#7798=CARTESIAN_POINT('',(0.078,0.036,0.0125));
#7799=CARTESIAN_POINT('',(0.078,0.036,0.0175));
#7800=CARTESIAN_POINT('',(0.078,0.0209999999999997,0.0175));
#7801=CARTESIAN_POINT('',(0.078,0.0209999999999997,0.0175));
#7802=CARTESIAN_POINT('',(0.078,0.036,0.0175));
#7803=CARTESIAN_POINT('',(0.331124063718615,0.086,0.0175));
#7804=CARTESIAN_POINT('',(0.078,-0.094,0.0175));
#7805=CARTESIAN_POINT('',(0.078,0.0235,0.0175));
#7806=CARTESIAN_POINT('',(0.078,0.036,0.0175));
#7807=CARTESIAN_POINT('',(0.078,0.036,0.0175));
#7808=CARTESIAN_POINT('',(0.078,0.0235,0.0175));
#7809=CARTESIAN_POINT('',(0.331124063718615,0.086,0.0125));
#7810=CARTESIAN_POINT('',(0.078,-0.064,0.0125));
#7811=CARTESIAN_POINT('',(0.078,-0.0765,0.0125));
#7812=CARTESIAN_POINT('',(0.078,-0.094,0.0125));
#7813=CARTESIAN_POINT('',(0.078,-0.079,0.0125));
#7814=CARTESIAN_POINT('',(0.078,-0.064,0.0125));
#7815=CARTESIAN_POINT('',(0.078,-0.064,0.0175));
#7816=CARTESIAN_POINT('',(0.078,-0.079,0.0175));
#7817=CARTESIAN_POINT('',(0.078,-0.079,0.0175));
#7818=CARTESIAN_POINT('',(0.078,-0.064,0.0175));
#7819=CARTESIAN_POINT('',(0.331124063718615,0.086,0.0175));
#7820=CARTESIAN_POINT('',(0.078,-0.094,0.0175));
#7821=CARTESIAN_POINT('',(0.078,-0.0765,0.0175));
#7822=CARTESIAN_POINT('',(0.078,-0.064,0.0175));
#7823=CARTESIAN_POINT('',(0.078,-0.064,0.0175));
#7824=CARTESIAN_POINT('',(0.078,-0.0765,0.0175));
#7825=CARTESIAN_POINT('',(0.028,-0.094,0.0799741327762604));
#7826=CARTESIAN_POINT('',(0.088,-0.094,0.015));
#7827=CARTESIAN_POINT('',(0.088,-0.094,0.02));
#7828=CARTESIAN_POINT('',(0.088,-0.094,0.01));
#7829=CARTESIAN_POINT('',(0.093,-0.094,0.02));
#7830=CARTESIAN_POINT('',(0.098,-0.094,0.02));
#7831=CARTESIAN_POINT('',(0.098,-0.094,0.015));
#7832=CARTESIAN_POINT('',(0.098,-0.094,0.01));
#7833=CARTESIAN_POINT('',(0.093,-0.094,0.01));
#7834=CARTESIAN_POINT('',(0.093,-0.094,0.03));
#7835=CARTESIAN_POINT('',(0.108,-0.094,0.03));
#7836=CARTESIAN_POINT('',(0.078,-0.094,0.03));
#7837=CARTESIAN_POINT('',(0.078,-0.094,0.1));
#7838=CARTESIAN_POINT('',(0.078,-0.094,-2.77555756156289E-17));
#7839=CARTESIAN_POINT('',(0.028,-0.094,-2.77555756156289E-17));
#7840=CARTESIAN_POINT('',(0.108,-0.094,-2.77555756156289E-17));
#7841=CARTESIAN_POINT('',(0.108,-0.094,0.015));
#7842=CARTESIAN_POINT('',(0.098,-0.014,0.02));
#7843=CARTESIAN_POINT('',(0.108,-0.014,0.02));
#7844=CARTESIAN_POINT('',(0.108,-0.014,0.02));
#7845=CARTESIAN_POINT('',(0.108,-0.014,0.03));
#7846=CARTESIAN_POINT('',(0.098,-0.014,0.02));
#7847=CARTESIAN_POINT('',(0.093,-0.014,0.03));
#7848=CARTESIAN_POINT('',(0.3305,0.091,0.02));
#7849=CARTESIAN_POINT('',(0.108,-0.009,0.02));
#7850=CARTESIAN_POINT('',(0.108,-0.004,0.02));
#7851=CARTESIAN_POINT('',(0.098,-0.004,0.02));
#7852=CARTESIAN_POINT('',(0.098,-0.004,0.02));
#7853=CARTESIAN_POINT('',(0.093,-0.004,0.03));
#7854=CARTESIAN_POINT('',(0.108,-0.004,0.03));
#7855=CARTESIAN_POINT('',(0.108,-0.004,0.02));
#7856=CARTESIAN_POINT('',(0.098,0.086,0.02));
#7857=CARTESIAN_POINT('',(0.108,0.086,0.02));
#7858=CARTESIAN_POINT('',(0.108,0.086,0.02));
#7859=CARTESIAN_POINT('',(0.108,0.086,0.03));
#7860=CARTESIAN_POINT('',(0.098,0.086,0.02));
#7861=CARTESIAN_POINT('',(0.093,0.086,0.03));
#7862=CARTESIAN_POINT('',(0.3305,0.091,0.02));
#7863=CARTESIAN_POINT('',(0.108,0.091,0.02));
#7864=CARTESIAN_POINT('',(0.108,0.096,0.02));
#7865=CARTESIAN_POINT('',(0.098,0.096,0.02));
#7866=CARTESIAN_POINT('',(0.098,0.096,0.02));
#7867=CARTESIAN_POINT('',(0.093,0.096,0.03));
#7868=CARTESIAN_POINT('',(0.108,0.096,0.03));
#7869=CARTESIAN_POINT('',(0.108,0.096,0.02));
#7870=CARTESIAN_POINT('',(0.108,0.326,0.015));
#7871=CARTESIAN_POINT('',(0.108,0.326,0.03));
#7872=CARTESIAN_POINT('',(0.108,0.326,0.03));
#7873=CARTESIAN_POINT('',(0.108,0.326,0.03));
#7874=CARTESIAN_POINT('',(0.108,0.326,0.));
#7875=CARTESIAN_POINT('',(0.078,-0.094,0.1));
#7876=CARTESIAN_POINT('',(0.078,-0.094,-2.77555756156289E-17));
#7877=CARTESIAN_POINT('',(0.078,0.326,0.03));
#7878=CARTESIAN_POINT('',(0.328,-0.094,-2.77555756156289E-17));
#7879=CARTESIAN_POINT('',(0.093,0.326,0.03));
#7880=CARTESIAN_POINT('',(0.093,-0.099,0.02));
#7881=CARTESIAN_POINT('',(0.088,-0.099,0.02));
#7882=CARTESIAN_POINT('',(0.088,-0.099,0.02));
#7883=CARTESIAN_POINT('',(0.093,-0.099,0.02));
#7884=CARTESIAN_POINT('',(0.098,-0.099,0.02));
#7885=CARTESIAN_POINT('',(0.098,-0.099,0.02));
#7886=CARTESIAN_POINT('',(0.088,-0.099,0.015));
#7887=CARTESIAN_POINT('',(0.088,-0.099,0.01));
#7888=CARTESIAN_POINT('',(0.088,-0.099,0.01));
#7889=CARTESIAN_POINT('',(0.088,-0.099,0.015));
#7890=CARTESIAN_POINT('',(0.093,-0.099,0.01));
#7891=CARTESIAN_POINT('',(0.098,-0.099,0.01));
#7892=CARTESIAN_POINT('',(0.098,-0.099,0.01));
#7893=CARTESIAN_POINT('',(0.093,-0.099,0.01));
#7894=CARTESIAN_POINT('',(0.098,-0.099,0.015));
#7895=CARTESIAN_POINT('',(0.098,-0.099,0.015));
#7896=CARTESIAN_POINT('',(0.093,-0.099,0.015));
#7897=CARTESIAN_POINT('',(0.093,0.111,0.0095));
#7898=CARTESIAN_POINT('',(0.0875,0.111,0.0095));
#7899=CARTESIAN_POINT('',(0.0875,0.111,0.0095));
#7900=CARTESIAN_POINT('',(0.093,0.111,0.0095));
#7901=CARTESIAN_POINT('',(0.0985,0.111,0.0095));
#7902=CARTESIAN_POINT('',(0.0985,0.111,0.0095));
#7903=CARTESIAN_POINT('',(0.0875,0.111,0.015));
#7904=CARTESIAN_POINT('',(0.0875,0.111,0.0205));
#7905=CARTESIAN_POINT('',(0.0875,0.111,0.0205));
#7906=CARTESIAN_POINT('',(0.0875,0.111,0.015));
#7907=CARTESIAN_POINT('',(0.093,0.111,0.0205));
#7908=CARTESIAN_POINT('',(0.0985,0.111,0.0205));
#7909=CARTESIAN_POINT('',(0.0985,0.111,0.0205));
#7910=CARTESIAN_POINT('',(0.093,0.111,0.0205));
#7911=CARTESIAN_POINT('',(0.0985,0.111,0.015));
#7912=CARTESIAN_POINT('',(0.0985,0.111,0.015));
#7913=CARTESIAN_POINT('',(0.093,0.111,0.015));
#7914=CARTESIAN_POINT('',(0.,0.,0.));
#7915=CARTESIAN_POINT('',(-0.0161,-0.0489428571428572,0.03));
#7916=CARTESIAN_POINT('',(-0.0161,-0.0368,0.));
#7917=CARTESIAN_POINT('',(0.0139,-0.0368,0.));
#7918=CARTESIAN_POINT('',(-0.0161,-0.0368,-1.38777878078145E-17));
#7919=CARTESIAN_POINT('',(-0.0161,-0.0264909982901324,-0.025469298342026));
#7920=CARTESIAN_POINT('',(-0.0161,-0.0489428571428572,0.03));
#7921=CARTESIAN_POINT('',(-0.0161,-0.0489428571428572,0.03));
#7922=CARTESIAN_POINT('',(0.0139,-0.0489428571428572,0.03));
#7923=CARTESIAN_POINT('',(0.0139,-0.0264909982901324,-0.025469298342026));
#7924=CARTESIAN_POINT('',(-0.00110000000000003,-0.0414390019881935,0.0114610637355368));
#7925=CARTESIAN_POINT('',(-0.0061,-0.0414390019881935,0.0114610637355368));
#7926=CARTESIAN_POINT('',(0.0039,-0.0414390019881935,0.0114610637355368));
#7927=CARTESIAN_POINT('',(0.0039,-0.0433149657768594,0.0160957978016526));
#7928=CARTESIAN_POINT('',(0.0039,-0.0451909295655253,0.0207305318677685));
#7929=CARTESIAN_POINT('',(-0.00110000000000003,-0.0451909295655253,0.0207305318677685));
#7930=CARTESIAN_POINT('',(-0.0061,-0.0451909295655253,0.0207305318677685));
#7931=CARTESIAN_POINT('',(-0.0061,-0.0433149657768594,0.0160957978016526));
#7932=CARTESIAN_POINT('',(-0.0161,-0.0589428571428573,0.0223015655224341));
#7933=CARTESIAN_POINT('',(0.0049,-0.0589428571428573,0.0223015655224341));
#7934=CARTESIAN_POINT('',(0.0049,-0.108942857142857,0.0223015655224341));
#7935=CARTESIAN_POINT('',(0.0049,-0.105290197804015,0.00354192763577483));
#7936=CARTESIAN_POINT('',(-0.0161,-0.105290197804015,0.00354192763577483));
#7937=CARTESIAN_POINT('',(0.0139,-0.105290197804015,0.00354192763577483));
#7938=CARTESIAN_POINT('',(0.0139,-0.0589428571428573,0.0223015655224341));
#7939=CARTESIAN_POINT('',(0.0139,-0.108942857142857,0.0223015655224341));
#7940=CARTESIAN_POINT('',(-0.0161,-0.108942857142857,0.0223015655224341));
#7941=CARTESIAN_POINT('',(-0.0161,-0.0964428571428574,0.015));
#7942=CARTESIAN_POINT('',(0.0049,-0.0964428571428574,0.015));
#7943=CARTESIAN_POINT('',(0.0049,-0.101077591208973,0.0131240362113341));
#7944=CARTESIAN_POINT('',(0.0139,-0.0964428571428574,0.015));
#7945=CARTESIAN_POINT('',(0.0139,-0.0918081230767416,0.0168759637886659));
#7946=CARTESIAN_POINT('',(-0.0161,-0.109927988999059,0.015));
#7947=CARTESIAN_POINT('',(0.0049,-0.109927988999059,0.015));
#7948=CARTESIAN_POINT('',(0.0049,-0.10385656042763,1.38777878078145E-17));
#7949=CARTESIAN_POINT('',(-0.0161,-0.10385656042763,1.38777878078145E-17));
#7950=CARTESIAN_POINT('',(0.0139,-0.10385656042763,1.38777878078145E-17));
#7951=CARTESIAN_POINT('',(0.0139,-0.109927988999059,0.015));
#7952=CARTESIAN_POINT('',(-0.0071,-0.0959034518686093,0.015));
#7953=CARTESIAN_POINT('',(-0.0071,-0.0964428571428574,0.015));
#7954=CARTESIAN_POINT('',(-0.0071,-0.101077591208973,0.0131240362113341));
#7955=CARTESIAN_POINT('',(-0.0071,-0.109927988999059,0.015));
#7956=CARTESIAN_POINT('',(-0.0071,-0.10385656042763,1.38777878078145E-17));
#7957=CARTESIAN_POINT('',(-0.0071,-0.105290197804015,0.00354192763577483));
#7958=CARTESIAN_POINT('',(-0.0071,-0.0898320232971807,1.38777878078145E-17));
#7959=CARTESIAN_POINT('',(-0.0071,-0.0758074861667312,0.));
#7960=CARTESIAN_POINT('',(-0.0071,-0.0818789147381598,0.015));
#7961=CARTESIAN_POINT('',(-0.0071,-0.0879503433095884,0.03));
#7962=CARTESIAN_POINT('',(-0.0071,-0.101974880440038,0.03));
#7963=CARTESIAN_POINT('',(-0.0071,-0.108942857142857,0.03));
#7964=CARTESIAN_POINT('',(-0.0071,-0.108942857142857,0.015));
#7965=CARTESIAN_POINT('',(-0.0071,-0.108942857142857,0.0223015655224341));
#7966=CARTESIAN_POINT('',(-0.0071,-0.0589428571428573,0.0223015655224341));
#7967=CARTESIAN_POINT('',(-0.0071,-0.0818789147381598,0.015));
#7968=CARTESIAN_POINT('',(0.0049,-0.0818789147381598,0.015));
#7969=CARTESIAN_POINT('',(0.0049,-0.0758074861667312,0.));
#7970=CARTESIAN_POINT('',(0.0049,-0.0879503433095884,0.03));
#7971=CARTESIAN_POINT('',(-0.0071,-0.0879503433095884,0.03));
#7972=CARTESIAN_POINT('',(-0.0071,-0.0758074861667312,0.));
#7973=CARTESIAN_POINT('',(0.0049,-0.0959034518686093,0.015));
#7974=CARTESIAN_POINT('',(0.0049,-0.108942857142857,0.015));
#7975=CARTESIAN_POINT('',(0.0049,-0.108942857142857,0.03));
#7976=CARTESIAN_POINT('',(0.0049,-0.101974880440038,0.03));
#7977=CARTESIAN_POINT('',(0.0049,-0.0898320232971807,1.38777878078145E-17));
#7978=CARTESIAN_POINT('',(-0.0161,-0.108942857142857,0.0212830724129277));
#7979=CARTESIAN_POINT('',(0.0139,-0.108942857142857,0.0212830724129277));
#7980=CARTESIAN_POINT('',(0.0139,-0.108942857142857,0.03));
#7981=CARTESIAN_POINT('',(-0.0161,-0.108942857142857,0.03));
#7982=CARTESIAN_POINT('',(-0.0161,-0.109927988999059,0.015));
#7983=CARTESIAN_POINT('',(-0.0161,-0.109927988999059,0.015));
#7984=CARTESIAN_POINT('',(-0.0161,-0.10385656042763,1.38777878078145E-17));
#7985=CARTESIAN_POINT('',(-0.0161,-0.105290197804015,0.00354192763577483));
#7986=CARTESIAN_POINT('',(-0.0161,-0.10385656042763,1.38777878078145E-17));
#7987=CARTESIAN_POINT('',(-0.0161,-0.105290197804015,0.00354192763577483));
#7988=CARTESIAN_POINT('',(-0.0161,-0.0589428571428573,0.0223015655224341));
#7989=CARTESIAN_POINT('',(-0.0161,-0.0589428571428573,0.0223015655224341));
#7990=CARTESIAN_POINT('',(-0.0161,-0.108942857142857,0.0223015655224341));
#7991=CARTESIAN_POINT('',(-0.0161,-0.108942857142857,0.0223015655224341));
#7992=CARTESIAN_POINT('',(-0.0161,-0.108942857142857,0.0212830724129277));
#7993=CARTESIAN_POINT('',(-0.0161,-0.108942857142857,0.03));
#7994=CARTESIAN_POINT('',(-0.0161,-0.108942857142857,0.03));
#7995=CARTESIAN_POINT('',(-0.0161,-0.108942857142857,0.0212830724129277));
#7996=CARTESIAN_POINT('',(-0.0161,-0.0964428571428574,0.015));
#7997=CARTESIAN_POINT('',(-0.0161,-0.0964428571428574,0.015));
#7998=CARTESIAN_POINT('',(-0.0161,-0.0918081230767416,0.0168759637886659));
#7999=CARTESIAN_POINT('',(-0.0161,0.110550797613696,0.03));
#8000=CARTESIAN_POINT('',(-0.0161,0.0795634026557134,1.38777878078145E-17));
#8001=CARTESIAN_POINT('',(-0.0161,0.110550797613696,0.03));
#8002=CARTESIAN_POINT('',(-0.0161,0.110550797613696,0.03));
#8003=CARTESIAN_POINT('',(0.0139,0.110550797613696,0.03));
#8004=CARTESIAN_POINT('',(-0.0161,0.0795634026557134,1.38777878078145E-17));
#8005=CARTESIAN_POINT('',(0.0139,0.0795634026557134,1.38777878078145E-17));
#8006=CARTESIAN_POINT('',(0.0139,0.110550797613696,0.03));
#8007=CARTESIAN_POINT('',(-0.0061,-0.0386802317107436,0.0179717615903186));
#8008=CARTESIAN_POINT('',(-0.0061,-0.0405561954994096,0.0226064956564343));
#8009=CARTESIAN_POINT('',(-0.0061,-0.0405561954994096,0.0226064956564343));
#8010=CARTESIAN_POINT('',(-0.0061,-0.0386802317107436,0.0179717615903186));
#8011=CARTESIAN_POINT('',(-0.0061,-0.0368042679220777,0.0133370275242027));
#8012=CARTESIAN_POINT('',(-0.0061,-0.0368042679220777,0.0133370275242027));
#8013=CARTESIAN_POINT('',(-0.00110000000000003,-0.0368042679220777,0.0133370275242027));
#8014=CARTESIAN_POINT('',(-0.00110000000000003,-0.0368042679220777,0.0133370275242027));
#8015=CARTESIAN_POINT('',(0.0039,-0.0368042679220777,0.0133370275242027));
#8016=CARTESIAN_POINT('',(0.0039,-0.0368042679220777,0.0133370275242027));
#8017=CARTESIAN_POINT('',(0.0039,-0.0386802317107436,0.0179717615903186));
#8018=CARTESIAN_POINT('',(0.0039,-0.0386802317107436,0.0179717615903186));
#8019=CARTESIAN_POINT('',(0.0039,-0.0405561954994096,0.0226064956564343));
#8020=CARTESIAN_POINT('',(0.0039,-0.0405561954994096,0.0226064956564343));
#8021=CARTESIAN_POINT('',(-0.00110000000000003,-0.0405561954994096,0.0226064956564343));
#8022=CARTESIAN_POINT('',(-0.00110000000000003,-0.0405561954994096,0.0226064956564343));
#8023=CARTESIAN_POINT('',(-0.00110000000000003,-0.0382366945053128,0.0168759637886659));
#8024=MECHANICAL_DESIGN_GEOMETRIC_PRESENTATION_REPRESENTATION('',(#4663),
#8032);
#8025=MECHANICAL_DESIGN_GEOMETRIC_PRESENTATION_REPRESENTATION('',(#4664),
#8033);
#8026=MECHANICAL_DESIGN_GEOMETRIC_PRESENTATION_REPRESENTATION('',(#4665),
#8034);
#8027=MECHANICAL_DESIGN_GEOMETRIC_PRESENTATION_REPRESENTATION('',(#4666),
#8035);
#8028=MECHANICAL_DESIGN_GEOMETRIC_PRESENTATION_REPRESENTATION('',(#4667),
#8036);
#8029=MECHANICAL_DESIGN_GEOMETRIC_PRESENTATION_REPRESENTATION('',(#4668),
#8037);
#8030=MECHANICAL_DESIGN_GEOMETRIC_PRESENTATION_REPRESENTATION('',(#4669),
#8038);
#8031=MECHANICAL_DESIGN_GEOMETRIC_PRESENTATION_REPRESENTATION('',(#4670),
#8039);
#8032=(
GEOMETRIC_REPRESENTATION_CONTEXT(3)
GLOBAL_UNCERTAINTY_ASSIGNED_CONTEXT((#8040))
GLOBAL_UNIT_ASSIGNED_CONTEXT((#8064,#8056,#8048))
REPRESENTATION_CONTEXT('Part 1','TOP_LEVEL_ASSEMBLY_PART')
);
#8033=(
GEOMETRIC_REPRESENTATION_CONTEXT(3)
GLOBAL_UNCERTAINTY_ASSIGNED_CONTEXT((#8041))
GLOBAL_UNIT_ASSIGNED_CONTEXT((#8065,#8057,#8049))
REPRESENTATION_CONTEXT('Part 1','TOP_LEVEL_ASSEMBLY_PART')
);
#8034=(
GEOMETRIC_REPRESENTATION_CONTEXT(3)
GLOBAL_UNCERTAINTY_ASSIGNED_CONTEXT((#8042))
GLOBAL_UNIT_ASSIGNED_CONTEXT((#8066,#8058,#8050))
REPRESENTATION_CONTEXT('Part 1','TOP_LEVEL_ASSEMBLY_PART')
);
#8035=(
GEOMETRIC_REPRESENTATION_CONTEXT(3)
GLOBAL_UNCERTAINTY_ASSIGNED_CONTEXT((#8043))
GLOBAL_UNIT_ASSIGNED_CONTEXT((#8067,#8059,#8051))
REPRESENTATION_CONTEXT('Part 1','TOP_LEVEL_ASSEMBLY_PART')
);
#8036=(
GEOMETRIC_REPRESENTATION_CONTEXT(3)
GLOBAL_UNCERTAINTY_ASSIGNED_CONTEXT((#8044))
GLOBAL_UNIT_ASSIGNED_CONTEXT((#8068,#8060,#8052))
REPRESENTATION_CONTEXT('Part 1','TOP_LEVEL_ASSEMBLY_PART')
);
#8037=(
GEOMETRIC_REPRESENTATION_CONTEXT(3)
GLOBAL_UNCERTAINTY_ASSIGNED_CONTEXT((#8045))
GLOBAL_UNIT_ASSIGNED_CONTEXT((#8069,#8061,#8053))
REPRESENTATION_CONTEXT('Part 1','TOP_LEVEL_ASSEMBLY_PART')
);
#8038=(
GEOMETRIC_REPRESENTATION_CONTEXT(3)
GLOBAL_UNCERTAINTY_ASSIGNED_CONTEXT((#8046))
GLOBAL_UNIT_ASSIGNED_CONTEXT((#8070,#8062,#8054))
REPRESENTATION_CONTEXT('Part 1','TOP_LEVEL_ASSEMBLY_PART')
);
#8039=(
GEOMETRIC_REPRESENTATION_CONTEXT(3)
GLOBAL_UNCERTAINTY_ASSIGNED_CONTEXT((#8047))
GLOBAL_UNIT_ASSIGNED_CONTEXT((#8071,#8063,#8055))
REPRESENTATION_CONTEXT('Part 1','TOP_LEVEL_ASSEMBLY_PART')
);
#8040=UNCERTAINTY_MEASURE_WITH_UNIT(LENGTH_MEASURE(1.E-8),#8064,
'DISTANCE_ACCURACY_VALUE','Maximum Tolerance applied to model');
#8041=UNCERTAINTY_MEASURE_WITH_UNIT(LENGTH_MEASURE(1.E-8),#8065,
'DISTANCE_ACCURACY_VALUE','Maximum Tolerance applied to model');
#8042=UNCERTAINTY_MEASURE_WITH_UNIT(LENGTH_MEASURE(2.E-5),#8066,
'DISTANCE_ACCURACY_VALUE','Maximum Tolerance applied to model');
#8043=UNCERTAINTY_MEASURE_WITH_UNIT(LENGTH_MEASURE(1.E-8),#8067,
'DISTANCE_ACCURACY_VALUE','Maximum Tolerance applied to model');
#8044=UNCERTAINTY_MEASURE_WITH_UNIT(LENGTH_MEASURE(1.E-8),#8068,
'DISTANCE_ACCURACY_VALUE','Maximum Tolerance applied to model');
#8045=UNCERTAINTY_MEASURE_WITH_UNIT(LENGTH_MEASURE(2.E-5),#8069,
'DISTANCE_ACCURACY_VALUE','Maximum Tolerance applied to model');
#8046=UNCERTAINTY_MEASURE_WITH_UNIT(LENGTH_MEASURE(1.E-8),#8070,
'DISTANCE_ACCURACY_VALUE','Maximum Tolerance applied to model');
#8047=UNCERTAINTY_MEASURE_WITH_UNIT(LENGTH_MEASURE(1.E-8),#8071,
'DISTANCE_ACCURACY_VALUE','Maximum Tolerance applied to model');
#8048=(
NAMED_UNIT(*)
SI_UNIT($,.STERADIAN.)
SOLID_ANGLE_UNIT()
);
#8049=(
NAMED_UNIT(*)
SI_UNIT($,.STERADIAN.)
SOLID_ANGLE_UNIT()
);
#8050=(
NAMED_UNIT(*)
SI_UNIT($,.STERADIAN.)
SOLID_ANGLE_UNIT()
);
#8051=(
NAMED_UNIT(*)
SI_UNIT($,.STERADIAN.)
SOLID_ANGLE_UNIT()
);
#8052=(
NAMED_UNIT(*)
SI_UNIT($,.STERADIAN.)
SOLID_ANGLE_UNIT()
);
#8053=(
NAMED_UNIT(*)
SI_UNIT($,.STERADIAN.)
SOLID_ANGLE_UNIT()
);
#8054=(
NAMED_UNIT(*)
SI_UNIT($,.STERADIAN.)
SOLID_ANGLE_UNIT()
);
#8055=(
NAMED_UNIT(*)
SI_UNIT($,.STERADIAN.)
SOLID_ANGLE_UNIT()
);
#8056=(
NAMED_UNIT(*)
PLANE_ANGLE_UNIT()
SI_UNIT($,.RADIAN.)
);
#8057=(
NAMED_UNIT(*)
PLANE_ANGLE_UNIT()
SI_UNIT($,.RADIAN.)
);
#8058=(
NAMED_UNIT(*)
PLANE_ANGLE_UNIT()
SI_UNIT($,.RADIAN.)
);
#8059=(
NAMED_UNIT(*)
PLANE_ANGLE_UNIT()
SI_UNIT($,.RADIAN.)
);
#8060=(
NAMED_UNIT(*)
PLANE_ANGLE_UNIT()
SI_UNIT($,.RADIAN.)
);
#8061=(
NAMED_UNIT(*)
PLANE_ANGLE_UNIT()
SI_UNIT($,.RADIAN.)
);
#8062=(
NAMED_UNIT(*)
PLANE_ANGLE_UNIT()
SI_UNIT($,.RADIAN.)
);
#8063=(
NAMED_UNIT(*)
PLANE_ANGLE_UNIT()
SI_UNIT($,.RADIAN.)
);
#8064=(
LENGTH_UNIT()
NAMED_UNIT(*)
SI_UNIT($,.METRE.)
);
#8065=(
LENGTH_UNIT()
NAMED_UNIT(*)
SI_UNIT($,.METRE.)
);
#8066=(
LENGTH_UNIT()
NAMED_UNIT(*)
SI_UNIT($,.METRE.)
);
#8067=(
LENGTH_UNIT()
NAMED_UNIT(*)
SI_UNIT($,.METRE.)
);
#8068=(
LENGTH_UNIT()
NAMED_UNIT(*)
SI_UNIT($,.METRE.)
);
#8069=(
LENGTH_UNIT()
NAMED_UNIT(*)
SI_UNIT($,.METRE.)
);
#8070=(
LENGTH_UNIT()
NAMED_UNIT(*)
SI_UNIT($,.METRE.)
);
#8071=(
LENGTH_UNIT()
NAMED_UNIT(*)
SI_UNIT($,.METRE.)
);
#8072=PRODUCT_DEFINITION_SHAPE('','',#8080);
#8073=PRODUCT_DEFINITION_SHAPE('','',#8081);
#8074=PRODUCT_DEFINITION_SHAPE('','',#8082);
#8075=PRODUCT_DEFINITION_SHAPE('','',#8083);
#8076=PRODUCT_DEFINITION_SHAPE('','',#8084);
#8077=PRODUCT_DEFINITION_SHAPE('','',#8085);
#8078=PRODUCT_DEFINITION_SHAPE('','',#8086);
#8079=PRODUCT_DEFINITION_SHAPE('','',#8087);
#8080=PRODUCT_DEFINITION('','',#8096,#8088);
#8081=PRODUCT_DEFINITION('','',#8097,#8089);
#8082=PRODUCT_DEFINITION('','',#8098,#8090);
#8083=PRODUCT_DEFINITION('','',#8099,#8091);
#8084=PRODUCT_DEFINITION('','',#8100,#8092);
#8085=PRODUCT_DEFINITION('','',#8101,#8093);
#8086=PRODUCT_DEFINITION('','',#8102,#8094);
#8087=PRODUCT_DEFINITION('','',#8103,#8095);
#8088=PRODUCT_DEFINITION_CONTEXT('',#8144,'design');
#8089=PRODUCT_DEFINITION_CONTEXT('',#8145,'design');
#8090=PRODUCT_DEFINITION_CONTEXT('',#8146,'design');
#8091=PRODUCT_DEFINITION_CONTEXT('',#8147,'design');
#8092=PRODUCT_DEFINITION_CONTEXT('',#8148,'design');
#8093=PRODUCT_DEFINITION_CONTEXT('',#8149,'design');
#8094=PRODUCT_DEFINITION_CONTEXT('',#8150,'design');
#8095=PRODUCT_DEFINITION_CONTEXT('',#8151,'design');
#8096=PRODUCT_DEFINITION_FORMATION_WITH_SPECIFIED_SOURCE('','',#8112,
 .NOT_KNOWN.);
#8097=PRODUCT_DEFINITION_FORMATION_WITH_SPECIFIED_SOURCE('','',#8113,
 .NOT_KNOWN.);
#8098=PRODUCT_DEFINITION_FORMATION_WITH_SPECIFIED_SOURCE('','',#8114,
 .NOT_KNOWN.);
#8099=PRODUCT_DEFINITION_FORMATION_WITH_SPECIFIED_SOURCE('','',#8115,
 .NOT_KNOWN.);
#8100=PRODUCT_DEFINITION_FORMATION_WITH_SPECIFIED_SOURCE('','',#8116,
 .NOT_KNOWN.);
#8101=PRODUCT_DEFINITION_FORMATION_WITH_SPECIFIED_SOURCE('','',#8117,
 .NOT_KNOWN.);
#8102=PRODUCT_DEFINITION_FORMATION_WITH_SPECIFIED_SOURCE('','',#8118,
 .NOT_KNOWN.);
#8103=PRODUCT_DEFINITION_FORMATION_WITH_SPECIFIED_SOURCE('','',#8119,
 .NOT_KNOWN.);
#8104=PRODUCT_RELATED_PRODUCT_CATEGORY('','',(#8112));
#8105=PRODUCT_RELATED_PRODUCT_CATEGORY('','',(#8113));
#8106=PRODUCT_RELATED_PRODUCT_CATEGORY('','',(#8114));
#8107=PRODUCT_RELATED_PRODUCT_CATEGORY('','',(#8115));
#8108=PRODUCT_RELATED_PRODUCT_CATEGORY('','',(#8116));
#8109=PRODUCT_RELATED_PRODUCT_CATEGORY('','',(#8117));
#8110=PRODUCT_RELATED_PRODUCT_CATEGORY('','',(#8118));
#8111=PRODUCT_RELATED_PRODUCT_CATEGORY('','',(#8119));
#8112=PRODUCT('Part 1','Part 1','Part 1',(#8128));
#8113=PRODUCT('Part 1','Part 1','Part 1',(#8129));
#8114=PRODUCT('Part 1','Part 1','Part 1',(#8130));
#8115=PRODUCT('Part 1','Part 1','Part 1',(#8131));
#8116=PRODUCT('Part 1','Part 1','Part 1',(#8132));
#8117=PRODUCT('Part 1','Part 1','Part 1',(#8133));
#8118=PRODUCT('Part 1','Part 1','Part 1',(#8134));
#8119=PRODUCT('Part 1','Part 1','Part 1',(#8135));
#8120=PRODUCT_CATEGORY('','');
#8121=PRODUCT_CATEGORY('','');
#8122=PRODUCT_CATEGORY('','');
#8123=PRODUCT_CATEGORY('','');
#8124=PRODUCT_CATEGORY('','');
#8125=PRODUCT_CATEGORY('','');
#8126=PRODUCT_CATEGORY('','');
#8127=PRODUCT_CATEGORY('','');
#8128=PRODUCT_CONTEXT('',#8144,'mechanical');
#8129=PRODUCT_CONTEXT('',#8145,'mechanical');
#8130=PRODUCT_CONTEXT('',#8146,'mechanical');
#8131=PRODUCT_CONTEXT('',#8147,'mechanical');
#8132=PRODUCT_CONTEXT('',#8148,'mechanical');
#8133=PRODUCT_CONTEXT('',#8149,'mechanical');
#8134=PRODUCT_CONTEXT('',#8150,'mechanical');
#8135=PRODUCT_CONTEXT('',#8151,'mechanical');
#8136=APPLICATION_PROTOCOL_DEFINITION('international standard',
'ap242_managed_model_based_3d_engineering',2020,#8144);
#8137=APPLICATION_PROTOCOL_DEFINITION('international standard',
'ap242_managed_model_based_3d_engineering',2020,#8145);
#8138=APPLICATION_PROTOCOL_DEFINITION('international standard',
'ap242_managed_model_based_3d_engineering',2020,#8146);
#8139=APPLICATION_PROTOCOL_DEFINITION('international standard',
'ap242_managed_model_based_3d_engineering',2020,#8147);
#8140=APPLICATION_PROTOCOL_DEFINITION('international standard',
'ap242_managed_model_based_3d_engineering',2020,#8148);
#8141=APPLICATION_PROTOCOL_DEFINITION('international standard',
'ap242_managed_model_based_3d_engineering',2020,#8149);
#8142=APPLICATION_PROTOCOL_DEFINITION('international standard',
'ap242_managed_model_based_3d_engineering',2020,#8150);
#8143=APPLICATION_PROTOCOL_DEFINITION('international standard',
'ap242_managed_model_based_3d_engineering',2020,#8151);
#8144=APPLICATION_CONTEXT('managed model based 3d engineering');
#8145=APPLICATION_CONTEXT('managed model based 3d engineering');
#8146=APPLICATION_CONTEXT('managed model based 3d engineering');
#8147=APPLICATION_CONTEXT('managed model based 3d engineering');
#8148=APPLICATION_CONTEXT('managed model based 3d engineering');
#8149=APPLICATION_CONTEXT('managed model based 3d engineering');
#8150=APPLICATION_CONTEXT('managed model based 3d engineering');
#8151=APPLICATION_CONTEXT('managed model based 3d engineering');
ENDSEC;
END-ISO-10303-21;
