ISO-10303-21;
HEADER;
/* Generated by software containing ST-Developer
 * from STEP Tools, Inc. (www.steptools.com) 
 */
/* OPTION: using custom renumber hook */

FILE_DESCRIPTION(
/* description */ ('STEP AP242 Edition 2',
'CAx-IF Rec.Pracs.---Representation and Presentation of Product Manufa
cturing Information (PMI)---4.0---2014-10-13',
'CAx-IF Rec.Pracs.---3D Tessellated Geometry---0.4---2014-09-14','2;1',
'CAx-IF Rec.Pracs.---User Defined Attributes---1.5---2016-08-15'),
/* implementation_level */ '2;1');

FILE_NAME(
/* name */ 'Full print 3',
/* time_stamp */ '2026-08-09T20:59:54Z',
/* author */ (''),
/* organization */ (''),
/* preprocessor_version */ 'ST-DEVELOPER v20',
/* originating_system */ 'ONSHAPE BY PTC INC, 1.219',
/* authorisation */ '  ');

FILE_SCHEMA (('AP242_MANAGED_MODEL_BASED_3D_ENGINEERING_MIM_LF { 1 0 10303 442 3 1 4 }'));
ENDSEC;

DATA;
#10=SHAPE_REPRESENTATION_RELATIONSHIP('','',#2923,#14);
#11=SHAPE_REPRESENTATION_RELATIONSHIP('','',#2924,#15);
#12=SHAPE_REPRESENTATION_RELATIONSHIP('','',#2925,#16);
#13=SHAPE_REPRESENTATION_RELATIONSHIP('','',#2926,#17);
#14=ADVANCED_BREP_SHAPE_REPRESENTATION('',(#2915),#4667);
#15=ADVANCED_BREP_SHAPE_REPRESENTATION('',(#2916),#4668);
#16=ADVANCED_BREP_SHAPE_REPRESENTATION('',(#2917),#4669);
#17=ADVANCED_BREP_SHAPE_REPRESENTATION('',(#2918),#4670);
#18=CIRCLE('',#2951,0.015);
#19=CIRCLE('',#2952,0.015);
#20=CIRCLE('',#2954,0.0125);
#21=CIRCLE('',#2955,0.0125);
#22=CIRCLE('',#2960,0.015);
#23=CIRCLE('',#2961,0.015);
#24=CIRCLE('',#2963,0.0125);
#25=CIRCLE('',#2964,0.0125);
#26=CIRCLE('',#3001,0.015);
#27=CIRCLE('',#3002,0.015);
#28=CIRCLE('',#3004,0.0125);
#29=CIRCLE('',#3005,0.0125);
#30=CIRCLE('',#3010,0.015);
#31=CIRCLE('',#3011,0.015);
#32=CIRCLE('',#3013,0.0125);
#33=CIRCLE('',#3014,0.0125);
#34=CIRCLE('',#3035,0.0125);
#35=CIRCLE('',#3036,0.0125);
#36=CIRCLE('',#3038,0.015);
#37=CIRCLE('',#3040,0.015);
#38=CIRCLE('',#3076,0.0125);
#39=CIRCLE('',#3077,0.0125);
#40=CIRCLE('',#3079,0.015);
#41=CIRCLE('',#3081,0.015);
#42=CYLINDRICAL_SURFACE('',#2950,0.015);
#43=CYLINDRICAL_SURFACE('',#2953,0.0125);
#44=CYLINDRICAL_SURFACE('',#2959,0.015);
#45=CYLINDRICAL_SURFACE('',#2962,0.0125);
#46=CYLINDRICAL_SURFACE('',#3000,0.015);
#47=CYLINDRICAL_SURFACE('',#3003,0.0125);
#48=CYLINDRICAL_SURFACE('',#3009,0.015);
#49=CYLINDRICAL_SURFACE('',#3012,0.0125);
#50=CYLINDRICAL_SURFACE('',#3034,0.0125);
#51=CYLINDRICAL_SURFACE('',#3039,0.015);
#52=CYLINDRICAL_SURFACE('',#3075,0.0125);
#53=CYLINDRICAL_SURFACE('',#3080,0.015);
#54=ORIENTED_EDGE('',*,*,#846,.F.);
#55=ORIENTED_EDGE('',*,*,#847,.F.);
#56=ORIENTED_EDGE('',*,*,#848,.F.);
#57=ORIENTED_EDGE('',*,*,#849,.T.);
#58=ORIENTED_EDGE('',*,*,#850,.F.);
#59=ORIENTED_EDGE('',*,*,#851,.T.);
#60=ORIENTED_EDGE('',*,*,#852,.T.);
#61=ORIENTED_EDGE('',*,*,#853,.F.);
#62=ORIENTED_EDGE('',*,*,#854,.T.);
#63=ORIENTED_EDGE('',*,*,#855,.T.);
#64=ORIENTED_EDGE('',*,*,#856,.T.);
#65=ORIENTED_EDGE('',*,*,#857,.F.);
#66=ORIENTED_EDGE('',*,*,#858,.T.);
#67=ORIENTED_EDGE('',*,*,#859,.T.);
#68=ORIENTED_EDGE('',*,*,#860,.F.);
#69=ORIENTED_EDGE('',*,*,#861,.F.);
#70=ORIENTED_EDGE('',*,*,#862,.F.);
#71=ORIENTED_EDGE('',*,*,#863,.T.);
#72=ORIENTED_EDGE('',*,*,#864,.T.);
#73=ORIENTED_EDGE('',*,*,#865,.F.);
#74=ORIENTED_EDGE('',*,*,#866,.F.);
#75=ORIENTED_EDGE('',*,*,#867,.T.);
#76=ORIENTED_EDGE('',*,*,#868,.T.);
#77=ORIENTED_EDGE('',*,*,#869,.F.);
#78=ORIENTED_EDGE('',*,*,#870,.T.);
#79=ORIENTED_EDGE('',*,*,#857,.T.);
#80=ORIENTED_EDGE('',*,*,#871,.T.);
#81=ORIENTED_EDGE('',*,*,#849,.F.);
#82=ORIENTED_EDGE('',*,*,#872,.F.);
#83=ORIENTED_EDGE('',*,*,#847,.T.);
#84=ORIENTED_EDGE('',*,*,#873,.F.);
#85=ORIENTED_EDGE('',*,*,#874,.F.);
#86=ORIENTED_EDGE('',*,*,#854,.F.);
#87=ORIENTED_EDGE('',*,*,#870,.F.);
#88=ORIENTED_EDGE('',*,*,#848,.T.);
#89=ORIENTED_EDGE('',*,*,#872,.T.);
#90=ORIENTED_EDGE('',*,*,#875,.F.);
#91=ORIENTED_EDGE('',*,*,#876,.F.);
#92=ORIENTED_EDGE('',*,*,#877,.T.);
#93=ORIENTED_EDGE('',*,*,#878,.T.);
#94=ORIENTED_EDGE('',*,*,#879,.T.);
#95=ORIENTED_EDGE('',*,*,#880,.T.);
#96=ORIENTED_EDGE('',*,*,#881,.F.);
#97=ORIENTED_EDGE('',*,*,#882,.T.);
#98=ORIENTED_EDGE('',*,*,#883,.F.);
#99=ORIENTED_EDGE('',*,*,#884,.F.);
#100=ORIENTED_EDGE('',*,*,#885,.T.);
#101=ORIENTED_EDGE('',*,*,#886,.T.);
#102=ORIENTED_EDGE('',*,*,#887,.T.);
#103=ORIENTED_EDGE('',*,*,#888,.T.);
#104=ORIENTED_EDGE('',*,*,#889,.F.);
#105=ORIENTED_EDGE('',*,*,#890,.T.);
#106=ORIENTED_EDGE('',*,*,#856,.F.);
#107=ORIENTED_EDGE('',*,*,#891,.T.);
#108=ORIENTED_EDGE('',*,*,#892,.T.);
#109=ORIENTED_EDGE('',*,*,#893,.F.);
#110=ORIENTED_EDGE('',*,*,#894,.F.);
#111=ORIENTED_EDGE('',*,*,#895,.T.);
#112=ORIENTED_EDGE('',*,*,#896,.T.);
#113=ORIENTED_EDGE('',*,*,#897,.F.);
#114=ORIENTED_EDGE('',*,*,#898,.F.);
#115=ORIENTED_EDGE('',*,*,#873,.T.);
#116=ORIENTED_EDGE('',*,*,#846,.T.);
#117=ORIENTED_EDGE('',*,*,#871,.F.);
#118=ORIENTED_EDGE('',*,*,#855,.F.);
#119=ORIENTED_EDGE('',*,*,#890,.F.);
#120=ORIENTED_EDGE('',*,*,#899,.T.);
#121=ORIENTED_EDGE('',*,*,#900,.T.);
#122=ORIENTED_EDGE('',*,*,#891,.F.);
#123=ORIENTED_EDGE('',*,*,#886,.F.);
#124=ORIENTED_EDGE('',*,*,#901,.T.);
#125=ORIENTED_EDGE('',*,*,#902,.F.);
#126=ORIENTED_EDGE('',*,*,#878,.F.);
#127=ORIENTED_EDGE('',*,*,#903,.T.);
#128=ORIENTED_EDGE('',*,*,#904,.F.);
#129=ORIENTED_EDGE('',*,*,#905,.F.);
#130=ORIENTED_EDGE('',*,*,#906,.F.);
#131=ORIENTED_EDGE('',*,*,#879,.F.);
#132=ORIENTED_EDGE('',*,*,#904,.T.);
#133=ORIENTED_EDGE('',*,*,#907,.F.);
#134=ORIENTED_EDGE('',*,*,#908,.F.);
#135=ORIENTED_EDGE('',*,*,#887,.F.);
#136=ORIENTED_EDGE('',*,*,#902,.T.);
#137=ORIENTED_EDGE('',*,*,#909,.T.);
#138=ORIENTED_EDGE('',*,*,#910,.T.);
#139=ORIENTED_EDGE('',*,*,#899,.F.);
#140=ORIENTED_EDGE('',*,*,#889,.T.);
#141=ORIENTED_EDGE('',*,*,#911,.F.);
#142=ORIENTED_EDGE('',*,*,#882,.F.);
#143=ORIENTED_EDGE('',*,*,#912,.T.);
#144=ORIENTED_EDGE('',*,*,#895,.F.);
#145=ORIENTED_EDGE('',*,*,#896,.F.);
#146=ORIENTED_EDGE('',*,*,#912,.F.);
#147=ORIENTED_EDGE('',*,*,#881,.T.);
#148=ORIENTED_EDGE('',*,*,#913,.T.);
#149=ORIENTED_EDGE('',*,*,#906,.T.);
#150=ORIENTED_EDGE('',*,*,#914,.F.);
#151=ORIENTED_EDGE('',*,*,#876,.T.);
#152=ORIENTED_EDGE('',*,*,#915,.T.);
#153=ORIENTED_EDGE('',*,*,#897,.T.);
#154=ORIENTED_EDGE('',*,*,#913,.F.);
#155=ORIENTED_EDGE('',*,*,#880,.F.);
#156=ORIENTED_EDGE('',*,*,#908,.T.);
#157=ORIENTED_EDGE('',*,*,#916,.F.);
#158=ORIENTED_EDGE('',*,*,#884,.T.);
#159=ORIENTED_EDGE('',*,*,#917,.T.);
#160=ORIENTED_EDGE('',*,*,#893,.T.);
#161=ORIENTED_EDGE('',*,*,#918,.F.);
#162=ORIENTED_EDGE('',*,*,#909,.F.);
#163=ORIENTED_EDGE('',*,*,#888,.F.);
#164=ORIENTED_EDGE('',*,*,#900,.F.);
#165=ORIENTED_EDGE('',*,*,#910,.F.);
#166=ORIENTED_EDGE('',*,*,#918,.T.);
#167=ORIENTED_EDGE('',*,*,#892,.F.);
#168=ORIENTED_EDGE('',*,*,#916,.T.);
#169=ORIENTED_EDGE('',*,*,#907,.T.);
#170=ORIENTED_EDGE('',*,*,#901,.F.);
#171=ORIENTED_EDGE('',*,*,#885,.F.);
#172=ORIENTED_EDGE('',*,*,#894,.T.);
#173=ORIENTED_EDGE('',*,*,#917,.F.);
#174=ORIENTED_EDGE('',*,*,#883,.T.);
#175=ORIENTED_EDGE('',*,*,#911,.T.);
#176=ORIENTED_EDGE('',*,*,#914,.T.);
#177=ORIENTED_EDGE('',*,*,#905,.T.);
#178=ORIENTED_EDGE('',*,*,#903,.F.);
#179=ORIENTED_EDGE('',*,*,#877,.F.);
#180=ORIENTED_EDGE('',*,*,#898,.T.);
#181=ORIENTED_EDGE('',*,*,#915,.F.);
#182=ORIENTED_EDGE('',*,*,#875,.T.);
#183=ORIENTED_EDGE('',*,*,#874,.T.);
#184=ORIENTED_EDGE('',*,*,#919,.F.);
#185=ORIENTED_EDGE('',*,*,#920,.F.);
#186=ORIENTED_EDGE('',*,*,#921,.T.);
#187=ORIENTED_EDGE('',*,*,#922,.T.);
#188=ORIENTED_EDGE('',*,*,#923,.T.);
#189=ORIENTED_EDGE('',*,*,#867,.F.);
#190=ORIENTED_EDGE('',*,*,#924,.F.);
#191=ORIENTED_EDGE('',*,*,#920,.T.);
#192=ORIENTED_EDGE('',*,*,#925,.F.);
#193=ORIENTED_EDGE('',*,*,#922,.F.);
#194=ORIENTED_EDGE('',*,*,#926,.T.);
#195=ORIENTED_EDGE('',*,*,#869,.T.);
#196=ORIENTED_EDGE('',*,*,#921,.F.);
#197=ORIENTED_EDGE('',*,*,#924,.T.);
#198=ORIENTED_EDGE('',*,*,#866,.T.);
#199=ORIENTED_EDGE('',*,*,#926,.F.);
#200=ORIENTED_EDGE('',*,*,#919,.T.);
#201=ORIENTED_EDGE('',*,*,#925,.T.);
#202=ORIENTED_EDGE('',*,*,#868,.F.);
#203=ORIENTED_EDGE('',*,*,#923,.F.);
#204=ORIENTED_EDGE('',*,*,#927,.F.);
#205=ORIENTED_EDGE('',*,*,#928,.F.);
#206=ORIENTED_EDGE('',*,*,#929,.T.);
#207=ORIENTED_EDGE('',*,*,#930,.T.);
#208=ORIENTED_EDGE('',*,*,#931,.T.);
#209=ORIENTED_EDGE('',*,*,#863,.F.);
#210=ORIENTED_EDGE('',*,*,#932,.F.);
#211=ORIENTED_EDGE('',*,*,#928,.T.);
#212=ORIENTED_EDGE('',*,*,#933,.F.);
#213=ORIENTED_EDGE('',*,*,#930,.F.);
#214=ORIENTED_EDGE('',*,*,#934,.T.);
#215=ORIENTED_EDGE('',*,*,#865,.T.);
#216=ORIENTED_EDGE('',*,*,#929,.F.);
#217=ORIENTED_EDGE('',*,*,#932,.T.);
#218=ORIENTED_EDGE('',*,*,#862,.T.);
#219=ORIENTED_EDGE('',*,*,#934,.F.);
#220=ORIENTED_EDGE('',*,*,#927,.T.);
#221=ORIENTED_EDGE('',*,*,#933,.T.);
#222=ORIENTED_EDGE('',*,*,#864,.F.);
#223=ORIENTED_EDGE('',*,*,#931,.F.);
#224=ORIENTED_EDGE('',*,*,#858,.F.);
#225=ORIENTED_EDGE('',*,*,#935,.F.);
#226=ORIENTED_EDGE('',*,*,#936,.T.);
#227=ORIENTED_EDGE('',*,*,#937,.T.);
#228=ORIENTED_EDGE('',*,*,#861,.T.);
#229=ORIENTED_EDGE('',*,*,#938,.F.);
#230=ORIENTED_EDGE('',*,*,#939,.F.);
#231=ORIENTED_EDGE('',*,*,#935,.T.);
#232=ORIENTED_EDGE('',*,*,#860,.T.);
#233=ORIENTED_EDGE('',*,*,#940,.F.);
#234=ORIENTED_EDGE('',*,*,#941,.F.);
#235=ORIENTED_EDGE('',*,*,#938,.T.);
#236=ORIENTED_EDGE('',*,*,#859,.F.);
#237=ORIENTED_EDGE('',*,*,#937,.F.);
#238=ORIENTED_EDGE('',*,*,#942,.T.);
#239=ORIENTED_EDGE('',*,*,#940,.T.);
#240=ORIENTED_EDGE('',*,*,#936,.F.);
#241=ORIENTED_EDGE('',*,*,#939,.T.);
#242=ORIENTED_EDGE('',*,*,#941,.T.);
#243=ORIENTED_EDGE('',*,*,#942,.F.);
#244=ORIENTED_EDGE('',*,*,#851,.F.);
#245=ORIENTED_EDGE('',*,*,#943,.F.);
#246=ORIENTED_EDGE('',*,*,#944,.T.);
#247=ORIENTED_EDGE('',*,*,#945,.T.);
#248=ORIENTED_EDGE('',*,*,#850,.T.);
#249=ORIENTED_EDGE('',*,*,#946,.F.);
#250=ORIENTED_EDGE('',*,*,#947,.F.);
#251=ORIENTED_EDGE('',*,*,#943,.T.);
#252=ORIENTED_EDGE('',*,*,#853,.T.);
#253=ORIENTED_EDGE('',*,*,#948,.F.);
#254=ORIENTED_EDGE('',*,*,#949,.F.);
#255=ORIENTED_EDGE('',*,*,#946,.T.);
#256=ORIENTED_EDGE('',*,*,#852,.F.);
#257=ORIENTED_EDGE('',*,*,#945,.F.);
#258=ORIENTED_EDGE('',*,*,#950,.T.);
#259=ORIENTED_EDGE('',*,*,#948,.T.);
#260=ORIENTED_EDGE('',*,*,#944,.F.);
#261=ORIENTED_EDGE('',*,*,#947,.T.);
#262=ORIENTED_EDGE('',*,*,#949,.T.);
#263=ORIENTED_EDGE('',*,*,#950,.F.);
#264=ORIENTED_EDGE('',*,*,#951,.T.);
#265=ORIENTED_EDGE('',*,*,#952,.F.);
#266=ORIENTED_EDGE('',*,*,#953,.T.);
#267=ORIENTED_EDGE('',*,*,#954,.T.);
#268=ORIENTED_EDGE('',*,*,#955,.T.);
#269=ORIENTED_EDGE('',*,*,#956,.T.);
#270=ORIENTED_EDGE('',*,*,#957,.F.);
#271=ORIENTED_EDGE('',*,*,#958,.F.);
#272=ORIENTED_EDGE('',*,*,#959,.F.);
#273=ORIENTED_EDGE('',*,*,#960,.T.);
#274=ORIENTED_EDGE('',*,*,#961,.F.);
#275=ORIENTED_EDGE('',*,*,#962,.F.);
#276=ORIENTED_EDGE('',*,*,#963,.F.);
#277=ORIENTED_EDGE('',*,*,#964,.T.);
#278=ORIENTED_EDGE('',*,*,#965,.T.);
#279=ORIENTED_EDGE('',*,*,#966,.F.);
#280=ORIENTED_EDGE('',*,*,#967,.T.);
#281=ORIENTED_EDGE('',*,*,#968,.T.);
#282=ORIENTED_EDGE('',*,*,#969,.F.);
#283=ORIENTED_EDGE('',*,*,#970,.F.);
#284=ORIENTED_EDGE('',*,*,#971,.T.);
#285=ORIENTED_EDGE('',*,*,#972,.T.);
#286=ORIENTED_EDGE('',*,*,#973,.F.);
#287=ORIENTED_EDGE('',*,*,#974,.F.);
#288=ORIENTED_EDGE('',*,*,#975,.F.);
#289=ORIENTED_EDGE('',*,*,#952,.T.);
#290=ORIENTED_EDGE('',*,*,#976,.F.);
#291=ORIENTED_EDGE('',*,*,#960,.F.);
#292=ORIENTED_EDGE('',*,*,#977,.T.);
#293=ORIENTED_EDGE('',*,*,#978,.T.);
#294=ORIENTED_EDGE('',*,*,#979,.T.);
#295=ORIENTED_EDGE('',*,*,#954,.F.);
#296=ORIENTED_EDGE('',*,*,#959,.T.);
#297=ORIENTED_EDGE('',*,*,#980,.F.);
#298=ORIENTED_EDGE('',*,*,#981,.T.);
#299=ORIENTED_EDGE('',*,*,#982,.F.);
#300=ORIENTED_EDGE('',*,*,#983,.F.);
#301=ORIENTED_EDGE('',*,*,#984,.F.);
#302=ORIENTED_EDGE('',*,*,#985,.F.);
#303=ORIENTED_EDGE('',*,*,#986,.T.);
#304=ORIENTED_EDGE('',*,*,#987,.T.);
#305=ORIENTED_EDGE('',*,*,#988,.F.);
#306=ORIENTED_EDGE('',*,*,#989,.T.);
#307=ORIENTED_EDGE('',*,*,#990,.F.);
#308=ORIENTED_EDGE('',*,*,#991,.F.);
#309=ORIENTED_EDGE('',*,*,#992,.F.);
#310=ORIENTED_EDGE('',*,*,#993,.F.);
#311=ORIENTED_EDGE('',*,*,#994,.T.);
#312=ORIENTED_EDGE('',*,*,#995,.T.);
#313=ORIENTED_EDGE('',*,*,#977,.F.);
#314=ORIENTED_EDGE('',*,*,#953,.F.);
#315=ORIENTED_EDGE('',*,*,#975,.T.);
#316=ORIENTED_EDGE('',*,*,#961,.T.);
#317=ORIENTED_EDGE('',*,*,#976,.T.);
#318=ORIENTED_EDGE('',*,*,#951,.F.);
#319=ORIENTED_EDGE('',*,*,#979,.F.);
#320=ORIENTED_EDGE('',*,*,#996,.T.);
#321=ORIENTED_EDGE('',*,*,#997,.T.);
#322=ORIENTED_EDGE('',*,*,#998,.F.);
#323=ORIENTED_EDGE('',*,*,#999,.F.);
#324=ORIENTED_EDGE('',*,*,#1000,.T.);
#325=ORIENTED_EDGE('',*,*,#1001,.T.);
#326=ORIENTED_EDGE('',*,*,#1002,.F.);
#327=ORIENTED_EDGE('',*,*,#1003,.F.);
#328=ORIENTED_EDGE('',*,*,#962,.T.);
#329=ORIENTED_EDGE('',*,*,#1003,.T.);
#330=ORIENTED_EDGE('',*,*,#1004,.F.);
#331=ORIENTED_EDGE('',*,*,#1005,.F.);
#332=ORIENTED_EDGE('',*,*,#980,.T.);
#333=ORIENTED_EDGE('',*,*,#984,.T.);
#334=ORIENTED_EDGE('',*,*,#1006,.T.);
#335=ORIENTED_EDGE('',*,*,#1007,.F.);
#336=ORIENTED_EDGE('',*,*,#992,.T.);
#337=ORIENTED_EDGE('',*,*,#1008,.T.);
#338=ORIENTED_EDGE('',*,*,#1009,.F.);
#339=ORIENTED_EDGE('',*,*,#1010,.T.);
#340=ORIENTED_EDGE('',*,*,#1008,.F.);
#341=ORIENTED_EDGE('',*,*,#991,.T.);
#342=ORIENTED_EDGE('',*,*,#1011,.T.);
#343=ORIENTED_EDGE('',*,*,#1012,.T.);
#344=ORIENTED_EDGE('',*,*,#1006,.F.);
#345=ORIENTED_EDGE('',*,*,#983,.T.);
#346=ORIENTED_EDGE('',*,*,#1013,.T.);
#347=ORIENTED_EDGE('',*,*,#1014,.F.);
#348=ORIENTED_EDGE('',*,*,#981,.F.);
#349=ORIENTED_EDGE('',*,*,#1005,.T.);
#350=ORIENTED_EDGE('',*,*,#1015,.F.);
#351=ORIENTED_EDGE('',*,*,#1016,.T.);
#352=ORIENTED_EDGE('',*,*,#999,.T.);
#353=ORIENTED_EDGE('',*,*,#1017,.F.);
#354=ORIENTED_EDGE('',*,*,#988,.T.);
#355=ORIENTED_EDGE('',*,*,#998,.T.);
#356=ORIENTED_EDGE('',*,*,#1018,.F.);
#357=ORIENTED_EDGE('',*,*,#989,.F.);
#358=ORIENTED_EDGE('',*,*,#1017,.T.);
#359=ORIENTED_EDGE('',*,*,#1011,.F.);
#360=ORIENTED_EDGE('',*,*,#990,.T.);
#361=ORIENTED_EDGE('',*,*,#1018,.T.);
#362=ORIENTED_EDGE('',*,*,#997,.F.);
#363=ORIENTED_EDGE('',*,*,#1019,.F.);
#364=ORIENTED_EDGE('',*,*,#994,.F.);
#365=ORIENTED_EDGE('',*,*,#1020,.T.);
#366=ORIENTED_EDGE('',*,*,#1013,.F.);
#367=ORIENTED_EDGE('',*,*,#982,.T.);
#368=ORIENTED_EDGE('',*,*,#1014,.T.);
#369=ORIENTED_EDGE('',*,*,#1021,.T.);
#370=ORIENTED_EDGE('',*,*,#1001,.F.);
#371=ORIENTED_EDGE('',*,*,#1022,.F.);
#372=ORIENTED_EDGE('',*,*,#986,.F.);
#373=ORIENTED_EDGE('',*,*,#1023,.T.);
#374=ORIENTED_EDGE('',*,*,#1004,.T.);
#375=ORIENTED_EDGE('',*,*,#1002,.T.);
#376=ORIENTED_EDGE('',*,*,#1021,.F.);
#377=ORIENTED_EDGE('',*,*,#1015,.T.);
#378=ORIENTED_EDGE('',*,*,#1023,.F.);
#379=ORIENTED_EDGE('',*,*,#985,.T.);
#380=ORIENTED_EDGE('',*,*,#1007,.T.);
#381=ORIENTED_EDGE('',*,*,#1012,.F.);
#382=ORIENTED_EDGE('',*,*,#1000,.F.);
#383=ORIENTED_EDGE('',*,*,#1016,.F.);
#384=ORIENTED_EDGE('',*,*,#987,.F.);
#385=ORIENTED_EDGE('',*,*,#1022,.T.);
#386=ORIENTED_EDGE('',*,*,#1020,.F.);
#387=ORIENTED_EDGE('',*,*,#993,.T.);
#388=ORIENTED_EDGE('',*,*,#1009,.T.);
#389=ORIENTED_EDGE('',*,*,#1010,.F.);
#390=ORIENTED_EDGE('',*,*,#996,.F.);
#391=ORIENTED_EDGE('',*,*,#978,.F.);
#392=ORIENTED_EDGE('',*,*,#995,.F.);
#393=ORIENTED_EDGE('',*,*,#1019,.T.);
#394=ORIENTED_EDGE('',*,*,#1024,.T.);
#395=ORIENTED_EDGE('',*,*,#1025,.F.);
#396=ORIENTED_EDGE('',*,*,#1026,.F.);
#397=ORIENTED_EDGE('',*,*,#1027,.T.);
#398=ORIENTED_EDGE('',*,*,#1028,.F.);
#399=ORIENTED_EDGE('',*,*,#1027,.F.);
#400=ORIENTED_EDGE('',*,*,#1029,.T.);
#401=ORIENTED_EDGE('',*,*,#974,.T.);
#402=ORIENTED_EDGE('',*,*,#1030,.T.);
#403=ORIENTED_EDGE('',*,*,#972,.F.);
#404=ORIENTED_EDGE('',*,*,#1031,.F.);
#405=ORIENTED_EDGE('',*,*,#1025,.T.);
#406=ORIENTED_EDGE('',*,*,#1026,.T.);
#407=ORIENTED_EDGE('',*,*,#1031,.T.);
#408=ORIENTED_EDGE('',*,*,#971,.F.);
#409=ORIENTED_EDGE('',*,*,#1029,.F.);
#410=ORIENTED_EDGE('',*,*,#1024,.F.);
#411=ORIENTED_EDGE('',*,*,#1028,.T.);
#412=ORIENTED_EDGE('',*,*,#973,.T.);
#413=ORIENTED_EDGE('',*,*,#1030,.F.);
#414=ORIENTED_EDGE('',*,*,#1032,.T.);
#415=ORIENTED_EDGE('',*,*,#1033,.F.);
#416=ORIENTED_EDGE('',*,*,#1034,.F.);
#417=ORIENTED_EDGE('',*,*,#1035,.T.);
#418=ORIENTED_EDGE('',*,*,#1036,.F.);
#419=ORIENTED_EDGE('',*,*,#1035,.F.);
#420=ORIENTED_EDGE('',*,*,#1037,.T.);
#421=ORIENTED_EDGE('',*,*,#970,.T.);
#422=ORIENTED_EDGE('',*,*,#1038,.T.);
#423=ORIENTED_EDGE('',*,*,#968,.F.);
#424=ORIENTED_EDGE('',*,*,#1039,.F.);
#425=ORIENTED_EDGE('',*,*,#1033,.T.);
#426=ORIENTED_EDGE('',*,*,#1034,.T.);
#427=ORIENTED_EDGE('',*,*,#1039,.T.);
#428=ORIENTED_EDGE('',*,*,#967,.F.);
#429=ORIENTED_EDGE('',*,*,#1037,.F.);
#430=ORIENTED_EDGE('',*,*,#1032,.F.);
#431=ORIENTED_EDGE('',*,*,#1036,.T.);
#432=ORIENTED_EDGE('',*,*,#969,.T.);
#433=ORIENTED_EDGE('',*,*,#1038,.F.);
#434=ORIENTED_EDGE('',*,*,#963,.T.);
#435=ORIENTED_EDGE('',*,*,#1040,.F.);
#436=ORIENTED_EDGE('',*,*,#1041,.F.);
#437=ORIENTED_EDGE('',*,*,#1042,.T.);
#438=ORIENTED_EDGE('',*,*,#964,.F.);
#439=ORIENTED_EDGE('',*,*,#1042,.F.);
#440=ORIENTED_EDGE('',*,*,#1043,.T.);
#441=ORIENTED_EDGE('',*,*,#1044,.T.);
#442=ORIENTED_EDGE('',*,*,#965,.F.);
#443=ORIENTED_EDGE('',*,*,#1044,.F.);
#444=ORIENTED_EDGE('',*,*,#1045,.T.);
#445=ORIENTED_EDGE('',*,*,#1046,.T.);
#446=ORIENTED_EDGE('',*,*,#966,.T.);
#447=ORIENTED_EDGE('',*,*,#1046,.F.);
#448=ORIENTED_EDGE('',*,*,#1047,.F.);
#449=ORIENTED_EDGE('',*,*,#1040,.T.);
#450=ORIENTED_EDGE('',*,*,#1041,.T.);
#451=ORIENTED_EDGE('',*,*,#1047,.T.);
#452=ORIENTED_EDGE('',*,*,#1045,.F.);
#453=ORIENTED_EDGE('',*,*,#1043,.F.);
#454=ORIENTED_EDGE('',*,*,#958,.T.);
#455=ORIENTED_EDGE('',*,*,#1048,.F.);
#456=ORIENTED_EDGE('',*,*,#1049,.F.);
#457=ORIENTED_EDGE('',*,*,#1050,.T.);
#458=ORIENTED_EDGE('',*,*,#955,.F.);
#459=ORIENTED_EDGE('',*,*,#1050,.F.);
#460=ORIENTED_EDGE('',*,*,#1051,.T.);
#461=ORIENTED_EDGE('',*,*,#1052,.T.);
#462=ORIENTED_EDGE('',*,*,#956,.F.);
#463=ORIENTED_EDGE('',*,*,#1052,.F.);
#464=ORIENTED_EDGE('',*,*,#1053,.T.);
#465=ORIENTED_EDGE('',*,*,#1054,.T.);
#466=ORIENTED_EDGE('',*,*,#957,.T.);
#467=ORIENTED_EDGE('',*,*,#1054,.F.);
#468=ORIENTED_EDGE('',*,*,#1055,.F.);
#469=ORIENTED_EDGE('',*,*,#1048,.T.);
#470=ORIENTED_EDGE('',*,*,#1049,.T.);
#471=ORIENTED_EDGE('',*,*,#1055,.T.);
#472=ORIENTED_EDGE('',*,*,#1053,.F.);
#473=ORIENTED_EDGE('',*,*,#1051,.F.);
#474=ORIENTED_EDGE('',*,*,#1056,.T.);
#475=ORIENTED_EDGE('',*,*,#1057,.F.);
#476=ORIENTED_EDGE('',*,*,#1058,.T.);
#477=ORIENTED_EDGE('',*,*,#1059,.T.);
#478=ORIENTED_EDGE('',*,*,#1060,.T.);
#479=ORIENTED_EDGE('',*,*,#1061,.T.);
#480=ORIENTED_EDGE('',*,*,#1062,.F.);
#481=ORIENTED_EDGE('',*,*,#1063,.F.);
#482=ORIENTED_EDGE('',*,*,#1064,.F.);
#483=ORIENTED_EDGE('',*,*,#1065,.F.);
#484=ORIENTED_EDGE('',*,*,#1066,.T.);
#485=ORIENTED_EDGE('',*,*,#1067,.T.);
#486=ORIENTED_EDGE('',*,*,#1068,.F.);
#487=ORIENTED_EDGE('',*,*,#1069,.T.);
#488=ORIENTED_EDGE('',*,*,#1070,.F.);
#489=ORIENTED_EDGE('',*,*,#1071,.T.);
#490=ORIENTED_EDGE('',*,*,#1072,.T.);
#491=ORIENTED_EDGE('',*,*,#1070,.T.);
#492=ORIENTED_EDGE('',*,*,#1073,.F.);
#493=ORIENTED_EDGE('',*,*,#1074,.F.);
#494=ORIENTED_EDGE('',*,*,#1075,.F.);
#495=ORIENTED_EDGE('',*,*,#1071,.F.);
#496=ORIENTED_EDGE('',*,*,#1072,.F.);
#497=ORIENTED_EDGE('',*,*,#1076,.T.);
#498=ORIENTED_EDGE('',*,*,#1068,.T.);
#499=ORIENTED_EDGE('',*,*,#1075,.T.);
#500=ORIENTED_EDGE('',*,*,#1077,.F.);
#501=ORIENTED_EDGE('',*,*,#1067,.F.);
#502=ORIENTED_EDGE('',*,*,#1078,.T.);
#503=ORIENTED_EDGE('',*,*,#1079,.T.);
#504=ORIENTED_EDGE('',*,*,#1064,.T.);
#505=ORIENTED_EDGE('',*,*,#1077,.T.);
#506=ORIENTED_EDGE('',*,*,#1080,.F.);
#507=ORIENTED_EDGE('',*,*,#1081,.F.);
#508=ORIENTED_EDGE('',*,*,#1081,.T.);
#509=ORIENTED_EDGE('',*,*,#1082,.F.);
#510=ORIENTED_EDGE('',*,*,#1083,.F.);
#511=ORIENTED_EDGE('',*,*,#1065,.T.);
#512=ORIENTED_EDGE('',*,*,#1066,.F.);
#513=ORIENTED_EDGE('',*,*,#1083,.T.);
#514=ORIENTED_EDGE('',*,*,#1084,.T.);
#515=ORIENTED_EDGE('',*,*,#1078,.F.);
#516=ORIENTED_EDGE('',*,*,#1085,.F.);
#517=ORIENTED_EDGE('',*,*,#1086,.F.);
#518=ORIENTED_EDGE('',*,*,#1087,.F.);
#519=ORIENTED_EDGE('',*,*,#1088,.T.);
#520=ORIENTED_EDGE('',*,*,#1085,.T.);
#521=ORIENTED_EDGE('',*,*,#1089,.T.);
#522=ORIENTED_EDGE('',*,*,#1090,.F.);
#523=ORIENTED_EDGE('',*,*,#1091,.T.);
#524=ORIENTED_EDGE('',*,*,#1090,.T.);
#525=ORIENTED_EDGE('',*,*,#1092,.T.);
#526=ORIENTED_EDGE('',*,*,#1093,.F.);
#527=ORIENTED_EDGE('',*,*,#1093,.T.);
#528=ORIENTED_EDGE('',*,*,#1094,.F.);
#529=ORIENTED_EDGE('',*,*,#1095,.F.);
#530=ORIENTED_EDGE('',*,*,#1096,.F.);
#531=ORIENTED_EDGE('',*,*,#1097,.F.);
#532=ORIENTED_EDGE('',*,*,#1095,.T.);
#533=ORIENTED_EDGE('',*,*,#1098,.F.);
#534=ORIENTED_EDGE('',*,*,#1099,.F.);
#535=ORIENTED_EDGE('',*,*,#1100,.T.);
#536=ORIENTED_EDGE('',*,*,#1099,.T.);
#537=ORIENTED_EDGE('',*,*,#1101,.T.);
#538=ORIENTED_EDGE('',*,*,#1102,.F.);
#539=ORIENTED_EDGE('',*,*,#1103,.T.);
#540=ORIENTED_EDGE('',*,*,#1102,.T.);
#541=ORIENTED_EDGE('',*,*,#1104,.T.);
#542=ORIENTED_EDGE('',*,*,#1105,.F.);
#543=ORIENTED_EDGE('',*,*,#1105,.T.);
#544=ORIENTED_EDGE('',*,*,#1106,.F.);
#545=ORIENTED_EDGE('',*,*,#1107,.F.);
#546=ORIENTED_EDGE('',*,*,#1108,.F.);
#547=ORIENTED_EDGE('',*,*,#1109,.F.);
#548=ORIENTED_EDGE('',*,*,#1110,.F.);
#549=ORIENTED_EDGE('',*,*,#1111,.T.);
#550=ORIENTED_EDGE('',*,*,#1112,.T.);
#551=ORIENTED_EDGE('',*,*,#1113,.T.);
#552=ORIENTED_EDGE('',*,*,#1112,.F.);
#553=ORIENTED_EDGE('',*,*,#1114,.F.);
#554=ORIENTED_EDGE('',*,*,#1115,.T.);
#555=ORIENTED_EDGE('',*,*,#1116,.T.);
#556=ORIENTED_EDGE('',*,*,#1115,.F.);
#557=ORIENTED_EDGE('',*,*,#1117,.F.);
#558=ORIENTED_EDGE('',*,*,#1118,.T.);
#559=ORIENTED_EDGE('',*,*,#1119,.F.);
#560=ORIENTED_EDGE('',*,*,#1120,.T.);
#561=ORIENTED_EDGE('',*,*,#1121,.F.);
#562=ORIENTED_EDGE('',*,*,#1118,.F.);
#563=ORIENTED_EDGE('',*,*,#1120,.F.);
#564=ORIENTED_EDGE('',*,*,#1122,.F.);
#565=ORIENTED_EDGE('',*,*,#1123,.T.);
#566=ORIENTED_EDGE('',*,*,#1124,.F.);
#567=ORIENTED_EDGE('',*,*,#1125,.T.);
#568=ORIENTED_EDGE('',*,*,#1123,.F.);
#569=ORIENTED_EDGE('',*,*,#1126,.T.);
#570=ORIENTED_EDGE('',*,*,#1127,.T.);
#571=ORIENTED_EDGE('',*,*,#1128,.T.);
#572=ORIENTED_EDGE('',*,*,#1127,.F.);
#573=ORIENTED_EDGE('',*,*,#1129,.T.);
#574=ORIENTED_EDGE('',*,*,#1130,.T.);
#575=ORIENTED_EDGE('',*,*,#1130,.F.);
#576=ORIENTED_EDGE('',*,*,#1131,.F.);
#577=ORIENTED_EDGE('',*,*,#1132,.F.);
#578=ORIENTED_EDGE('',*,*,#1107,.T.);
#579=ORIENTED_EDGE('',*,*,#1133,.F.);
#580=ORIENTED_EDGE('',*,*,#1088,.F.);
#581=ORIENTED_EDGE('',*,*,#1091,.F.);
#582=ORIENTED_EDGE('',*,*,#1096,.T.);
#583=ORIENTED_EDGE('',*,*,#1097,.T.);
#584=ORIENTED_EDGE('',*,*,#1100,.F.);
#585=ORIENTED_EDGE('',*,*,#1103,.F.);
#586=ORIENTED_EDGE('',*,*,#1108,.T.);
#587=ORIENTED_EDGE('',*,*,#1132,.T.);
#588=ORIENTED_EDGE('',*,*,#1134,.T.);
#589=ORIENTED_EDGE('',*,*,#1135,.F.);
#590=ORIENTED_EDGE('',*,*,#1136,.F.);
#591=ORIENTED_EDGE('',*,*,#1086,.T.);
#592=ORIENTED_EDGE('',*,*,#1076,.F.);
#593=ORIENTED_EDGE('',*,*,#1074,.T.);
#594=ORIENTED_EDGE('',*,*,#1073,.T.);
#595=ORIENTED_EDGE('',*,*,#1069,.F.);
#596=ORIENTED_EDGE('',*,*,#1056,.F.);
#597=ORIENTED_EDGE('',*,*,#1137,.T.);
#598=ORIENTED_EDGE('',*,*,#1109,.T.);
#599=ORIENTED_EDGE('',*,*,#1113,.F.);
#600=ORIENTED_EDGE('',*,*,#1116,.F.);
#601=ORIENTED_EDGE('',*,*,#1121,.T.);
#602=ORIENTED_EDGE('',*,*,#1124,.T.);
#603=ORIENTED_EDGE('',*,*,#1125,.F.);
#604=ORIENTED_EDGE('',*,*,#1128,.F.);
#605=ORIENTED_EDGE('',*,*,#1133,.T.);
#606=ORIENTED_EDGE('',*,*,#1106,.T.);
#607=ORIENTED_EDGE('',*,*,#1104,.F.);
#608=ORIENTED_EDGE('',*,*,#1101,.F.);
#609=ORIENTED_EDGE('',*,*,#1098,.T.);
#610=ORIENTED_EDGE('',*,*,#1094,.T.);
#611=ORIENTED_EDGE('',*,*,#1092,.F.);
#612=ORIENTED_EDGE('',*,*,#1089,.F.);
#613=ORIENTED_EDGE('',*,*,#1087,.T.);
#614=ORIENTED_EDGE('',*,*,#1136,.T.);
#615=ORIENTED_EDGE('',*,*,#1138,.F.);
#616=ORIENTED_EDGE('',*,*,#1058,.F.);
#617=ORIENTED_EDGE('',*,*,#1139,.F.);
#618=ORIENTED_EDGE('',*,*,#1134,.F.);
#619=ORIENTED_EDGE('',*,*,#1131,.T.);
#620=ORIENTED_EDGE('',*,*,#1129,.F.);
#621=ORIENTED_EDGE('',*,*,#1126,.F.);
#622=ORIENTED_EDGE('',*,*,#1122,.T.);
#623=ORIENTED_EDGE('',*,*,#1119,.T.);
#624=ORIENTED_EDGE('',*,*,#1117,.T.);
#625=ORIENTED_EDGE('',*,*,#1114,.T.);
#626=ORIENTED_EDGE('',*,*,#1111,.F.);
#627=ORIENTED_EDGE('',*,*,#1140,.T.);
#628=ORIENTED_EDGE('',*,*,#1059,.F.);
#629=ORIENTED_EDGE('',*,*,#1140,.F.);
#630=ORIENTED_EDGE('',*,*,#1110,.T.);
#631=ORIENTED_EDGE('',*,*,#1137,.F.);
#632=ORIENTED_EDGE('',*,*,#1139,.T.);
#633=ORIENTED_EDGE('',*,*,#1057,.T.);
#634=ORIENTED_EDGE('',*,*,#1138,.T.);
#635=ORIENTED_EDGE('',*,*,#1135,.T.);
#636=ORIENTED_EDGE('',*,*,#1084,.F.);
#637=ORIENTED_EDGE('',*,*,#1082,.T.);
#638=ORIENTED_EDGE('',*,*,#1080,.T.);
#639=ORIENTED_EDGE('',*,*,#1079,.F.);
#640=ORIENTED_EDGE('',*,*,#1060,.F.);
#641=ORIENTED_EDGE('',*,*,#1141,.F.);
#642=ORIENTED_EDGE('',*,*,#1142,.T.);
#643=ORIENTED_EDGE('',*,*,#1143,.T.);
#644=ORIENTED_EDGE('',*,*,#1063,.T.);
#645=ORIENTED_EDGE('',*,*,#1144,.F.);
#646=ORIENTED_EDGE('',*,*,#1145,.F.);
#647=ORIENTED_EDGE('',*,*,#1141,.T.);
#648=ORIENTED_EDGE('',*,*,#1062,.T.);
#649=ORIENTED_EDGE('',*,*,#1146,.F.);
#650=ORIENTED_EDGE('',*,*,#1147,.F.);
#651=ORIENTED_EDGE('',*,*,#1144,.T.);
#652=ORIENTED_EDGE('',*,*,#1061,.F.);
#653=ORIENTED_EDGE('',*,*,#1143,.F.);
#654=ORIENTED_EDGE('',*,*,#1148,.T.);
#655=ORIENTED_EDGE('',*,*,#1146,.T.);
#656=ORIENTED_EDGE('',*,*,#1142,.F.);
#657=ORIENTED_EDGE('',*,*,#1145,.T.);
#658=ORIENTED_EDGE('',*,*,#1147,.T.);
#659=ORIENTED_EDGE('',*,*,#1148,.F.);
#660=ORIENTED_EDGE('',*,*,#1149,.F.);
#661=ORIENTED_EDGE('',*,*,#1150,.F.);
#662=ORIENTED_EDGE('',*,*,#1151,.F.);
#663=ORIENTED_EDGE('',*,*,#1152,.T.);
#664=ORIENTED_EDGE('',*,*,#1153,.F.);
#665=ORIENTED_EDGE('',*,*,#1154,.T.);
#666=ORIENTED_EDGE('',*,*,#1155,.T.);
#667=ORIENTED_EDGE('',*,*,#1156,.F.);
#668=ORIENTED_EDGE('',*,*,#1157,.T.);
#669=ORIENTED_EDGE('',*,*,#1158,.F.);
#670=ORIENTED_EDGE('',*,*,#1159,.F.);
#671=ORIENTED_EDGE('',*,*,#1160,.T.);
#672=ORIENTED_EDGE('',*,*,#1161,.T.);
#673=ORIENTED_EDGE('',*,*,#1162,.F.);
#674=ORIENTED_EDGE('',*,*,#1163,.T.);
#675=ORIENTED_EDGE('',*,*,#1164,.F.);
#676=ORIENTED_EDGE('',*,*,#1165,.F.);
#677=ORIENTED_EDGE('',*,*,#1166,.T.);
#678=ORIENTED_EDGE('',*,*,#1163,.F.);
#679=ORIENTED_EDGE('',*,*,#1167,.T.);
#680=ORIENTED_EDGE('',*,*,#1165,.T.);
#681=ORIENTED_EDGE('',*,*,#1162,.T.);
#682=ORIENTED_EDGE('',*,*,#1168,.T.);
#683=ORIENTED_EDGE('',*,*,#1169,.F.);
#684=ORIENTED_EDGE('',*,*,#1168,.F.);
#685=ORIENTED_EDGE('',*,*,#1161,.F.);
#686=ORIENTED_EDGE('',*,*,#1170,.T.);
#687=ORIENTED_EDGE('',*,*,#1171,.F.);
#688=ORIENTED_EDGE('',*,*,#1172,.F.);
#689=ORIENTED_EDGE('',*,*,#1158,.T.);
#690=ORIENTED_EDGE('',*,*,#1157,.F.);
#691=ORIENTED_EDGE('',*,*,#1173,.T.);
#692=ORIENTED_EDGE('',*,*,#1174,.T.);
#693=ORIENTED_EDGE('',*,*,#1170,.F.);
#694=ORIENTED_EDGE('',*,*,#1173,.F.);
#695=ORIENTED_EDGE('',*,*,#1160,.F.);
#696=ORIENTED_EDGE('',*,*,#1175,.T.);
#697=ORIENTED_EDGE('',*,*,#1176,.T.);
#698=ORIENTED_EDGE('',*,*,#1159,.T.);
#699=ORIENTED_EDGE('',*,*,#1172,.T.);
#700=ORIENTED_EDGE('',*,*,#1177,.F.);
#701=ORIENTED_EDGE('',*,*,#1175,.F.);
#702=ORIENTED_EDGE('',*,*,#1178,.T.);
#703=ORIENTED_EDGE('',*,*,#1179,.T.);
#704=ORIENTED_EDGE('',*,*,#1180,.T.);
#705=ORIENTED_EDGE('',*,*,#1181,.F.);
#706=ORIENTED_EDGE('',*,*,#1182,.T.);
#707=ORIENTED_EDGE('',*,*,#1183,.F.);
#708=ORIENTED_EDGE('',*,*,#1178,.F.);
#709=ORIENTED_EDGE('',*,*,#1184,.F.);
#710=ORIENTED_EDGE('',*,*,#1185,.T.);
#711=ORIENTED_EDGE('',*,*,#1186,.F.);
#712=ORIENTED_EDGE('',*,*,#1182,.F.);
#713=ORIENTED_EDGE('',*,*,#1185,.F.);
#714=ORIENTED_EDGE('',*,*,#1187,.T.);
#715=ORIENTED_EDGE('',*,*,#1188,.T.);
#716=ORIENTED_EDGE('',*,*,#1189,.T.);
#717=ORIENTED_EDGE('',*,*,#1190,.T.);
#718=ORIENTED_EDGE('',*,*,#1191,.T.);
#719=ORIENTED_EDGE('',*,*,#1192,.T.);
#720=ORIENTED_EDGE('',*,*,#1188,.F.);
#721=ORIENTED_EDGE('',*,*,#1193,.F.);
#722=ORIENTED_EDGE('',*,*,#1194,.T.);
#723=ORIENTED_EDGE('',*,*,#1195,.F.);
#724=ORIENTED_EDGE('',*,*,#1191,.F.);
#725=ORIENTED_EDGE('',*,*,#1196,.F.);
#726=ORIENTED_EDGE('',*,*,#1197,.T.);
#727=ORIENTED_EDGE('',*,*,#1198,.F.);
#728=ORIENTED_EDGE('',*,*,#1194,.F.);
#729=ORIENTED_EDGE('',*,*,#1197,.F.);
#730=ORIENTED_EDGE('',*,*,#1199,.T.);
#731=ORIENTED_EDGE('',*,*,#1200,.T.);
#732=ORIENTED_EDGE('',*,*,#1201,.T.);
#733=ORIENTED_EDGE('',*,*,#1202,.T.);
#734=ORIENTED_EDGE('',*,*,#1203,.F.);
#735=ORIENTED_EDGE('',*,*,#1204,.F.);
#736=ORIENTED_EDGE('',*,*,#1205,.T.);
#737=ORIENTED_EDGE('',*,*,#1206,.F.);
#738=ORIENTED_EDGE('',*,*,#1207,.F.);
#739=ORIENTED_EDGE('',*,*,#1208,.T.);
#740=ORIENTED_EDGE('',*,*,#1203,.T.);
#741=ORIENTED_EDGE('',*,*,#1209,.F.);
#742=ORIENTED_EDGE('',*,*,#1210,.F.);
#743=ORIENTED_EDGE('',*,*,#1211,.T.);
#744=ORIENTED_EDGE('',*,*,#1207,.T.);
#745=ORIENTED_EDGE('',*,*,#1212,.T.);
#746=ORIENTED_EDGE('',*,*,#1210,.T.);
#747=ORIENTED_EDGE('',*,*,#1213,.T.);
#748=ORIENTED_EDGE('',*,*,#1214,.F.);
#749=ORIENTED_EDGE('',*,*,#1214,.T.);
#750=ORIENTED_EDGE('',*,*,#1215,.T.);
#751=ORIENTED_EDGE('',*,*,#1216,.F.);
#752=ORIENTED_EDGE('',*,*,#1217,.T.);
#753=ORIENTED_EDGE('',*,*,#1218,.F.);
#754=ORIENTED_EDGE('',*,*,#1219,.F.);
#755=ORIENTED_EDGE('',*,*,#1220,.F.);
#756=ORIENTED_EDGE('',*,*,#1216,.T.);
#757=ORIENTED_EDGE('',*,*,#1221,.F.);
#758=ORIENTED_EDGE('',*,*,#1222,.F.);
#759=ORIENTED_EDGE('',*,*,#1223,.F.);
#760=ORIENTED_EDGE('',*,*,#1219,.T.);
#761=ORIENTED_EDGE('',*,*,#1222,.T.);
#762=ORIENTED_EDGE('',*,*,#1224,.T.);
#763=ORIENTED_EDGE('',*,*,#1200,.F.);
#764=ORIENTED_EDGE('',*,*,#1225,.T.);
#765=ORIENTED_EDGE('',*,*,#1226,.T.);
#766=ORIENTED_EDGE('',*,*,#1181,.T.);
#767=ORIENTED_EDGE('',*,*,#1180,.F.);
#768=ORIENTED_EDGE('',*,*,#1227,.T.);
#769=ORIENTED_EDGE('',*,*,#1228,.T.);
#770=ORIENTED_EDGE('',*,*,#1229,.F.);
#771=ORIENTED_EDGE('',*,*,#1225,.F.);
#772=ORIENTED_EDGE('',*,*,#1199,.F.);
#773=ORIENTED_EDGE('',*,*,#1196,.T.);
#774=ORIENTED_EDGE('',*,*,#1193,.T.);
#775=ORIENTED_EDGE('',*,*,#1190,.F.);
#776=ORIENTED_EDGE('',*,*,#1187,.F.);
#777=ORIENTED_EDGE('',*,*,#1184,.T.);
#778=ORIENTED_EDGE('',*,*,#1169,.T.);
#779=ORIENTED_EDGE('',*,*,#1164,.T.);
#780=ORIENTED_EDGE('',*,*,#1166,.F.);
#781=ORIENTED_EDGE('',*,*,#1167,.F.);
#782=ORIENTED_EDGE('',*,*,#1149,.T.);
#783=ORIENTED_EDGE('',*,*,#1230,.T.);
#784=ORIENTED_EDGE('',*,*,#1227,.F.);
#785=ORIENTED_EDGE('',*,*,#1179,.F.);
#786=ORIENTED_EDGE('',*,*,#1183,.T.);
#787=ORIENTED_EDGE('',*,*,#1186,.T.);
#788=ORIENTED_EDGE('',*,*,#1189,.F.);
#789=ORIENTED_EDGE('',*,*,#1192,.F.);
#790=ORIENTED_EDGE('',*,*,#1195,.T.);
#791=ORIENTED_EDGE('',*,*,#1198,.T.);
#792=ORIENTED_EDGE('',*,*,#1201,.F.);
#793=ORIENTED_EDGE('',*,*,#1224,.F.);
#794=ORIENTED_EDGE('',*,*,#1221,.T.);
#795=ORIENTED_EDGE('',*,*,#1218,.T.);
#796=ORIENTED_EDGE('',*,*,#1215,.F.);
#797=ORIENTED_EDGE('',*,*,#1213,.F.);
#798=ORIENTED_EDGE('',*,*,#1209,.T.);
#799=ORIENTED_EDGE('',*,*,#1206,.T.);
#800=ORIENTED_EDGE('',*,*,#1202,.F.);
#801=ORIENTED_EDGE('',*,*,#1231,.F.);
#802=ORIENTED_EDGE('',*,*,#1151,.T.);
#803=ORIENTED_EDGE('',*,*,#1232,.F.);
#804=ORIENTED_EDGE('',*,*,#1204,.T.);
#805=ORIENTED_EDGE('',*,*,#1208,.F.);
#806=ORIENTED_EDGE('',*,*,#1211,.F.);
#807=ORIENTED_EDGE('',*,*,#1212,.F.);
#808=ORIENTED_EDGE('',*,*,#1217,.F.);
#809=ORIENTED_EDGE('',*,*,#1220,.T.);
#810=ORIENTED_EDGE('',*,*,#1223,.T.);
#811=ORIENTED_EDGE('',*,*,#1226,.F.);
#812=ORIENTED_EDGE('',*,*,#1229,.T.);
#813=ORIENTED_EDGE('',*,*,#1233,.T.);
#814=ORIENTED_EDGE('',*,*,#1150,.T.);
#815=ORIENTED_EDGE('',*,*,#1231,.T.);
#816=ORIENTED_EDGE('',*,*,#1205,.F.);
#817=ORIENTED_EDGE('',*,*,#1232,.T.);
#818=ORIENTED_EDGE('',*,*,#1233,.F.);
#819=ORIENTED_EDGE('',*,*,#1228,.F.);
#820=ORIENTED_EDGE('',*,*,#1230,.F.);
#821=ORIENTED_EDGE('',*,*,#1152,.F.);
#822=ORIENTED_EDGE('',*,*,#1177,.T.);
#823=ORIENTED_EDGE('',*,*,#1171,.T.);
#824=ORIENTED_EDGE('',*,*,#1174,.F.);
#825=ORIENTED_EDGE('',*,*,#1176,.F.);
#826=ORIENTED_EDGE('',*,*,#1153,.T.);
#827=ORIENTED_EDGE('',*,*,#1234,.F.);
#828=ORIENTED_EDGE('',*,*,#1235,.F.);
#829=ORIENTED_EDGE('',*,*,#1236,.T.);
#830=ORIENTED_EDGE('',*,*,#1154,.F.);
#831=ORIENTED_EDGE('',*,*,#1236,.F.);
#832=ORIENTED_EDGE('',*,*,#1237,.T.);
#833=ORIENTED_EDGE('',*,*,#1238,.T.);
#834=ORIENTED_EDGE('',*,*,#1155,.F.);
#835=ORIENTED_EDGE('',*,*,#1238,.F.);
#836=ORIENTED_EDGE('',*,*,#1239,.T.);
#837=ORIENTED_EDGE('',*,*,#1240,.T.);
#838=ORIENTED_EDGE('',*,*,#1156,.T.);
#839=ORIENTED_EDGE('',*,*,#1240,.F.);
#840=ORIENTED_EDGE('',*,*,#1241,.F.);
#841=ORIENTED_EDGE('',*,*,#1234,.T.);
#842=ORIENTED_EDGE('',*,*,#1235,.T.);
#843=ORIENTED_EDGE('',*,*,#1241,.T.);
#844=ORIENTED_EDGE('',*,*,#1239,.F.);
#845=ORIENTED_EDGE('',*,*,#1237,.F.);
#846=EDGE_CURVE('',#1242,#1243,#1506,.T.);
#847=EDGE_CURVE('',#1244,#1242,#1507,.T.);
#848=EDGE_CURVE('',#1245,#1244,#1508,.T.);
#849=EDGE_CURVE('',#1245,#1243,#1509,.T.);
#850=EDGE_CURVE('',#1246,#1247,#1510,.T.);
#851=EDGE_CURVE('',#1246,#1248,#1511,.T.);
#852=EDGE_CURVE('',#1248,#1249,#1512,.T.);
#853=EDGE_CURVE('',#1247,#1249,#1513,.T.);
#854=EDGE_CURVE('',#1250,#1251,#1514,.T.);
#855=EDGE_CURVE('',#1251,#1252,#1515,.T.);
#856=EDGE_CURVE('',#1252,#1253,#1516,.T.);
#857=EDGE_CURVE('',#1250,#1253,#1517,.T.);
#858=EDGE_CURVE('',#1254,#1255,#1518,.T.);
#859=EDGE_CURVE('',#1255,#1256,#1519,.T.);
#860=EDGE_CURVE('',#1257,#1256,#1520,.T.);
#861=EDGE_CURVE('',#1254,#1257,#1521,.T.);
#862=EDGE_CURVE('',#1258,#1259,#1522,.T.);
#863=EDGE_CURVE('',#1258,#1260,#1523,.T.);
#864=EDGE_CURVE('',#1260,#1261,#1524,.T.);
#865=EDGE_CURVE('',#1259,#1261,#1525,.T.);
#866=EDGE_CURVE('',#1262,#1263,#1526,.T.);
#867=EDGE_CURVE('',#1262,#1264,#1527,.T.);
#868=EDGE_CURVE('',#1264,#1265,#1528,.T.);
#869=EDGE_CURVE('',#1263,#1265,#1529,.T.);
#870=EDGE_CURVE('',#1245,#1250,#1530,.T.);
#871=EDGE_CURVE('',#1253,#1243,#1531,.T.);
#872=EDGE_CURVE('',#1244,#1266,#1532,.T.);
#873=EDGE_CURVE('',#1267,#1242,#1533,.T.);
#874=EDGE_CURVE('',#1266,#1267,#1534,.T.);
#875=EDGE_CURVE('',#1268,#1266,#1535,.T.);
#876=EDGE_CURVE('',#1269,#1268,#1536,.T.);
#877=EDGE_CURVE('',#1269,#1270,#1537,.T.);
#878=EDGE_CURVE('',#1270,#1271,#1538,.T.);
#879=EDGE_CURVE('',#1271,#1272,#1539,.T.);
#880=EDGE_CURVE('',#1272,#1273,#1540,.T.);
#881=EDGE_CURVE('',#1274,#1273,#1541,.T.);
#882=EDGE_CURVE('',#1274,#1275,#1542,.T.);
#883=EDGE_CURVE('',#1276,#1275,#1543,.T.);
#884=EDGE_CURVE('',#1277,#1276,#1544,.T.);
#885=EDGE_CURVE('',#1277,#1278,#1545,.T.);
#886=EDGE_CURVE('',#1278,#1279,#1546,.T.);
#887=EDGE_CURVE('',#1279,#1280,#1547,.T.);
#888=EDGE_CURVE('',#1280,#1281,#1548,.T.);
#889=EDGE_CURVE('',#1282,#1281,#1549,.T.);
#890=EDGE_CURVE('',#1282,#1251,#1550,.T.);
#891=EDGE_CURVE('',#1252,#1283,#1551,.T.);
#892=EDGE_CURVE('',#1283,#1284,#1552,.T.);
#893=EDGE_CURVE('',#1285,#1284,#1553,.T.);
#894=EDGE_CURVE('',#1286,#1285,#1554,.T.);
#895=EDGE_CURVE('',#1286,#1287,#1555,.T.);
#896=EDGE_CURVE('',#1287,#1288,#1556,.T.);
#897=EDGE_CURVE('',#1289,#1288,#1557,.T.);
#898=EDGE_CURVE('',#1267,#1289,#1558,.T.);
#899=EDGE_CURVE('',#1282,#1290,#1559,.T.);
#900=EDGE_CURVE('',#1290,#1283,#1560,.T.);
#901=EDGE_CURVE('',#1278,#1291,#1561,.T.);
#902=EDGE_CURVE('',#1279,#1291,#1562,.T.);
#903=EDGE_CURVE('',#1270,#1292,#1563,.T.);
#904=EDGE_CURVE('',#1271,#1292,#1564,.T.);
#905=EDGE_CURVE('',#1293,#1292,#1565,.T.);
#906=EDGE_CURVE('',#1272,#1293,#1566,.T.);
#907=EDGE_CURVE('',#1294,#1291,#1567,.T.);
#908=EDGE_CURVE('',#1280,#1294,#1568,.T.);
#909=EDGE_CURVE('',#1281,#1295,#1569,.T.);
#910=EDGE_CURVE('',#1295,#1290,#1570,.T.);
#911=EDGE_CURVE('',#1275,#1286,#1571,.T.);
#912=EDGE_CURVE('',#1274,#1287,#1572,.T.);
#913=EDGE_CURVE('',#1273,#1288,#1573,.T.);
#914=EDGE_CURVE('',#1269,#1293,#1574,.T.);
#915=EDGE_CURVE('',#1268,#1289,#1575,.T.);
#916=EDGE_CURVE('',#1277,#1294,#1576,.T.);
#917=EDGE_CURVE('',#1276,#1285,#1577,.T.);
#918=EDGE_CURVE('',#1295,#1284,#1578,.T.);
#919=EDGE_CURVE('',#1296,#1297,#1579,.T.);
#920=EDGE_CURVE('',#1298,#1296,#1580,.T.);
#921=EDGE_CURVE('',#1298,#1299,#1581,.T.);
#922=EDGE_CURVE('',#1299,#1297,#1582,.T.);
#923=EDGE_CURVE('',#1296,#1264,#18,.T.);
#924=EDGE_CURVE('',#1298,#1262,#19,.T.);
#925=EDGE_CURVE('',#1297,#1265,#20,.T.);
#926=EDGE_CURVE('',#1299,#1263,#21,.T.);
#927=EDGE_CURVE('',#1300,#1301,#1583,.T.);
#928=EDGE_CURVE('',#1302,#1300,#1584,.T.);
#929=EDGE_CURVE('',#1302,#1303,#1585,.T.);
#930=EDGE_CURVE('',#1303,#1301,#1586,.T.);
#931=EDGE_CURVE('',#1300,#1260,#22,.T.);
#932=EDGE_CURVE('',#1302,#1258,#23,.T.);
#933=EDGE_CURVE('',#1301,#1261,#24,.T.);
#934=EDGE_CURVE('',#1303,#1259,#25,.T.);
#935=EDGE_CURVE('',#1304,#1254,#1587,.T.);
#936=EDGE_CURVE('',#1304,#1305,#1588,.T.);
#937=EDGE_CURVE('',#1305,#1255,#1589,.T.);
#938=EDGE_CURVE('',#1306,#1257,#1590,.T.);
#939=EDGE_CURVE('',#1304,#1306,#1591,.T.);
#940=EDGE_CURVE('',#1307,#1256,#1592,.T.);
#941=EDGE_CURVE('',#1306,#1307,#1593,.T.);
#942=EDGE_CURVE('',#1305,#1307,#1594,.T.);
#943=EDGE_CURVE('',#1308,#1246,#1595,.T.);
#944=EDGE_CURVE('',#1308,#1309,#1596,.T.);
#945=EDGE_CURVE('',#1309,#1248,#1597,.T.);
#946=EDGE_CURVE('',#1310,#1247,#1598,.T.);
#947=EDGE_CURVE('',#1308,#1310,#1599,.T.);
#948=EDGE_CURVE('',#1311,#1249,#1600,.T.);
#949=EDGE_CURVE('',#1310,#1311,#1601,.T.);
#950=EDGE_CURVE('',#1309,#1311,#1602,.T.);
#951=EDGE_CURVE('',#1312,#1313,#1603,.T.);
#952=EDGE_CURVE('',#1314,#1313,#1604,.T.);
#953=EDGE_CURVE('',#1314,#1315,#1605,.T.);
#954=EDGE_CURVE('',#1315,#1312,#1606,.T.);
#955=EDGE_CURVE('',#1316,#1317,#1607,.T.);
#956=EDGE_CURVE('',#1317,#1318,#1608,.T.);
#957=EDGE_CURVE('',#1319,#1318,#1609,.T.);
#958=EDGE_CURVE('',#1316,#1319,#1610,.T.);
#959=EDGE_CURVE('',#1320,#1321,#1611,.T.);
#960=EDGE_CURVE('',#1320,#1322,#1612,.T.);
#961=EDGE_CURVE('',#1323,#1322,#1613,.T.);
#962=EDGE_CURVE('',#1321,#1323,#1614,.T.);
#963=EDGE_CURVE('',#1324,#1325,#1615,.T.);
#964=EDGE_CURVE('',#1324,#1326,#1616,.T.);
#965=EDGE_CURVE('',#1326,#1327,#1617,.T.);
#966=EDGE_CURVE('',#1325,#1327,#1618,.T.);
#967=EDGE_CURVE('',#1328,#1329,#1619,.T.);
#968=EDGE_CURVE('',#1329,#1330,#1620,.T.);
#969=EDGE_CURVE('',#1331,#1330,#1621,.T.);
#970=EDGE_CURVE('',#1328,#1331,#1622,.T.);
#971=EDGE_CURVE('',#1332,#1333,#1623,.T.);
#972=EDGE_CURVE('',#1333,#1334,#1624,.T.);
#973=EDGE_CURVE('',#1335,#1334,#1625,.T.);
#974=EDGE_CURVE('',#1332,#1335,#1626,.T.);
#975=EDGE_CURVE('',#1314,#1320,#1627,.T.);
#976=EDGE_CURVE('',#1322,#1313,#1628,.T.);
#977=EDGE_CURVE('',#1315,#1336,#1629,.T.);
#978=EDGE_CURVE('',#1336,#1337,#1630,.T.);
#979=EDGE_CURVE('',#1337,#1312,#1631,.T.);
#980=EDGE_CURVE('',#1338,#1321,#1632,.T.);
#981=EDGE_CURVE('',#1338,#1339,#1633,.T.);
#982=EDGE_CURVE('',#1340,#1339,#1634,.T.);
#983=EDGE_CURVE('',#1341,#1340,#1635,.T.);
#984=EDGE_CURVE('',#1342,#1341,#1636,.T.);
#985=EDGE_CURVE('',#1343,#1342,#1637,.T.);
#986=EDGE_CURVE('',#1343,#1344,#1638,.T.);
#987=EDGE_CURVE('',#1344,#1345,#1639,.T.);
#988=EDGE_CURVE('',#1346,#1345,#1640,.T.);
#989=EDGE_CURVE('',#1346,#1347,#1641,.T.);
#990=EDGE_CURVE('',#1348,#1347,#1642,.T.);
#991=EDGE_CURVE('',#1349,#1348,#1643,.T.);
#992=EDGE_CURVE('',#1350,#1349,#1644,.T.);
#993=EDGE_CURVE('',#1351,#1350,#1645,.T.);
#994=EDGE_CURVE('',#1351,#1352,#1646,.T.);
#995=EDGE_CURVE('',#1352,#1336,#1647,.T.);
#996=EDGE_CURVE('',#1337,#1353,#1648,.T.);
#997=EDGE_CURVE('',#1353,#1354,#1649,.T.);
#998=EDGE_CURVE('',#1355,#1354,#1650,.T.);
#999=EDGE_CURVE('',#1356,#1355,#1651,.T.);
#1000=EDGE_CURVE('',#1356,#1357,#1652,.T.);
#1001=EDGE_CURVE('',#1357,#1358,#1653,.T.);
#1002=EDGE_CURVE('',#1359,#1358,#1654,.T.);
#1003=EDGE_CURVE('',#1323,#1359,#1655,.T.);
#1004=EDGE_CURVE('',#1360,#1359,#1656,.T.);
#1005=EDGE_CURVE('',#1338,#1360,#1657,.T.);
#1006=EDGE_CURVE('',#1341,#1361,#1658,.T.);
#1007=EDGE_CURVE('',#1342,#1361,#1659,.T.);
#1008=EDGE_CURVE('',#1349,#1362,#1660,.T.);
#1009=EDGE_CURVE('',#1350,#1362,#1661,.T.);
#1010=EDGE_CURVE('',#1363,#1362,#1662,.T.);
#1011=EDGE_CURVE('',#1348,#1363,#1663,.T.);
#1012=EDGE_CURVE('',#1364,#1361,#1664,.T.);
#1013=EDGE_CURVE('',#1340,#1364,#1665,.T.);
#1014=EDGE_CURVE('',#1339,#1365,#1666,.T.);
#1015=EDGE_CURVE('',#1365,#1360,#1667,.T.);
#1016=EDGE_CURVE('',#1345,#1356,#1668,.T.);
#1017=EDGE_CURVE('',#1346,#1355,#1669,.T.);
#1018=EDGE_CURVE('',#1347,#1354,#1670,.T.);
#1019=EDGE_CURVE('',#1352,#1353,#1671,.T.);
#1020=EDGE_CURVE('',#1351,#1363,#1672,.T.);
#1021=EDGE_CURVE('',#1365,#1358,#1673,.T.);
#1022=EDGE_CURVE('',#1344,#1357,#1674,.T.);
#1023=EDGE_CURVE('',#1343,#1364,#1675,.T.);
#1024=EDGE_CURVE('',#1366,#1367,#1676,.T.);
#1025=EDGE_CURVE('',#1368,#1367,#1677,.T.);
#1026=EDGE_CURVE('',#1369,#1368,#1678,.T.);
#1027=EDGE_CURVE('',#1369,#1366,#1679,.T.);
#1028=EDGE_CURVE('',#1366,#1335,#26,.T.);
#1029=EDGE_CURVE('',#1369,#1332,#27,.T.);
#1030=EDGE_CURVE('',#1367,#1334,#28,.T.);
#1031=EDGE_CURVE('',#1368,#1333,#29,.T.);
#1032=EDGE_CURVE('',#1370,#1371,#1680,.T.);
#1033=EDGE_CURVE('',#1372,#1371,#1681,.T.);
#1034=EDGE_CURVE('',#1373,#1372,#1682,.T.);
#1035=EDGE_CURVE('',#1373,#1370,#1683,.T.);
#1036=EDGE_CURVE('',#1370,#1331,#30,.T.);
#1037=EDGE_CURVE('',#1373,#1328,#31,.T.);
#1038=EDGE_CURVE('',#1371,#1330,#32,.T.);
#1039=EDGE_CURVE('',#1372,#1329,#33,.T.);
#1040=EDGE_CURVE('',#1374,#1325,#1684,.T.);
#1041=EDGE_CURVE('',#1375,#1374,#1685,.T.);
#1042=EDGE_CURVE('',#1375,#1324,#1686,.T.);
#1043=EDGE_CURVE('',#1375,#1376,#1687,.T.);
#1044=EDGE_CURVE('',#1376,#1326,#1688,.T.);
#1045=EDGE_CURVE('',#1376,#1377,#1689,.T.);
#1046=EDGE_CURVE('',#1377,#1327,#1690,.T.);
#1047=EDGE_CURVE('',#1374,#1377,#1691,.T.);
#1048=EDGE_CURVE('',#1378,#1319,#1692,.T.);
#1049=EDGE_CURVE('',#1379,#1378,#1693,.T.);
#1050=EDGE_CURVE('',#1379,#1316,#1694,.T.);
#1051=EDGE_CURVE('',#1379,#1380,#1695,.T.);
#1052=EDGE_CURVE('',#1380,#1317,#1696,.T.);
#1053=EDGE_CURVE('',#1380,#1381,#1697,.T.);
#1054=EDGE_CURVE('',#1381,#1318,#1698,.T.);
#1055=EDGE_CURVE('',#1378,#1381,#1699,.T.);
#1056=EDGE_CURVE('',#1382,#1383,#1700,.T.);
#1057=EDGE_CURVE('',#1384,#1383,#1701,.T.);
#1058=EDGE_CURVE('',#1384,#1385,#1702,.T.);
#1059=EDGE_CURVE('',#1385,#1382,#1703,.T.);
#1060=EDGE_CURVE('',#1386,#1387,#1704,.T.);
#1061=EDGE_CURVE('',#1387,#1388,#1705,.T.);
#1062=EDGE_CURVE('',#1389,#1388,#1706,.T.);
#1063=EDGE_CURVE('',#1386,#1389,#1707,.T.);
#1064=EDGE_CURVE('',#1390,#1391,#1708,.T.);
#1065=EDGE_CURVE('',#1392,#1390,#1709,.T.);
#1066=EDGE_CURVE('',#1392,#1393,#1710,.T.);
#1067=EDGE_CURVE('',#1393,#1391,#1711,.T.);
#1068=EDGE_CURVE('',#1394,#1395,#1712,.T.);
#1069=EDGE_CURVE('',#1394,#1396,#1713,.T.);
#1070=EDGE_CURVE('',#1397,#1396,#1714,.T.);
#1071=EDGE_CURVE('',#1397,#1395,#1715,.T.);
#1072=EDGE_CURVE('',#1398,#1397,#1716,.F.);
#1073=EDGE_CURVE('',#1398,#1396,#1717,.T.);
#1074=EDGE_CURVE('',#1399,#1398,#1718,.T.);
#1075=EDGE_CURVE('',#1395,#1399,#1719,.F.);
#1076=EDGE_CURVE('',#1399,#1394,#1720,.T.);
#1077=EDGE_CURVE('',#1391,#1400,#34,.T.);
#1078=EDGE_CURVE('',#1393,#1401,#35,.T.);
#1079=EDGE_CURVE('',#1401,#1400,#1721,.T.);
#1080=EDGE_CURVE('',#1402,#1400,#1722,.T.);
#1081=EDGE_CURVE('',#1390,#1402,#36,.T.);
#1082=EDGE_CURVE('',#1403,#1402,#1723,.T.);
#1083=EDGE_CURVE('',#1392,#1403,#37,.T.);
#1084=EDGE_CURVE('',#1403,#1401,#1724,.T.);
#1085=EDGE_CURVE('',#1404,#1405,#1725,.T.);
#1086=EDGE_CURVE('',#1406,#1404,#1726,.T.);
#1087=EDGE_CURVE('',#1405,#1406,#1727,.T.);
#1088=EDGE_CURVE('',#1407,#1404,#1728,.T.);
#1089=EDGE_CURVE('',#1405,#1408,#1729,.T.);
#1090=EDGE_CURVE('',#1407,#1408,#1730,.T.);
#1091=EDGE_CURVE('',#1409,#1407,#1731,.T.);
#1092=EDGE_CURVE('',#1408,#1410,#1732,.T.);
#1093=EDGE_CURVE('',#1409,#1410,#1733,.T.);
#1094=EDGE_CURVE('',#1411,#1410,#1734,.T.);
#1095=EDGE_CURVE('',#1412,#1411,#1735,.T.);
#1096=EDGE_CURVE('',#1409,#1412,#1736,.T.);
#1097=EDGE_CURVE('',#1412,#1413,#1737,.T.);
#1098=EDGE_CURVE('',#1414,#1411,#1738,.T.);
#1099=EDGE_CURVE('',#1413,#1414,#1739,.T.);
#1100=EDGE_CURVE('',#1415,#1413,#1740,.T.);
#1101=EDGE_CURVE('',#1414,#1416,#1741,.T.);
#1102=EDGE_CURVE('',#1415,#1416,#1742,.T.);
#1103=EDGE_CURVE('',#1417,#1415,#1743,.T.);
#1104=EDGE_CURVE('',#1416,#1418,#1744,.T.);
#1105=EDGE_CURVE('',#1417,#1418,#1745,.T.);
#1106=EDGE_CURVE('',#1419,#1418,#1746,.T.);
#1107=EDGE_CURVE('',#1420,#1419,#1747,.T.);
#1108=EDGE_CURVE('',#1417,#1420,#1748,.T.);
#1109=EDGE_CURVE('',#1421,#1422,#1749,.T.);
#1110=EDGE_CURVE('',#1423,#1421,#1750,.T.);
#1111=EDGE_CURVE('',#1423,#1424,#1751,.T.);
#1112=EDGE_CURVE('',#1424,#1422,#1752,.T.);
#1113=EDGE_CURVE('',#1425,#1422,#1753,.T.);
#1114=EDGE_CURVE('',#1426,#1424,#1754,.T.);
#1115=EDGE_CURVE('',#1426,#1425,#1755,.T.);
#1116=EDGE_CURVE('',#1427,#1425,#1756,.T.);
#1117=EDGE_CURVE('',#1428,#1426,#1757,.T.);
#1118=EDGE_CURVE('',#1428,#1427,#1758,.T.);
#1119=EDGE_CURVE('',#1429,#1428,#1759,.T.);
#1120=EDGE_CURVE('',#1429,#1430,#1760,.T.);
#1121=EDGE_CURVE('',#1427,#1430,#1761,.T.);
#1122=EDGE_CURVE('',#1431,#1429,#1762,.T.);
#1123=EDGE_CURVE('',#1431,#1432,#1763,.T.);
#1124=EDGE_CURVE('',#1430,#1432,#1764,.T.);
#1125=EDGE_CURVE('',#1433,#1432,#1765,.T.);
#1126=EDGE_CURVE('',#1431,#1434,#1766,.T.);
#1127=EDGE_CURVE('',#1434,#1433,#1767,.T.);
#1128=EDGE_CURVE('',#1435,#1433,#1768,.T.);
#1129=EDGE_CURVE('',#1434,#1436,#1769,.T.);
#1130=EDGE_CURVE('',#1436,#1435,#1770,.T.);
#1131=EDGE_CURVE('',#1437,#1436,#1771,.T.);
#1132=EDGE_CURVE('',#1420,#1437,#1772,.T.);
#1133=EDGE_CURVE('',#1435,#1419,#1773,.T.);
#1134=EDGE_CURVE('',#1437,#1438,#1774,.T.);
#1135=EDGE_CURVE('',#1439,#1438,#1775,.T.);
#1136=EDGE_CURVE('',#1406,#1439,#1776,.T.);
#1137=EDGE_CURVE('',#1382,#1421,#1777,.T.);
#1138=EDGE_CURVE('',#1383,#1439,#1778,.T.);
#1139=EDGE_CURVE('',#1438,#1384,#1779,.T.);
#1140=EDGE_CURVE('',#1423,#1385,#1780,.T.);
#1141=EDGE_CURVE('',#1440,#1386,#1781,.T.);
#1142=EDGE_CURVE('',#1440,#1441,#1782,.T.);
#1143=EDGE_CURVE('',#1441,#1387,#1783,.T.);
#1144=EDGE_CURVE('',#1442,#1389,#1784,.T.);
#1145=EDGE_CURVE('',#1440,#1442,#1785,.T.);
#1146=EDGE_CURVE('',#1443,#1388,#1786,.T.);
#1147=EDGE_CURVE('',#1442,#1443,#1787,.T.);
#1148=EDGE_CURVE('',#1441,#1443,#1788,.T.);
#1149=EDGE_CURVE('',#1444,#1445,#1789,.T.);
#1150=EDGE_CURVE('',#1446,#1444,#1790,.T.);
#1151=EDGE_CURVE('',#1447,#1446,#1791,.T.);
#1152=EDGE_CURVE('',#1447,#1445,#1792,.T.);
#1153=EDGE_CURVE('',#1448,#1449,#1793,.T.);
#1154=EDGE_CURVE('',#1448,#1450,#1794,.T.);
#1155=EDGE_CURVE('',#1450,#1451,#1795,.T.);
#1156=EDGE_CURVE('',#1449,#1451,#1796,.T.);
#1157=EDGE_CURVE('',#1452,#1453,#1797,.T.);
#1158=EDGE_CURVE('',#1454,#1453,#1798,.T.);
#1159=EDGE_CURVE('',#1455,#1454,#1799,.T.);
#1160=EDGE_CURVE('',#1455,#1452,#1800,.T.);
#1161=EDGE_CURVE('',#1456,#1457,#1801,.T.);
#1162=EDGE_CURVE('',#1458,#1457,#1802,.T.);
#1163=EDGE_CURVE('',#1458,#1459,#1803,.T.);
#1164=EDGE_CURVE('',#1456,#1459,#1804,.T.);
#1165=EDGE_CURVE('',#1460,#1458,#1805,.F.);
#1166=EDGE_CURVE('',#1460,#1459,#1806,.T.);
#1167=EDGE_CURVE('',#1461,#1460,#1807,.T.);
#1168=EDGE_CURVE('',#1457,#1461,#1808,.F.);
#1169=EDGE_CURVE('',#1461,#1456,#1809,.T.);
#1170=EDGE_CURVE('',#1453,#1462,#38,.T.);
#1171=EDGE_CURVE('',#1463,#1462,#1810,.T.);
#1172=EDGE_CURVE('',#1454,#1463,#39,.T.);
#1173=EDGE_CURVE('',#1452,#1464,#40,.T.);
#1174=EDGE_CURVE('',#1464,#1462,#1811,.T.);
#1175=EDGE_CURVE('',#1455,#1465,#41,.T.);
#1176=EDGE_CURVE('',#1465,#1464,#1812,.T.);
#1177=EDGE_CURVE('',#1465,#1463,#1813,.T.);
#1178=EDGE_CURVE('',#1466,#1467,#1814,.T.);
#1179=EDGE_CURVE('',#1467,#1468,#1815,.T.);
#1180=EDGE_CURVE('',#1468,#1466,#1816,.T.);
#1181=EDGE_CURVE('',#1469,#1466,#1817,.T.);
#1182=EDGE_CURVE('',#1469,#1470,#1818,.T.);
#1183=EDGE_CURVE('',#1467,#1470,#1819,.T.);
#1184=EDGE_CURVE('',#1471,#1469,#1820,.T.);
#1185=EDGE_CURVE('',#1471,#1472,#1821,.T.);
#1186=EDGE_CURVE('',#1470,#1472,#1822,.T.);
#1187=EDGE_CURVE('',#1471,#1473,#1823,.T.);
#1188=EDGE_CURVE('',#1473,#1474,#1824,.T.);
#1189=EDGE_CURVE('',#1474,#1472,#1825,.T.);
#1190=EDGE_CURVE('',#1473,#1475,#1826,.T.);
#1191=EDGE_CURVE('',#1475,#1476,#1827,.T.);
#1192=EDGE_CURVE('',#1476,#1474,#1828,.T.);
#1193=EDGE_CURVE('',#1477,#1475,#1829,.T.);
#1194=EDGE_CURVE('',#1477,#1478,#1830,.T.);
#1195=EDGE_CURVE('',#1476,#1478,#1831,.T.);
#1196=EDGE_CURVE('',#1479,#1477,#1832,.T.);
#1197=EDGE_CURVE('',#1479,#1480,#1833,.T.);
#1198=EDGE_CURVE('',#1478,#1480,#1834,.T.);
#1199=EDGE_CURVE('',#1479,#1481,#1835,.T.);
#1200=EDGE_CURVE('',#1481,#1482,#1836,.T.);
#1201=EDGE_CURVE('',#1482,#1480,#1837,.T.);
#1202=EDGE_CURVE('',#1483,#1484,#1838,.T.);
#1203=EDGE_CURVE('',#1485,#1484,#1839,.T.);
#1204=EDGE_CURVE('',#1486,#1485,#1840,.T.);
#1205=EDGE_CURVE('',#1486,#1483,#1841,.T.);
#1206=EDGE_CURVE('',#1487,#1484,#1842,.T.);
#1207=EDGE_CURVE('',#1488,#1487,#1843,.T.);
#1208=EDGE_CURVE('',#1488,#1485,#1844,.T.);
#1209=EDGE_CURVE('',#1489,#1487,#1845,.T.);
#1210=EDGE_CURVE('',#1490,#1489,#1846,.T.);
#1211=EDGE_CURVE('',#1490,#1488,#1847,.T.);
#1212=EDGE_CURVE('',#1491,#1490,#1848,.T.);
#1213=EDGE_CURVE('',#1489,#1492,#1849,.T.);
#1214=EDGE_CURVE('',#1491,#1492,#1850,.T.);
#1215=EDGE_CURVE('',#1492,#1493,#1851,.T.);
#1216=EDGE_CURVE('',#1494,#1493,#1852,.T.);
#1217=EDGE_CURVE('',#1494,#1491,#1853,.T.);
#1218=EDGE_CURVE('',#1495,#1493,#1854,.T.);
#1219=EDGE_CURVE('',#1496,#1495,#1855,.T.);
#1220=EDGE_CURVE('',#1494,#1496,#1856,.T.);
#1221=EDGE_CURVE('',#1497,#1495,#1857,.T.);
#1222=EDGE_CURVE('',#1498,#1497,#1858,.T.);
#1223=EDGE_CURVE('',#1496,#1498,#1859,.T.);
#1224=EDGE_CURVE('',#1497,#1482,#1860,.T.);
#1225=EDGE_CURVE('',#1481,#1499,#1861,.T.);
#1226=EDGE_CURVE('',#1499,#1498,#1862,.T.);
#1227=EDGE_CURVE('',#1468,#1500,#1863,.T.);
#1228=EDGE_CURVE('',#1500,#1501,#1864,.T.);
#1229=EDGE_CURVE('',#1499,#1501,#1865,.T.);
#1230=EDGE_CURVE('',#1445,#1500,#1866,.T.);
#1231=EDGE_CURVE('',#1444,#1483,#1867,.T.);
#1232=EDGE_CURVE('',#1486,#1446,#1868,.T.);
#1233=EDGE_CURVE('',#1501,#1447,#1869,.T.);
#1234=EDGE_CURVE('',#1502,#1449,#1870,.T.);
#1235=EDGE_CURVE('',#1503,#1502,#1871,.T.);
#1236=EDGE_CURVE('',#1503,#1448,#1872,.T.);
#1237=EDGE_CURVE('',#1503,#1504,#1873,.T.);
#1238=EDGE_CURVE('',#1504,#1450,#1874,.T.);
#1239=EDGE_CURVE('',#1504,#1505,#1875,.T.);
#1240=EDGE_CURVE('',#1505,#1451,#1876,.T.);
#1241=EDGE_CURVE('',#1502,#1505,#1877,.T.);
#1242=VERTEX_POINT('',#3848);
#1243=VERTEX_POINT('',#3849);
#1244=VERTEX_POINT('',#3851);
#1245=VERTEX_POINT('',#3853);
#1246=VERTEX_POINT('',#3856);
#1247=VERTEX_POINT('',#3857);
#1248=VERTEX_POINT('',#3859);
#1249=VERTEX_POINT('',#3861);
#1250=VERTEX_POINT('',#3865);
#1251=VERTEX_POINT('',#3866);
#1252=VERTEX_POINT('',#3868);
#1253=VERTEX_POINT('',#3870);
#1254=VERTEX_POINT('',#3873);
#1255=VERTEX_POINT('',#3874);
#1256=VERTEX_POINT('',#3876);
#1257=VERTEX_POINT('',#3878);
#1258=VERTEX_POINT('',#3882);
#1259=VERTEX_POINT('',#3883);
#1260=VERTEX_POINT('',#3885);
#1261=VERTEX_POINT('',#3887);
#1262=VERTEX_POINT('',#3890);
#1263=VERTEX_POINT('',#3891);
#1264=VERTEX_POINT('',#3893);
#1265=VERTEX_POINT('',#3895);
#1266=VERTEX_POINT('',#3901);
#1267=VERTEX_POINT('',#3903);
#1268=VERTEX_POINT('',#3907);
#1269=VERTEX_POINT('',#3909);
#1270=VERTEX_POINT('',#3911);
#1271=VERTEX_POINT('',#3913);
#1272=VERTEX_POINT('',#3915);
#1273=VERTEX_POINT('',#3917);
#1274=VERTEX_POINT('',#3919);
#1275=VERTEX_POINT('',#3921);
#1276=VERTEX_POINT('',#3923);
#1277=VERTEX_POINT('',#3925);
#1278=VERTEX_POINT('',#3927);
#1279=VERTEX_POINT('',#3929);
#1280=VERTEX_POINT('',#3931);
#1281=VERTEX_POINT('',#3933);
#1282=VERTEX_POINT('',#3935);
#1283=VERTEX_POINT('',#3939);
#1284=VERTEX_POINT('',#3941);
#1285=VERTEX_POINT('',#3943);
#1286=VERTEX_POINT('',#3945);
#1287=VERTEX_POINT('',#3947);
#1288=VERTEX_POINT('',#3949);
#1289=VERTEX_POINT('',#3951);
#1290=VERTEX_POINT('',#3955);
#1291=VERTEX_POINT('',#3959);
#1292=VERTEX_POINT('',#3963);
#1293=VERTEX_POINT('',#3967);
#1294=VERTEX_POINT('',#3971);
#1295=VERTEX_POINT('',#3975);
#1296=VERTEX_POINT('',#3996);
#1297=VERTEX_POINT('',#3997);
#1298=VERTEX_POINT('',#3999);
#1299=VERTEX_POINT('',#4001);
#1300=VERTEX_POINT('',#4013);
#1301=VERTEX_POINT('',#4014);
#1302=VERTEX_POINT('',#4016);
#1303=VERTEX_POINT('',#4018);
#1304=VERTEX_POINT('',#4030);
#1305=VERTEX_POINT('',#4032);
#1306=VERTEX_POINT('',#4036);
#1307=VERTEX_POINT('',#4040);
#1308=VERTEX_POINT('',#4047);
#1309=VERTEX_POINT('',#4049);
#1310=VERTEX_POINT('',#4053);
#1311=VERTEX_POINT('',#4057);
#1312=VERTEX_POINT('',#4065);
#1313=VERTEX_POINT('',#4066);
#1314=VERTEX_POINT('',#4068);
#1315=VERTEX_POINT('',#4070);
#1316=VERTEX_POINT('',#4073);
#1317=VERTEX_POINT('',#4074);
#1318=VERTEX_POINT('',#4076);
#1319=VERTEX_POINT('',#4078);
#1320=VERTEX_POINT('',#4082);
#1321=VERTEX_POINT('',#4083);
#1322=VERTEX_POINT('',#4085);
#1323=VERTEX_POINT('',#4087);
#1324=VERTEX_POINT('',#4090);
#1325=VERTEX_POINT('',#4091);
#1326=VERTEX_POINT('',#4093);
#1327=VERTEX_POINT('',#4095);
#1328=VERTEX_POINT('',#4099);
#1329=VERTEX_POINT('',#4100);
#1330=VERTEX_POINT('',#4102);
#1331=VERTEX_POINT('',#4104);
#1332=VERTEX_POINT('',#4107);
#1333=VERTEX_POINT('',#4108);
#1334=VERTEX_POINT('',#4110);
#1335=VERTEX_POINT('',#4112);
#1336=VERTEX_POINT('',#4118);
#1337=VERTEX_POINT('',#4120);
#1338=VERTEX_POINT('',#4124);
#1339=VERTEX_POINT('',#4126);
#1340=VERTEX_POINT('',#4128);
#1341=VERTEX_POINT('',#4130);
#1342=VERTEX_POINT('',#4132);
#1343=VERTEX_POINT('',#4134);
#1344=VERTEX_POINT('',#4136);
#1345=VERTEX_POINT('',#4138);
#1346=VERTEX_POINT('',#4140);
#1347=VERTEX_POINT('',#4142);
#1348=VERTEX_POINT('',#4144);
#1349=VERTEX_POINT('',#4146);
#1350=VERTEX_POINT('',#4148);
#1351=VERTEX_POINT('',#4150);
#1352=VERTEX_POINT('',#4152);
#1353=VERTEX_POINT('',#4156);
#1354=VERTEX_POINT('',#4158);
#1355=VERTEX_POINT('',#4160);
#1356=VERTEX_POINT('',#4162);
#1357=VERTEX_POINT('',#4164);
#1358=VERTEX_POINT('',#4166);
#1359=VERTEX_POINT('',#4168);
#1360=VERTEX_POINT('',#4172);
#1361=VERTEX_POINT('',#4176);
#1362=VERTEX_POINT('',#4180);
#1363=VERTEX_POINT('',#4184);
#1364=VERTEX_POINT('',#4188);
#1365=VERTEX_POINT('',#4192);
#1366=VERTEX_POINT('',#4213);
#1367=VERTEX_POINT('',#4214);
#1368=VERTEX_POINT('',#4216);
#1369=VERTEX_POINT('',#4218);
#1370=VERTEX_POINT('',#4230);
#1371=VERTEX_POINT('',#4231);
#1372=VERTEX_POINT('',#4233);
#1373=VERTEX_POINT('',#4235);
#1374=VERTEX_POINT('',#4247);
#1375=VERTEX_POINT('',#4249);
#1376=VERTEX_POINT('',#4253);
#1377=VERTEX_POINT('',#4257);
#1378=VERTEX_POINT('',#4264);
#1379=VERTEX_POINT('',#4266);
#1380=VERTEX_POINT('',#4270);
#1381=VERTEX_POINT('',#4274);
#1382=VERTEX_POINT('',#4282);
#1383=VERTEX_POINT('',#4283);
#1384=VERTEX_POINT('',#4285);
#1385=VERTEX_POINT('',#4287);
#1386=VERTEX_POINT('',#4290);
#1387=VERTEX_POINT('',#4291);
#1388=VERTEX_POINT('',#4293);
#1389=VERTEX_POINT('',#4295);
#1390=VERTEX_POINT('',#4299);
#1391=VERTEX_POINT('',#4300);
#1392=VERTEX_POINT('',#4302);
#1393=VERTEX_POINT('',#4304);
#1394=VERTEX_POINT('',#4308);
#1395=VERTEX_POINT('',#4309);
#1396=VERTEX_POINT('',#4311);
#1397=VERTEX_POINT('',#4313);
#1398=VERTEX_POINT('',#4317);
#1399=VERTEX_POINT('',#4321);
#1400=VERTEX_POINT('',#4327);
#1401=VERTEX_POINT('',#4329);
#1402=VERTEX_POINT('',#4333);
#1403=VERTEX_POINT('',#4337);
#1404=VERTEX_POINT('',#4343);
#1405=VERTEX_POINT('',#4344);
#1406=VERTEX_POINT('',#4346);
#1407=VERTEX_POINT('',#4350);
#1408=VERTEX_POINT('',#4352);
#1409=VERTEX_POINT('',#4356);
#1410=VERTEX_POINT('',#4358);
#1411=VERTEX_POINT('',#4362);
#1412=VERTEX_POINT('',#4364);
#1413=VERTEX_POINT('',#4368);
#1414=VERTEX_POINT('',#4370);
#1415=VERTEX_POINT('',#4374);
#1416=VERTEX_POINT('',#4376);
#1417=VERTEX_POINT('',#4380);
#1418=VERTEX_POINT('',#4382);
#1419=VERTEX_POINT('',#4386);
#1420=VERTEX_POINT('',#4388);
#1421=VERTEX_POINT('',#4392);
#1422=VERTEX_POINT('',#4393);
#1423=VERTEX_POINT('',#4395);
#1424=VERTEX_POINT('',#4397);
#1425=VERTEX_POINT('',#4401);
#1426=VERTEX_POINT('',#4403);
#1427=VERTEX_POINT('',#4407);
#1428=VERTEX_POINT('',#4409);
#1429=VERTEX_POINT('',#4413);
#1430=VERTEX_POINT('',#4415);
#1431=VERTEX_POINT('',#4419);
#1432=VERTEX_POINT('',#4421);
#1433=VERTEX_POINT('',#4425);
#1434=VERTEX_POINT('',#4427);
#1435=VERTEX_POINT('',#4431);
#1436=VERTEX_POINT('',#4433);
#1437=VERTEX_POINT('',#4437);
#1438=VERTEX_POINT('',#4442);
#1439=VERTEX_POINT('',#4444);
#1440=VERTEX_POINT('',#4456);
#1441=VERTEX_POINT('',#4458);
#1442=VERTEX_POINT('',#4462);
#1443=VERTEX_POINT('',#4466);
#1444=VERTEX_POINT('',#4474);
#1445=VERTEX_POINT('',#4475);
#1446=VERTEX_POINT('',#4477);
#1447=VERTEX_POINT('',#4479);
#1448=VERTEX_POINT('',#4482);
#1449=VERTEX_POINT('',#4483);
#1450=VERTEX_POINT('',#4485);
#1451=VERTEX_POINT('',#4487);
#1452=VERTEX_POINT('',#4491);
#1453=VERTEX_POINT('',#4492);
#1454=VERTEX_POINT('',#4494);
#1455=VERTEX_POINT('',#4496);
#1456=VERTEX_POINT('',#4500);
#1457=VERTEX_POINT('',#4501);
#1458=VERTEX_POINT('',#4503);
#1459=VERTEX_POINT('',#4505);
#1460=VERTEX_POINT('',#4509);
#1461=VERTEX_POINT('',#4513);
#1462=VERTEX_POINT('',#4519);
#1463=VERTEX_POINT('',#4521);
#1464=VERTEX_POINT('',#4525);
#1465=VERTEX_POINT('',#4529);
#1466=VERTEX_POINT('',#4535);
#1467=VERTEX_POINT('',#4536);
#1468=VERTEX_POINT('',#4538);
#1469=VERTEX_POINT('',#4542);
#1470=VERTEX_POINT('',#4544);
#1471=VERTEX_POINT('',#4548);
#1472=VERTEX_POINT('',#4550);
#1473=VERTEX_POINT('',#4554);
#1474=VERTEX_POINT('',#4556);
#1475=VERTEX_POINT('',#4560);
#1476=VERTEX_POINT('',#4562);
#1477=VERTEX_POINT('',#4566);
#1478=VERTEX_POINT('',#4568);
#1479=VERTEX_POINT('',#4572);
#1480=VERTEX_POINT('',#4574);
#1481=VERTEX_POINT('',#4578);
#1482=VERTEX_POINT('',#4580);
#1483=VERTEX_POINT('',#4584);
#1484=VERTEX_POINT('',#4585);
#1485=VERTEX_POINT('',#4587);
#1486=VERTEX_POINT('',#4589);
#1487=VERTEX_POINT('',#4593);
#1488=VERTEX_POINT('',#4595);
#1489=VERTEX_POINT('',#4599);
#1490=VERTEX_POINT('',#4601);
#1491=VERTEX_POINT('',#4605);
#1492=VERTEX_POINT('',#4607);
#1493=VERTEX_POINT('',#4611);
#1494=VERTEX_POINT('',#4613);
#1495=VERTEX_POINT('',#4617);
#1496=VERTEX_POINT('',#4619);
#1497=VERTEX_POINT('',#4623);
#1498=VERTEX_POINT('',#4625);
#1499=VERTEX_POINT('',#4630);
#1500=VERTEX_POINT('',#4634);
#1501=VERTEX_POINT('',#4636);
#1502=VERTEX_POINT('',#4648);
#1503=VERTEX_POINT('',#4650);
#1504=VERTEX_POINT('',#4654);
#1505=VERTEX_POINT('',#4658);
#1506=LINE('',#3847,#1878);
#1507=LINE('',#3850,#1879);
#1508=LINE('',#3852,#1880);
#1509=LINE('',#3854,#1881);
#1510=LINE('',#3855,#1882);
#1511=LINE('',#3858,#1883);
#1512=LINE('',#3860,#1884);
#1513=LINE('',#3862,#1885);
#1514=LINE('',#3864,#1886);
#1515=LINE('',#3867,#1887);
#1516=LINE('',#3869,#1888);
#1517=LINE('',#3871,#1889);
#1518=LINE('',#3872,#1890);
#1519=LINE('',#3875,#1891);
#1520=LINE('',#3877,#1892);
#1521=LINE('',#3879,#1893);
#1522=LINE('',#3881,#1894);
#1523=LINE('',#3884,#1895);
#1524=LINE('',#3886,#1896);
#1525=LINE('',#3888,#1897);
#1526=LINE('',#3889,#1898);
#1527=LINE('',#3892,#1899);
#1528=LINE('',#3894,#1900);
#1529=LINE('',#3896,#1901);
#1530=LINE('',#3897,#1902);
#1531=LINE('',#3898,#1903);
#1532=LINE('',#3900,#1904);
#1533=LINE('',#3902,#1905);
#1534=LINE('',#3904,#1906);
#1535=LINE('',#3906,#1907);
#1536=LINE('',#3908,#1908);
#1537=LINE('',#3910,#1909);
#1538=LINE('',#3912,#1910);
#1539=LINE('',#3914,#1911);
#1540=LINE('',#3916,#1912);
#1541=LINE('',#3918,#1913);
#1542=LINE('',#3920,#1914);
#1543=LINE('',#3922,#1915);
#1544=LINE('',#3924,#1916);
#1545=LINE('',#3926,#1917);
#1546=LINE('',#3928,#1918);
#1547=LINE('',#3930,#1919);
#1548=LINE('',#3932,#1920);
#1549=LINE('',#3934,#1921);
#1550=LINE('',#3936,#1922);
#1551=LINE('',#3938,#1923);
#1552=LINE('',#3940,#1924);
#1553=LINE('',#3942,#1925);
#1554=LINE('',#3944,#1926);
#1555=LINE('',#3946,#1927);
#1556=LINE('',#3948,#1928);
#1557=LINE('',#3950,#1929);
#1558=LINE('',#3952,#1930);
#1559=LINE('',#3954,#1931);
#1560=LINE('',#3956,#1932);
#1561=LINE('',#3958,#1933);
#1562=LINE('',#3960,#1934);
#1563=LINE('',#3962,#1935);
#1564=LINE('',#3964,#1936);
#1565=LINE('',#3966,#1937);
#1566=LINE('',#3968,#1938);
#1567=LINE('',#3970,#1939);
#1568=LINE('',#3972,#1940);
#1569=LINE('',#3974,#1941);
#1570=LINE('',#3976,#1942);
#1571=LINE('',#3978,#1943);
#1572=LINE('',#3979,#1944);
#1573=LINE('',#3981,#1945);
#1574=LINE('',#3983,#1946);
#1575=LINE('',#3984,#1947);
#1576=LINE('',#3986,#1948);
#1577=LINE('',#3987,#1949);
#1578=LINE('',#3988,#1950);
#1579=LINE('',#3995,#1951);
#1580=LINE('',#3998,#1952);
#1581=LINE('',#4000,#1953);
#1582=LINE('',#4002,#1954);
#1583=LINE('',#4012,#1955);
#1584=LINE('',#4015,#1956);
#1585=LINE('',#4017,#1957);
#1586=LINE('',#4019,#1958);
#1587=LINE('',#4029,#1959);
#1588=LINE('',#4031,#1960);
#1589=LINE('',#4033,#1961);
#1590=LINE('',#4035,#1962);
#1591=LINE('',#4037,#1963);
#1592=LINE('',#4039,#1964);
#1593=LINE('',#4041,#1965);
#1594=LINE('',#4043,#1966);
#1595=LINE('',#4046,#1967);
#1596=LINE('',#4048,#1968);
#1597=LINE('',#4050,#1969);
#1598=LINE('',#4052,#1970);
#1599=LINE('',#4054,#1971);
#1600=LINE('',#4056,#1972);
#1601=LINE('',#4058,#1973);
#1602=LINE('',#4060,#1974);
#1603=LINE('',#4064,#1975);
#1604=LINE('',#4067,#1976);
#1605=LINE('',#4069,#1977);
#1606=LINE('',#4071,#1978);
#1607=LINE('',#4072,#1979);
#1608=LINE('',#4075,#1980);
#1609=LINE('',#4077,#1981);
#1610=LINE('',#4079,#1982);
#1611=LINE('',#4081,#1983);
#1612=LINE('',#4084,#1984);
#1613=LINE('',#4086,#1985);
#1614=LINE('',#4088,#1986);
#1615=LINE('',#4089,#1987);
#1616=LINE('',#4092,#1988);
#1617=LINE('',#4094,#1989);
#1618=LINE('',#4096,#1990);
#1619=LINE('',#4098,#1991);
#1620=LINE('',#4101,#1992);
#1621=LINE('',#4103,#1993);
#1622=LINE('',#4105,#1994);
#1623=LINE('',#4106,#1995);
#1624=LINE('',#4109,#1996);
#1625=LINE('',#4111,#1997);
#1626=LINE('',#4113,#1998);
#1627=LINE('',#4114,#1999);
#1628=LINE('',#4115,#2000);
#1629=LINE('',#4117,#2001);
#1630=LINE('',#4119,#2002);
#1631=LINE('',#4121,#2003);
#1632=LINE('',#4123,#2004);
#1633=LINE('',#4125,#2005);
#1634=LINE('',#4127,#2006);
#1635=LINE('',#4129,#2007);
#1636=LINE('',#4131,#2008);
#1637=LINE('',#4133,#2009);
#1638=LINE('',#4135,#2010);
#1639=LINE('',#4137,#2011);
#1640=LINE('',#4139,#2012);
#1641=LINE('',#4141,#2013);
#1642=LINE('',#4143,#2014);
#1643=LINE('',#4145,#2015);
#1644=LINE('',#4147,#2016);
#1645=LINE('',#4149,#2017);
#1646=LINE('',#4151,#2018);
#1647=LINE('',#4153,#2019);
#1648=LINE('',#4155,#2020);
#1649=LINE('',#4157,#2021);
#1650=LINE('',#4159,#2022);
#1651=LINE('',#4161,#2023);
#1652=LINE('',#4163,#2024);
#1653=LINE('',#4165,#2025);
#1654=LINE('',#4167,#2026);
#1655=LINE('',#4169,#2027);
#1656=LINE('',#4171,#2028);
#1657=LINE('',#4173,#2029);
#1658=LINE('',#4175,#2030);
#1659=LINE('',#4177,#2031);
#1660=LINE('',#4179,#2032);
#1661=LINE('',#4181,#2033);
#1662=LINE('',#4183,#2034);
#1663=LINE('',#4185,#2035);
#1664=LINE('',#4187,#2036);
#1665=LINE('',#4189,#2037);
#1666=LINE('',#4191,#2038);
#1667=LINE('',#4193,#2039);
#1668=LINE('',#4195,#2040);
#1669=LINE('',#4196,#2041);
#1670=LINE('',#4198,#2042);
#1671=LINE('',#4200,#2043);
#1672=LINE('',#4201,#2044);
#1673=LINE('',#4203,#2045);
#1674=LINE('',#4204,#2046);
#1675=LINE('',#4205,#2047);
#1676=LINE('',#4212,#2048);
#1677=LINE('',#4215,#2049);
#1678=LINE('',#4217,#2050);
#1679=LINE('',#4219,#2051);
#1680=LINE('',#4229,#2052);
#1681=LINE('',#4232,#2053);
#1682=LINE('',#4234,#2054);
#1683=LINE('',#4236,#2055);
#1684=LINE('',#4246,#2056);
#1685=LINE('',#4248,#2057);
#1686=LINE('',#4250,#2058);
#1687=LINE('',#4252,#2059);
#1688=LINE('',#4254,#2060);
#1689=LINE('',#4256,#2061);
#1690=LINE('',#4258,#2062);
#1691=LINE('',#4260,#2063);
#1692=LINE('',#4263,#2064);
#1693=LINE('',#4265,#2065);
#1694=LINE('',#4267,#2066);
#1695=LINE('',#4269,#2067);
#1696=LINE('',#4271,#2068);
#1697=LINE('',#4273,#2069);
#1698=LINE('',#4275,#2070);
#1699=LINE('',#4277,#2071);
#1700=LINE('',#4281,#2072);
#1701=LINE('',#4284,#2073);
#1702=LINE('',#4286,#2074);
#1703=LINE('',#4288,#2075);
#1704=LINE('',#4289,#2076);
#1705=LINE('',#4292,#2077);
#1706=LINE('',#4294,#2078);
#1707=LINE('',#4296,#2079);
#1708=LINE('',#4298,#2080);
#1709=LINE('',#4301,#2081);
#1710=LINE('',#4303,#2082);
#1711=LINE('',#4305,#2083);
#1712=LINE('',#4307,#2084);
#1713=LINE('',#4310,#2085);
#1714=LINE('',#4312,#2086);
#1715=LINE('',#4314,#2087);
#1716=LINE('',#4316,#2088);
#1717=LINE('',#4318,#2089);
#1718=LINE('',#4320,#2090);
#1719=LINE('',#4322,#2091);
#1720=LINE('',#4324,#2092);
#1721=LINE('',#4330,#2093);
#1722=LINE('',#4332,#2094);
#1723=LINE('',#4336,#2095);
#1724=LINE('',#4340,#2096);
#1725=LINE('',#4342,#2097);
#1726=LINE('',#4345,#2098);
#1727=LINE('',#4347,#2099);
#1728=LINE('',#4349,#2100);
#1729=LINE('',#4351,#2101);
#1730=LINE('',#4353,#2102);
#1731=LINE('',#4355,#2103);
#1732=LINE('',#4357,#2104);
#1733=LINE('',#4359,#2105);
#1734=LINE('',#4361,#2106);
#1735=LINE('',#4363,#2107);
#1736=LINE('',#4365,#2108);
#1737=LINE('',#4367,#2109);
#1738=LINE('',#4369,#2110);
#1739=LINE('',#4371,#2111);
#1740=LINE('',#4373,#2112);
#1741=LINE('',#4375,#2113);
#1742=LINE('',#4377,#2114);
#1743=LINE('',#4379,#2115);
#1744=LINE('',#4381,#2116);
#1745=LINE('',#4383,#2117);
#1746=LINE('',#4385,#2118);
#1747=LINE('',#4387,#2119);
#1748=LINE('',#4389,#2120);
#1749=LINE('',#4391,#2121);
#1750=LINE('',#4394,#2122);
#1751=LINE('',#4396,#2123);
#1752=LINE('',#4398,#2124);
#1753=LINE('',#4400,#2125);
#1754=LINE('',#4402,#2126);
#1755=LINE('',#4404,#2127);
#1756=LINE('',#4406,#2128);
#1757=LINE('',#4408,#2129);
#1758=LINE('',#4410,#2130);
#1759=LINE('',#4412,#2131);
#1760=LINE('',#4414,#2132);
#1761=LINE('',#4416,#2133);
#1762=LINE('',#4418,#2134);
#1763=LINE('',#4420,#2135);
#1764=LINE('',#4422,#2136);
#1765=LINE('',#4424,#2137);
#1766=LINE('',#4426,#2138);
#1767=LINE('',#4428,#2139);
#1768=LINE('',#4430,#2140);
#1769=LINE('',#4432,#2141);
#1770=LINE('',#4434,#2142);
#1771=LINE('',#4436,#2143);
#1772=LINE('',#4438,#2144);
#1773=LINE('',#4439,#2145);
#1774=LINE('',#4441,#2146);
#1775=LINE('',#4443,#2147);
#1776=LINE('',#4445,#2148);
#1777=LINE('',#4447,#2149);
#1778=LINE('',#4448,#2150);
#1779=LINE('',#4450,#2151);
#1780=LINE('',#4451,#2152);
#1781=LINE('',#4455,#2153);
#1782=LINE('',#4457,#2154);
#1783=LINE('',#4459,#2155);
#1784=LINE('',#4461,#2156);
#1785=LINE('',#4463,#2157);
#1786=LINE('',#4465,#2158);
#1787=LINE('',#4467,#2159);
#1788=LINE('',#4469,#2160);
#1789=LINE('',#4473,#2161);
#1790=LINE('',#4476,#2162);
#1791=LINE('',#4478,#2163);
#1792=LINE('',#4480,#2164);
#1793=LINE('',#4481,#2165);
#1794=LINE('',#4484,#2166);
#1795=LINE('',#4486,#2167);
#1796=LINE('',#4488,#2168);
#1797=LINE('',#4490,#2169);
#1798=LINE('',#4493,#2170);
#1799=LINE('',#4495,#2171);
#1800=LINE('',#4497,#2172);
#1801=LINE('',#4499,#2173);
#1802=LINE('',#4502,#2174);
#1803=LINE('',#4504,#2175);
#1804=LINE('',#4506,#2176);
#1805=LINE('',#4508,#2177);
#1806=LINE('',#4510,#2178);
#1807=LINE('',#4512,#2179);
#1808=LINE('',#4514,#2180);
#1809=LINE('',#4516,#2181);
#1810=LINE('',#4520,#2182);
#1811=LINE('',#4526,#2183);
#1812=LINE('',#4530,#2184);
#1813=LINE('',#4532,#2185);
#1814=LINE('',#4534,#2186);
#1815=LINE('',#4537,#2187);
#1816=LINE('',#4539,#2188);
#1817=LINE('',#4541,#2189);
#1818=LINE('',#4543,#2190);
#1819=LINE('',#4545,#2191);
#1820=LINE('',#4547,#2192);
#1821=LINE('',#4549,#2193);
#1822=LINE('',#4551,#2194);
#1823=LINE('',#4553,#2195);
#1824=LINE('',#4555,#2196);
#1825=LINE('',#4557,#2197);
#1826=LINE('',#4559,#2198);
#1827=LINE('',#4561,#2199);
#1828=LINE('',#4563,#2200);
#1829=LINE('',#4565,#2201);
#1830=LINE('',#4567,#2202);
#1831=LINE('',#4569,#2203);
#1832=LINE('',#4571,#2204);
#1833=LINE('',#4573,#2205);
#1834=LINE('',#4575,#2206);
#1835=LINE('',#4577,#2207);
#1836=LINE('',#4579,#2208);
#1837=LINE('',#4581,#2209);
#1838=LINE('',#4583,#2210);
#1839=LINE('',#4586,#2211);
#1840=LINE('',#4588,#2212);
#1841=LINE('',#4590,#2213);
#1842=LINE('',#4592,#2214);
#1843=LINE('',#4594,#2215);
#1844=LINE('',#4596,#2216);
#1845=LINE('',#4598,#2217);
#1846=LINE('',#4600,#2218);
#1847=LINE('',#4602,#2219);
#1848=LINE('',#4604,#2220);
#1849=LINE('',#4606,#2221);
#1850=LINE('',#4608,#2222);
#1851=LINE('',#4610,#2223);
#1852=LINE('',#4612,#2224);
#1853=LINE('',#4614,#2225);
#1854=LINE('',#4616,#2226);
#1855=LINE('',#4618,#2227);
#1856=LINE('',#4620,#2228);
#1857=LINE('',#4622,#2229);
#1858=LINE('',#4624,#2230);
#1859=LINE('',#4626,#2231);
#1860=LINE('',#4628,#2232);
#1861=LINE('',#4629,#2233);
#1862=LINE('',#4631,#2234);
#1863=LINE('',#4633,#2235);
#1864=LINE('',#4635,#2236);
#1865=LINE('',#4637,#2237);
#1866=LINE('',#4639,#2238);
#1867=LINE('',#4640,#2239);
#1868=LINE('',#4642,#2240);
#1869=LINE('',#4643,#2241);
#1870=LINE('',#4647,#2242);
#1871=LINE('',#4649,#2243);
#1872=LINE('',#4651,#2244);
#1873=LINE('',#4653,#2245);
#1874=LINE('',#4655,#2246);
#1875=LINE('',#4657,#2247);
#1876=LINE('',#4659,#2248);
#1877=LINE('',#4661,#2249);
#1878=VECTOR('',#3113,1.);
#1879=VECTOR('',#3114,1.);
#1880=VECTOR('',#3115,1.);
#1881=VECTOR('',#3116,1.);
#1882=VECTOR('',#3117,1.);
#1883=VECTOR('',#3118,1.);
#1884=VECTOR('',#3119,1.);
#1885=VECTOR('',#3120,1.);
#1886=VECTOR('',#3123,1.);
#1887=VECTOR('',#3124,1.);
#1888=VECTOR('',#3125,1.);
#1889=VECTOR('',#3126,1.);
#1890=VECTOR('',#3127,1.);
#1891=VECTOR('',#3128,1.);
#1892=VECTOR('',#3129,1.);
#1893=VECTOR('',#3130,1.);
#1894=VECTOR('',#3133,1.);
#1895=VECTOR('',#3134,1.);
#1896=VECTOR('',#3135,1.);
#1897=VECTOR('',#3136,1.);
#1898=VECTOR('',#3137,1.);
#1899=VECTOR('',#3138,1.);
#1900=VECTOR('',#3139,1.);
#1901=VECTOR('',#3140,1.);
#1902=VECTOR('',#3141,1.);
#1903=VECTOR('',#3142,1.);
#1904=VECTOR('',#3145,1.);
#1905=VECTOR('',#3146,1.);
#1906=VECTOR('',#3147,1.);
#1907=VECTOR('',#3150,1.);
#1908=VECTOR('',#3151,1.);
#1909=VECTOR('',#3152,1.);
#1910=VECTOR('',#3153,1.);
#1911=VECTOR('',#3154,1.);
#1912=VECTOR('',#3155,1.);
#1913=VECTOR('',#3156,1.);
#1914=VECTOR('',#3157,1.);
#1915=VECTOR('',#3158,1.);
#1916=VECTOR('',#3159,1.);
#1917=VECTOR('',#3160,1.);
#1918=VECTOR('',#3161,1.);
#1919=VECTOR('',#3162,1.);
#1920=VECTOR('',#3163,1.);
#1921=VECTOR('',#3164,1.);
#1922=VECTOR('',#3165,1.);
#1923=VECTOR('',#3168,1.);
#1924=VECTOR('',#3169,1.);
#1925=VECTOR('',#3170,1.);
#1926=VECTOR('',#3171,1.);
#1927=VECTOR('',#3172,1.);
#1928=VECTOR('',#3173,1.);
#1929=VECTOR('',#3174,1.);
#1930=VECTOR('',#3175,1.);
#1931=VECTOR('',#3178,1.);
#1932=VECTOR('',#3179,1.);
#1933=VECTOR('',#3182,1.);
#1934=VECTOR('',#3183,1.);
#1935=VECTOR('',#3186,1.);
#1936=VECTOR('',#3187,1.);
#1937=VECTOR('',#3190,1.);
#1938=VECTOR('',#3191,1.);
#1939=VECTOR('',#3194,1.);
#1940=VECTOR('',#3195,1.);
#1941=VECTOR('',#3198,1.);
#1942=VECTOR('',#3199,1.);
#1943=VECTOR('',#3202,1.);
#1944=VECTOR('',#3203,1.);
#1945=VECTOR('',#3206,1.);
#1946=VECTOR('',#3209,1.);
#1947=VECTOR('',#3210,1.);
#1948=VECTOR('',#3213,1.);
#1949=VECTOR('',#3214,1.);
#1950=VECTOR('',#3215,1.);
#1951=VECTOR('',#3228,1.);
#1952=VECTOR('',#3229,1.);
#1953=VECTOR('',#3230,1.);
#1954=VECTOR('',#3231,1.);
#1955=VECTOR('',#3250,1.);
#1956=VECTOR('',#3251,1.);
#1957=VECTOR('',#3252,1.);
#1958=VECTOR('',#3253,1.);
#1959=VECTOR('',#3272,1.);
#1960=VECTOR('',#3273,1.);
#1961=VECTOR('',#3274,1.);
#1962=VECTOR('',#3277,1.);
#1963=VECTOR('',#3278,1.);
#1964=VECTOR('',#3281,1.);
#1965=VECTOR('',#3282,1.);
#1966=VECTOR('',#3285,1.);
#1967=VECTOR('',#3290,1.);
#1968=VECTOR('',#3291,1.);
#1969=VECTOR('',#3292,1.);
#1970=VECTOR('',#3295,1.);
#1971=VECTOR('',#3296,1.);
#1972=VECTOR('',#3299,1.);
#1973=VECTOR('',#3300,1.);
#1974=VECTOR('',#3303,1.);
#1975=VECTOR('',#3310,1.);
#1976=VECTOR('',#3311,1.);
#1977=VECTOR('',#3312,1.);
#1978=VECTOR('',#3313,1.);
#1979=VECTOR('',#3314,1.);
#1980=VECTOR('',#3315,1.);
#1981=VECTOR('',#3316,1.);
#1982=VECTOR('',#3317,1.);
#1983=VECTOR('',#3320,1.);
#1984=VECTOR('',#3321,1.);
#1985=VECTOR('',#3322,1.);
#1986=VECTOR('',#3323,1.);
#1987=VECTOR('',#3324,1.);
#1988=VECTOR('',#3325,1.);
#1989=VECTOR('',#3326,1.);
#1990=VECTOR('',#3327,1.);
#1991=VECTOR('',#3330,1.);
#1992=VECTOR('',#3331,1.);
#1993=VECTOR('',#3332,1.);
#1994=VECTOR('',#3333,1.);
#1995=VECTOR('',#3334,1.);
#1996=VECTOR('',#3335,1.);
#1997=VECTOR('',#3336,1.);
#1998=VECTOR('',#3337,1.);
#1999=VECTOR('',#3338,1.);
#2000=VECTOR('',#3339,1.);
#2001=VECTOR('',#3342,1.);
#2002=VECTOR('',#3343,1.);
#2003=VECTOR('',#3344,1.);
#2004=VECTOR('',#3347,1.);
#2005=VECTOR('',#3348,1.);
#2006=VECTOR('',#3349,1.);
#2007=VECTOR('',#3350,1.);
#2008=VECTOR('',#3351,1.);
#2009=VECTOR('',#3352,1.);
#2010=VECTOR('',#3353,1.);
#2011=VECTOR('',#3354,1.);
#2012=VECTOR('',#3355,1.);
#2013=VECTOR('',#3356,1.);
#2014=VECTOR('',#3357,1.);
#2015=VECTOR('',#3358,1.);
#2016=VECTOR('',#3359,1.);
#2017=VECTOR('',#3360,1.);
#2018=VECTOR('',#3361,1.);
#2019=VECTOR('',#3362,1.);
#2020=VECTOR('',#3365,1.);
#2021=VECTOR('',#3366,1.);
#2022=VECTOR('',#3367,1.);
#2023=VECTOR('',#3368,1.);
#2024=VECTOR('',#3369,1.);
#2025=VECTOR('',#3370,1.);
#2026=VECTOR('',#3371,1.);
#2027=VECTOR('',#3372,1.);
#2028=VECTOR('',#3375,1.);
#2029=VECTOR('',#3376,1.);
#2030=VECTOR('',#3379,1.);
#2031=VECTOR('',#3380,1.);
#2032=VECTOR('',#3383,1.);
#2033=VECTOR('',#3384,1.);
#2034=VECTOR('',#3387,1.);
#2035=VECTOR('',#3388,1.);
#2036=VECTOR('',#3391,1.);
#2037=VECTOR('',#3392,1.);
#2038=VECTOR('',#3395,1.);
#2039=VECTOR('',#3396,1.);
#2040=VECTOR('',#3399,1.);
#2041=VECTOR('',#3400,1.);
#2042=VECTOR('',#3403,1.);
#2043=VECTOR('',#3406,1.);
#2044=VECTOR('',#3407,1.);
#2045=VECTOR('',#3410,1.);
#2046=VECTOR('',#3411,1.);
#2047=VECTOR('',#3412,1.);
#2048=VECTOR('',#3425,1.);
#2049=VECTOR('',#3426,1.);
#2050=VECTOR('',#3427,1.);
#2051=VECTOR('',#3428,1.);
#2052=VECTOR('',#3447,1.);
#2053=VECTOR('',#3448,1.);
#2054=VECTOR('',#3449,1.);
#2055=VECTOR('',#3450,1.);
#2056=VECTOR('',#3469,1.);
#2057=VECTOR('',#3470,1.);
#2058=VECTOR('',#3471,1.);
#2059=VECTOR('',#3474,1.);
#2060=VECTOR('',#3475,1.);
#2061=VECTOR('',#3478,1.);
#2062=VECTOR('',#3479,1.);
#2063=VECTOR('',#3482,1.);
#2064=VECTOR('',#3487,1.);
#2065=VECTOR('',#3488,1.);
#2066=VECTOR('',#3489,1.);
#2067=VECTOR('',#3492,1.);
#2068=VECTOR('',#3493,1.);
#2069=VECTOR('',#3496,1.);
#2070=VECTOR('',#3497,1.);
#2071=VECTOR('',#3500,1.);
#2072=VECTOR('',#3507,1.);
#2073=VECTOR('',#3508,1.);
#2074=VECTOR('',#3509,1.);
#2075=VECTOR('',#3510,1.);
#2076=VECTOR('',#3511,1.);
#2077=VECTOR('',#3512,1.);
#2078=VECTOR('',#3513,1.);
#2079=VECTOR('',#3514,1.);
#2080=VECTOR('',#3517,1.);
#2081=VECTOR('',#3518,1.);
#2082=VECTOR('',#3519,1.);
#2083=VECTOR('',#3520,1.);
#2084=VECTOR('',#3523,1.);
#2085=VECTOR('',#3524,1.);
#2086=VECTOR('',#3525,1.);
#2087=VECTOR('',#3526,1.);
#2088=VECTOR('',#3529,1.);
#2089=VECTOR('',#3530,1.);
#2090=VECTOR('',#3533,1.);
#2091=VECTOR('',#3534,1.);
#2092=VECTOR('',#3537,1.);
#2093=VECTOR('',#3544,1.);
#2094=VECTOR('',#3547,1.);
#2095=VECTOR('',#3552,1.);
#2096=VECTOR('',#3557,1.);
#2097=VECTOR('',#3560,1.);
#2098=VECTOR('',#3561,1.);
#2099=VECTOR('',#3562,1.);
#2100=VECTOR('',#3565,1.);
#2101=VECTOR('',#3566,1.);
#2102=VECTOR('',#3567,1.);
#2103=VECTOR('',#3570,1.);
#2104=VECTOR('',#3571,1.);
#2105=VECTOR('',#3572,1.);
#2106=VECTOR('',#3575,1.);
#2107=VECTOR('',#3576,1.);
#2108=VECTOR('',#3577,1.);
#2109=VECTOR('',#3580,1.);
#2110=VECTOR('',#3581,1.);
#2111=VECTOR('',#3582,1.);
#2112=VECTOR('',#3585,1.);
#2113=VECTOR('',#3586,1.);
#2114=VECTOR('',#3587,1.);
#2115=VECTOR('',#3590,1.);
#2116=VECTOR('',#3591,1.);
#2117=VECTOR('',#3592,1.);
#2118=VECTOR('',#3595,1.);
#2119=VECTOR('',#3596,1.);
#2120=VECTOR('',#3597,1.);
#2121=VECTOR('',#3600,1.);
#2122=VECTOR('',#3601,1.);
#2123=VECTOR('',#3602,1.);
#2124=VECTOR('',#3603,1.);
#2125=VECTOR('',#3606,1.);
#2126=VECTOR('',#3607,1.);
#2127=VECTOR('',#3608,1.);
#2128=VECTOR('',#3611,1.);
#2129=VECTOR('',#3612,1.);
#2130=VECTOR('',#3613,1.);
#2131=VECTOR('',#3616,1.);
#2132=VECTOR('',#3617,1.);
#2133=VECTOR('',#3618,1.);
#2134=VECTOR('',#3621,1.);
#2135=VECTOR('',#3622,1.);
#2136=VECTOR('',#3623,1.);
#2137=VECTOR('',#3626,1.);
#2138=VECTOR('',#3627,1.);
#2139=VECTOR('',#3628,1.);
#2140=VECTOR('',#3631,1.);
#2141=VECTOR('',#3632,1.);
#2142=VECTOR('',#3633,1.);
#2143=VECTOR('',#3636,1.);
#2144=VECTOR('',#3637,1.);
#2145=VECTOR('',#3638,1.);
#2146=VECTOR('',#3641,1.);
#2147=VECTOR('',#3642,1.);
#2148=VECTOR('',#3643,1.);
#2149=VECTOR('',#3646,1.);
#2150=VECTOR('',#3647,1.);
#2151=VECTOR('',#3650,1.);
#2152=VECTOR('',#3651,1.);
#2153=VECTOR('',#3658,1.);
#2154=VECTOR('',#3659,1.);
#2155=VECTOR('',#3660,1.);
#2156=VECTOR('',#3663,1.);
#2157=VECTOR('',#3664,1.);
#2158=VECTOR('',#3667,1.);
#2159=VECTOR('',#3668,1.);
#2160=VECTOR('',#3671,1.);
#2161=VECTOR('',#3678,1.);
#2162=VECTOR('',#3679,1.);
#2163=VECTOR('',#3680,1.);
#2164=VECTOR('',#3681,1.);
#2165=VECTOR('',#3682,1.);
#2166=VECTOR('',#3683,1.);
#2167=VECTOR('',#3684,1.);
#2168=VECTOR('',#3685,1.);
#2169=VECTOR('',#3688,1.);
#2170=VECTOR('',#3689,1.);
#2171=VECTOR('',#3690,1.);
#2172=VECTOR('',#3691,1.);
#2173=VECTOR('',#3694,1.);
#2174=VECTOR('',#3695,1.);
#2175=VECTOR('',#3696,1.);
#2176=VECTOR('',#3697,1.);
#2177=VECTOR('',#3700,1.);
#2178=VECTOR('',#3701,1.);
#2179=VECTOR('',#3704,1.);
#2180=VECTOR('',#3705,1.);
#2181=VECTOR('',#3708,1.);
#2182=VECTOR('',#3713,1.);
#2183=VECTOR('',#3720,1.);
#2184=VECTOR('',#3725,1.);
#2185=VECTOR('',#3728,1.);
#2186=VECTOR('',#3731,1.);
#2187=VECTOR('',#3732,1.);
#2188=VECTOR('',#3733,1.);
#2189=VECTOR('',#3736,1.);
#2190=VECTOR('',#3737,1.);
#2191=VECTOR('',#3738,1.);
#2192=VECTOR('',#3741,1.);
#2193=VECTOR('',#3742,1.);
#2194=VECTOR('',#3743,1.);
#2195=VECTOR('',#3746,1.);
#2196=VECTOR('',#3747,1.);
#2197=VECTOR('',#3748,1.);
#2198=VECTOR('',#3751,1.);
#2199=VECTOR('',#3752,1.);
#2200=VECTOR('',#3753,1.);
#2201=VECTOR('',#3756,1.);
#2202=VECTOR('',#3757,1.);
#2203=VECTOR('',#3758,1.);
#2204=VECTOR('',#3761,1.);
#2205=VECTOR('',#3762,1.);
#2206=VECTOR('',#3763,1.);
#2207=VECTOR('',#3766,1.);
#2208=VECTOR('',#3767,1.);
#2209=VECTOR('',#3768,1.);
#2210=VECTOR('',#3771,1.);
#2211=VECTOR('',#3772,1.);
#2212=VECTOR('',#3773,1.);
#2213=VECTOR('',#3774,1.);
#2214=VECTOR('',#3777,1.);
#2215=VECTOR('',#3778,1.);
#2216=VECTOR('',#3779,1.);
#2217=VECTOR('',#3782,1.);
#2218=VECTOR('',#3783,1.);
#2219=VECTOR('',#3784,1.);
#2220=VECTOR('',#3787,1.);
#2221=VECTOR('',#3788,1.);
#2222=VECTOR('',#3789,1.);
#2223=VECTOR('',#3792,1.);
#2224=VECTOR('',#3793,1.);
#2225=VECTOR('',#3794,1.);
#2226=VECTOR('',#3797,1.);
#2227=VECTOR('',#3798,1.);
#2228=VECTOR('',#3799,1.);
#2229=VECTOR('',#3802,1.);
#2230=VECTOR('',#3803,1.);
#2231=VECTOR('',#3804,1.);
#2232=VECTOR('',#3807,1.);
#2233=VECTOR('',#3808,1.);
#2234=VECTOR('',#3809,1.);
#2235=VECTOR('',#3812,1.);
#2236=VECTOR('',#3813,1.);
#2237=VECTOR('',#3814,1.);
#2238=VECTOR('',#3817,1.);
#2239=VECTOR('',#3818,1.);
#2240=VECTOR('',#3821,1.);
#2241=VECTOR('',#3822,1.);
#2242=VECTOR('',#3829,1.);
#2243=VECTOR('',#3830,1.);
#2244=VECTOR('',#3831,1.);
#2245=VECTOR('',#3834,1.);
#2246=VECTOR('',#3835,1.);
#2247=VECTOR('',#3838,1.);
#2248=VECTOR('',#3839,1.);
#2249=VECTOR('',#3842,1.);
#2250=EDGE_LOOP('',(#54,#55,#56,#57));
#2251=EDGE_LOOP('',(#58,#59,#60,#61));
#2252=EDGE_LOOP('',(#62,#63,#64,#65));
#2253=EDGE_LOOP('',(#66,#67,#68,#69));
#2254=EDGE_LOOP('',(#70,#71,#72,#73));
#2255=EDGE_LOOP('',(#74,#75,#76,#77));
#2256=EDGE_LOOP('',(#78,#79,#80,#81));
#2257=EDGE_LOOP('',(#82,#83,#84,#85));
#2258=EDGE_LOOP('',(#86,#87,#88,#89,#90,#91,#92,#93,#94,#95,#96,#97,#98,
#99,#100,#101,#102,#103,#104,#105));
#2259=EDGE_LOOP('',(#106,#107,#108,#109,#110,#111,#112,#113,#114,#115,#116,
#117));
#2260=EDGE_LOOP('',(#118,#119,#120,#121,#122));
#2261=EDGE_LOOP('',(#123,#124,#125));
#2262=EDGE_LOOP('',(#126,#127,#128));
#2263=EDGE_LOOP('',(#129,#130,#131,#132));
#2264=EDGE_LOOP('',(#133,#134,#135,#136));
#2265=EDGE_LOOP('',(#137,#138,#139,#140));
#2266=EDGE_LOOP('',(#141,#142,#143,#144));
#2267=EDGE_LOOP('',(#145,#146,#147,#148));
#2268=EDGE_LOOP('',(#149,#150,#151,#152,#153,#154,#155));
#2269=EDGE_LOOP('',(#156,#157,#158,#159,#160,#161,#162,#163));
#2270=EDGE_LOOP('',(#164,#165,#166,#167));
#2271=EDGE_LOOP('',(#168,#169,#170,#171));
#2272=EDGE_LOOP('',(#172,#173,#174,#175));
#2273=EDGE_LOOP('',(#176,#177,#178,#179));
#2274=EDGE_LOOP('',(#180,#181,#182,#183));
#2275=EDGE_LOOP('',(#184,#185,#186,#187));
#2276=EDGE_LOOP('',(#188,#189,#190,#191));
#2277=EDGE_LOOP('',(#192,#193,#194,#195));
#2278=EDGE_LOOP('',(#196,#197,#198,#199));
#2279=EDGE_LOOP('',(#200,#201,#202,#203));
#2280=EDGE_LOOP('',(#204,#205,#206,#207));
#2281=EDGE_LOOP('',(#208,#209,#210,#211));
#2282=EDGE_LOOP('',(#212,#213,#214,#215));
#2283=EDGE_LOOP('',(#216,#217,#218,#219));
#2284=EDGE_LOOP('',(#220,#221,#222,#223));
#2285=EDGE_LOOP('',(#224,#225,#226,#227));
#2286=EDGE_LOOP('',(#228,#229,#230,#231));
#2287=EDGE_LOOP('',(#232,#233,#234,#235));
#2288=EDGE_LOOP('',(#236,#237,#238,#239));
#2289=EDGE_LOOP('',(#240,#241,#242,#243));
#2290=EDGE_LOOP('',(#244,#245,#246,#247));
#2291=EDGE_LOOP('',(#248,#249,#250,#251));
#2292=EDGE_LOOP('',(#252,#253,#254,#255));
#2293=EDGE_LOOP('',(#256,#257,#258,#259));
#2294=EDGE_LOOP('',(#260,#261,#262,#263));
#2295=EDGE_LOOP('',(#264,#265,#266,#267));
#2296=EDGE_LOOP('',(#268,#269,#270,#271));
#2297=EDGE_LOOP('',(#272,#273,#274,#275));
#2298=EDGE_LOOP('',(#276,#277,#278,#279));
#2299=EDGE_LOOP('',(#280,#281,#282,#283));
#2300=EDGE_LOOP('',(#284,#285,#286,#287));
#2301=EDGE_LOOP('',(#288,#289,#290,#291));
#2302=EDGE_LOOP('',(#292,#293,#294,#295));
#2303=EDGE_LOOP('',(#296,#297,#298,#299,#300,#301,#302,#303,#304,#305,#306,
#307,#308,#309,#310,#311,#312,#313,#314,#315));
#2304=EDGE_LOOP('',(#316,#317,#318,#319,#320,#321,#322,#323,#324,#325,#326,
#327));
#2305=EDGE_LOOP('',(#328,#329,#330,#331,#332));
#2306=EDGE_LOOP('',(#333,#334,#335));
#2307=EDGE_LOOP('',(#336,#337,#338));
#2308=EDGE_LOOP('',(#339,#340,#341,#342));
#2309=EDGE_LOOP('',(#343,#344,#345,#346));
#2310=EDGE_LOOP('',(#347,#348,#349,#350));
#2311=EDGE_LOOP('',(#351,#352,#353,#354));
#2312=EDGE_LOOP('',(#355,#356,#357,#358));
#2313=EDGE_LOOP('',(#359,#360,#361,#362,#363,#364,#365));
#2314=EDGE_LOOP('',(#366,#367,#368,#369,#370,#371,#372,#373));
#2315=EDGE_LOOP('',(#374,#375,#376,#377));
#2316=EDGE_LOOP('',(#378,#379,#380,#381));
#2317=EDGE_LOOP('',(#382,#383,#384,#385));
#2318=EDGE_LOOP('',(#386,#387,#388,#389));
#2319=EDGE_LOOP('',(#390,#391,#392,#393));
#2320=EDGE_LOOP('',(#394,#395,#396,#397));
#2321=EDGE_LOOP('',(#398,#399,#400,#401));
#2322=EDGE_LOOP('',(#402,#403,#404,#405));
#2323=EDGE_LOOP('',(#406,#407,#408,#409));
#2324=EDGE_LOOP('',(#410,#411,#412,#413));
#2325=EDGE_LOOP('',(#414,#415,#416,#417));
#2326=EDGE_LOOP('',(#418,#419,#420,#421));
#2327=EDGE_LOOP('',(#422,#423,#424,#425));
#2328=EDGE_LOOP('',(#426,#427,#428,#429));
#2329=EDGE_LOOP('',(#430,#431,#432,#433));
#2330=EDGE_LOOP('',(#434,#435,#436,#437));
#2331=EDGE_LOOP('',(#438,#439,#440,#441));
#2332=EDGE_LOOP('',(#442,#443,#444,#445));
#2333=EDGE_LOOP('',(#446,#447,#448,#449));
#2334=EDGE_LOOP('',(#450,#451,#452,#453));
#2335=EDGE_LOOP('',(#454,#455,#456,#457));
#2336=EDGE_LOOP('',(#458,#459,#460,#461));
#2337=EDGE_LOOP('',(#462,#463,#464,#465));
#2338=EDGE_LOOP('',(#466,#467,#468,#469));
#2339=EDGE_LOOP('',(#470,#471,#472,#473));
#2340=EDGE_LOOP('',(#474,#475,#476,#477));
#2341=EDGE_LOOP('',(#478,#479,#480,#481));
#2342=EDGE_LOOP('',(#482,#483,#484,#485));
#2343=EDGE_LOOP('',(#486,#487,#488,#489));
#2344=EDGE_LOOP('',(#490,#491,#492));
#2345=EDGE_LOOP('',(#493,#494,#495,#496));
#2346=EDGE_LOOP('',(#497,#498,#499));
#2347=EDGE_LOOP('',(#500,#501,#502,#503));
#2348=EDGE_LOOP('',(#504,#505,#506,#507));
#2349=EDGE_LOOP('',(#508,#509,#510,#511));
#2350=EDGE_LOOP('',(#512,#513,#514,#515));
#2351=EDGE_LOOP('',(#516,#517,#518));
#2352=EDGE_LOOP('',(#519,#520,#521,#522));
#2353=EDGE_LOOP('',(#523,#524,#525,#526));
#2354=EDGE_LOOP('',(#527,#528,#529,#530));
#2355=EDGE_LOOP('',(#531,#532,#533,#534));
#2356=EDGE_LOOP('',(#535,#536,#537,#538));
#2357=EDGE_LOOP('',(#539,#540,#541,#542));
#2358=EDGE_LOOP('',(#543,#544,#545,#546));
#2359=EDGE_LOOP('',(#547,#548,#549,#550));
#2360=EDGE_LOOP('',(#551,#552,#553,#554));
#2361=EDGE_LOOP('',(#555,#556,#557,#558));
#2362=EDGE_LOOP('',(#559,#560,#561,#562));
#2363=EDGE_LOOP('',(#563,#564,#565,#566));
#2364=EDGE_LOOP('',(#567,#568,#569,#570));
#2365=EDGE_LOOP('',(#571,#572,#573,#574));
#2366=EDGE_LOOP('',(#575,#576,#577,#578,#579));
#2367=EDGE_LOOP('',(#580,#581,#582,#583,#584,#585,#586,#587,#588,#589,#590,
#591));
#2368=EDGE_LOOP('',(#592,#593,#594,#595));
#2369=EDGE_LOOP('',(#596,#597,#598,#599,#600,#601,#602,#603,#604,#605,#606,
#607,#608,#609,#610,#611,#612,#613,#614,#615));
#2370=EDGE_LOOP('',(#616,#617,#618,#619,#620,#621,#622,#623,#624,#625,#626,
#627));
#2371=EDGE_LOOP('',(#628,#629,#630,#631));
#2372=EDGE_LOOP('',(#632,#633,#634,#635));
#2373=EDGE_LOOP('',(#636,#637,#638,#639));
#2374=EDGE_LOOP('',(#640,#641,#642,#643));
#2375=EDGE_LOOP('',(#644,#645,#646,#647));
#2376=EDGE_LOOP('',(#648,#649,#650,#651));
#2377=EDGE_LOOP('',(#652,#653,#654,#655));
#2378=EDGE_LOOP('',(#656,#657,#658,#659));
#2379=EDGE_LOOP('',(#660,#661,#662,#663));
#2380=EDGE_LOOP('',(#664,#665,#666,#667));
#2381=EDGE_LOOP('',(#668,#669,#670,#671));
#2382=EDGE_LOOP('',(#672,#673,#674,#675));
#2383=EDGE_LOOP('',(#676,#677,#678));
#2384=EDGE_LOOP('',(#679,#680,#681,#682));
#2385=EDGE_LOOP('',(#683,#684,#685));
#2386=EDGE_LOOP('',(#686,#687,#688,#689));
#2387=EDGE_LOOP('',(#690,#691,#692,#693));
#2388=EDGE_LOOP('',(#694,#695,#696,#697));
#2389=EDGE_LOOP('',(#698,#699,#700,#701));
#2390=EDGE_LOOP('',(#702,#703,#704));
#2391=EDGE_LOOP('',(#705,#706,#707,#708));
#2392=EDGE_LOOP('',(#709,#710,#711,#712));
#2393=EDGE_LOOP('',(#713,#714,#715,#716));
#2394=EDGE_LOOP('',(#717,#718,#719,#720));
#2395=EDGE_LOOP('',(#721,#722,#723,#724));
#2396=EDGE_LOOP('',(#725,#726,#727,#728));
#2397=EDGE_LOOP('',(#729,#730,#731,#732));
#2398=EDGE_LOOP('',(#733,#734,#735,#736));
#2399=EDGE_LOOP('',(#737,#738,#739,#740));
#2400=EDGE_LOOP('',(#741,#742,#743,#744));
#2401=EDGE_LOOP('',(#745,#746,#747,#748));
#2402=EDGE_LOOP('',(#749,#750,#751,#752));
#2403=EDGE_LOOP('',(#753,#754,#755,#756));
#2404=EDGE_LOOP('',(#757,#758,#759,#760));
#2405=EDGE_LOOP('',(#761,#762,#763,#764,#765));
#2406=EDGE_LOOP('',(#766,#767,#768,#769,#770,#771,#772,#773,#774,#775,#776,
#777));
#2407=EDGE_LOOP('',(#778,#779,#780,#781));
#2408=EDGE_LOOP('',(#782,#783,#784,#785,#786,#787,#788,#789,#790,#791,#792,
#793,#794,#795,#796,#797,#798,#799,#800,#801));
#2409=EDGE_LOOP('',(#802,#803,#804,#805,#806,#807,#808,#809,#810,#811,#812,
#813));
#2410=EDGE_LOOP('',(#814,#815,#816,#817));
#2411=EDGE_LOOP('',(#818,#819,#820,#821));
#2412=EDGE_LOOP('',(#822,#823,#824,#825));
#2413=EDGE_LOOP('',(#826,#827,#828,#829));
#2414=EDGE_LOOP('',(#830,#831,#832,#833));
#2415=EDGE_LOOP('',(#834,#835,#836,#837));
#2416=EDGE_LOOP('',(#838,#839,#840,#841));
#2417=EDGE_LOOP('',(#842,#843,#844,#845));
#2418=FACE_BOUND('',#2250,.T.);
#2419=FACE_BOUND('',#2251,.T.);
#2420=FACE_BOUND('',#2252,.T.);
#2421=FACE_BOUND('',#2253,.T.);
#2422=FACE_BOUND('',#2254,.T.);
#2423=FACE_BOUND('',#2255,.T.);
#2424=FACE_BOUND('',#2256,.T.);
#2425=FACE_BOUND('',#2257,.T.);
#2426=FACE_BOUND('',#2258,.T.);
#2427=FACE_BOUND('',#2259,.T.);
#2428=FACE_BOUND('',#2260,.T.);
#2429=FACE_BOUND('',#2261,.T.);
#2430=FACE_BOUND('',#2262,.T.);
#2431=FACE_BOUND('',#2263,.T.);
#2432=FACE_BOUND('',#2264,.T.);
#2433=FACE_BOUND('',#2265,.T.);
#2434=FACE_BOUND('',#2266,.T.);
#2435=FACE_BOUND('',#2267,.T.);
#2436=FACE_BOUND('',#2268,.T.);
#2437=FACE_BOUND('',#2269,.T.);
#2438=FACE_BOUND('',#2270,.T.);
#2439=FACE_BOUND('',#2271,.T.);
#2440=FACE_BOUND('',#2272,.T.);
#2441=FACE_BOUND('',#2273,.T.);
#2442=FACE_BOUND('',#2274,.T.);
#2443=FACE_BOUND('',#2275,.T.);
#2444=FACE_BOUND('',#2276,.T.);
#2445=FACE_BOUND('',#2277,.T.);
#2446=FACE_BOUND('',#2278,.T.);
#2447=FACE_BOUND('',#2279,.T.);
#2448=FACE_BOUND('',#2280,.T.);
#2449=FACE_BOUND('',#2281,.T.);
#2450=FACE_BOUND('',#2282,.T.);
#2451=FACE_BOUND('',#2283,.T.);
#2452=FACE_BOUND('',#2284,.T.);
#2453=FACE_BOUND('',#2285,.T.);
#2454=FACE_BOUND('',#2286,.T.);
#2455=FACE_BOUND('',#2287,.T.);
#2456=FACE_BOUND('',#2288,.T.);
#2457=FACE_BOUND('',#2289,.T.);
#2458=FACE_BOUND('',#2290,.T.);
#2459=FACE_BOUND('',#2291,.T.);
#2460=FACE_BOUND('',#2292,.T.);
#2461=FACE_BOUND('',#2293,.T.);
#2462=FACE_BOUND('',#2294,.T.);
#2463=FACE_BOUND('',#2295,.T.);
#2464=FACE_BOUND('',#2296,.T.);
#2465=FACE_BOUND('',#2297,.T.);
#2466=FACE_BOUND('',#2298,.T.);
#2467=FACE_BOUND('',#2299,.T.);
#2468=FACE_BOUND('',#2300,.T.);
#2469=FACE_BOUND('',#2301,.T.);
#2470=FACE_BOUND('',#2302,.T.);
#2471=FACE_BOUND('',#2303,.T.);
#2472=FACE_BOUND('',#2304,.T.);
#2473=FACE_BOUND('',#2305,.T.);
#2474=FACE_BOUND('',#2306,.T.);
#2475=FACE_BOUND('',#2307,.T.);
#2476=FACE_BOUND('',#2308,.T.);
#2477=FACE_BOUND('',#2309,.T.);
#2478=FACE_BOUND('',#2310,.T.);
#2479=FACE_BOUND('',#2311,.T.);
#2480=FACE_BOUND('',#2312,.T.);
#2481=FACE_BOUND('',#2313,.T.);
#2482=FACE_BOUND('',#2314,.T.);
#2483=FACE_BOUND('',#2315,.T.);
#2484=FACE_BOUND('',#2316,.T.);
#2485=FACE_BOUND('',#2317,.T.);
#2486=FACE_BOUND('',#2318,.T.);
#2487=FACE_BOUND('',#2319,.T.);
#2488=FACE_BOUND('',#2320,.T.);
#2489=FACE_BOUND('',#2321,.T.);
#2490=FACE_BOUND('',#2322,.T.);
#2491=FACE_BOUND('',#2323,.T.);
#2492=FACE_BOUND('',#2324,.T.);
#2493=FACE_BOUND('',#2325,.T.);
#2494=FACE_BOUND('',#2326,.T.);
#2495=FACE_BOUND('',#2327,.T.);
#2496=FACE_BOUND('',#2328,.T.);
#2497=FACE_BOUND('',#2329,.T.);
#2498=FACE_BOUND('',#2330,.T.);
#2499=FACE_BOUND('',#2331,.T.);
#2500=FACE_BOUND('',#2332,.T.);
#2501=FACE_BOUND('',#2333,.T.);
#2502=FACE_BOUND('',#2334,.T.);
#2503=FACE_BOUND('',#2335,.T.);
#2504=FACE_BOUND('',#2336,.T.);
#2505=FACE_BOUND('',#2337,.T.);
#2506=FACE_BOUND('',#2338,.T.);
#2507=FACE_BOUND('',#2339,.T.);
#2508=FACE_BOUND('',#2340,.T.);
#2509=FACE_BOUND('',#2341,.T.);
#2510=FACE_BOUND('',#2342,.T.);
#2511=FACE_BOUND('',#2343,.T.);
#2512=FACE_BOUND('',#2344,.T.);
#2513=FACE_BOUND('',#2345,.T.);
#2514=FACE_BOUND('',#2346,.T.);
#2515=FACE_BOUND('',#2347,.T.);
#2516=FACE_BOUND('',#2348,.T.);
#2517=FACE_BOUND('',#2349,.T.);
#2518=FACE_BOUND('',#2350,.T.);
#2519=FACE_BOUND('',#2351,.T.);
#2520=FACE_BOUND('',#2352,.T.);
#2521=FACE_BOUND('',#2353,.T.);
#2522=FACE_BOUND('',#2354,.T.);
#2523=FACE_BOUND('',#2355,.T.);
#2524=FACE_BOUND('',#2356,.T.);
#2525=FACE_BOUND('',#2357,.T.);
#2526=FACE_BOUND('',#2358,.T.);
#2527=FACE_BOUND('',#2359,.T.);
#2528=FACE_BOUND('',#2360,.T.);
#2529=FACE_BOUND('',#2361,.T.);
#2530=FACE_BOUND('',#2362,.T.);
#2531=FACE_BOUND('',#2363,.T.);
#2532=FACE_BOUND('',#2364,.T.);
#2533=FACE_BOUND('',#2365,.T.);
#2534=FACE_BOUND('',#2366,.T.);
#2535=FACE_BOUND('',#2367,.T.);
#2536=FACE_BOUND('',#2368,.T.);
#2537=FACE_BOUND('',#2369,.T.);
#2538=FACE_BOUND('',#2370,.T.);
#2539=FACE_BOUND('',#2371,.T.);
#2540=FACE_BOUND('',#2372,.T.);
#2541=FACE_BOUND('',#2373,.T.);
#2542=FACE_BOUND('',#2374,.T.);
#2543=FACE_BOUND('',#2375,.T.);
#2544=FACE_BOUND('',#2376,.T.);
#2545=FACE_BOUND('',#2377,.T.);
#2546=FACE_BOUND('',#2378,.T.);
#2547=FACE_BOUND('',#2379,.T.);
#2548=FACE_BOUND('',#2380,.T.);
#2549=FACE_BOUND('',#2381,.T.);
#2550=FACE_BOUND('',#2382,.T.);
#2551=FACE_BOUND('',#2383,.T.);
#2552=FACE_BOUND('',#2384,.T.);
#2553=FACE_BOUND('',#2385,.T.);
#2554=FACE_BOUND('',#2386,.T.);
#2555=FACE_BOUND('',#2387,.T.);
#2556=FACE_BOUND('',#2388,.T.);
#2557=FACE_BOUND('',#2389,.T.);
#2558=FACE_BOUND('',#2390,.T.);
#2559=FACE_BOUND('',#2391,.T.);
#2560=FACE_BOUND('',#2392,.T.);
#2561=FACE_BOUND('',#2393,.T.);
#2562=FACE_BOUND('',#2394,.T.);
#2563=FACE_BOUND('',#2395,.T.);
#2564=FACE_BOUND('',#2396,.T.);
#2565=FACE_BOUND('',#2397,.T.);
#2566=FACE_BOUND('',#2398,.T.);
#2567=FACE_BOUND('',#2399,.T.);
#2568=FACE_BOUND('',#2400,.T.);
#2569=FACE_BOUND('',#2401,.T.);
#2570=FACE_BOUND('',#2402,.T.);
#2571=FACE_BOUND('',#2403,.T.);
#2572=FACE_BOUND('',#2404,.T.);
#2573=FACE_BOUND('',#2405,.T.);
#2574=FACE_BOUND('',#2406,.T.);
#2575=FACE_BOUND('',#2407,.T.);
#2576=FACE_BOUND('',#2408,.T.);
#2577=FACE_BOUND('',#2409,.T.);
#2578=FACE_BOUND('',#2410,.T.);
#2579=FACE_BOUND('',#2411,.T.);
#2580=FACE_BOUND('',#2412,.T.);
#2581=FACE_BOUND('',#2413,.T.);
#2582=FACE_BOUND('',#2414,.T.);
#2583=FACE_BOUND('',#2415,.T.);
#2584=FACE_BOUND('',#2416,.T.);
#2585=FACE_BOUND('',#2417,.T.);
#2586=PLANE('',#2928);
#2587=PLANE('',#2929);
#2588=PLANE('',#2930);
#2589=PLANE('',#2931);
#2590=PLANE('',#2932);
#2591=PLANE('',#2933);
#2592=PLANE('',#2934);
#2593=PLANE('',#2935);
#2594=PLANE('',#2936);
#2595=PLANE('',#2937);
#2596=PLANE('',#2938);
#2597=PLANE('',#2939);
#2598=PLANE('',#2940);
#2599=PLANE('',#2941);
#2600=PLANE('',#2942);
#2601=PLANE('',#2943);
#2602=PLANE('',#2944);
#2603=PLANE('',#2945);
#2604=PLANE('',#2946);
#2605=PLANE('',#2947);
#2606=PLANE('',#2948);
#2607=PLANE('',#2949);
#2608=PLANE('',#2956);
#2609=PLANE('',#2957);
#2610=PLANE('',#2958);
#2611=PLANE('',#2965);
#2612=PLANE('',#2966);
#2613=PLANE('',#2967);
#2614=PLANE('',#2968);
#2615=PLANE('',#2969);
#2616=PLANE('',#2970);
#2617=PLANE('',#2971);
#2618=PLANE('',#2972);
#2619=PLANE('',#2973);
#2620=PLANE('',#2974);
#2621=PLANE('',#2975);
#2622=PLANE('',#2976);
#2623=PLANE('',#2978);
#2624=PLANE('',#2979);
#2625=PLANE('',#2980);
#2626=PLANE('',#2981);
#2627=PLANE('',#2982);
#2628=PLANE('',#2983);
#2629=PLANE('',#2984);
#2630=PLANE('',#2985);
#2631=PLANE('',#2986);
#2632=PLANE('',#2987);
#2633=PLANE('',#2988);
#2634=PLANE('',#2989);
#2635=PLANE('',#2990);
#2636=PLANE('',#2991);
#2637=PLANE('',#2992);
#2638=PLANE('',#2993);
#2639=PLANE('',#2994);
#2640=PLANE('',#2995);
#2641=PLANE('',#2996);
#2642=PLANE('',#2997);
#2643=PLANE('',#2998);
#2644=PLANE('',#2999);
#2645=PLANE('',#3006);
#2646=PLANE('',#3007);
#2647=PLANE('',#3008);
#2648=PLANE('',#3015);
#2649=PLANE('',#3016);
#2650=PLANE('',#3017);
#2651=PLANE('',#3018);
#2652=PLANE('',#3019);
#2653=PLANE('',#3020);
#2654=PLANE('',#3021);
#2655=PLANE('',#3022);
#2656=PLANE('',#3023);
#2657=PLANE('',#3024);
#2658=PLANE('',#3025);
#2659=PLANE('',#3026);
#2660=PLANE('',#3028);
#2661=PLANE('',#3029);
#2662=PLANE('',#3030);
#2663=PLANE('',#3031);
#2664=PLANE('',#3032);
#2665=PLANE('',#3033);
#2666=PLANE('',#3037);
#2667=PLANE('',#3041);
#2668=PLANE('',#3042);
#2669=PLANE('',#3043);
#2670=PLANE('',#3044);
#2671=PLANE('',#3045);
#2672=PLANE('',#3046);
#2673=PLANE('',#3047);
#2674=PLANE('',#3048);
#2675=PLANE('',#3049);
#2676=PLANE('',#3050);
#2677=PLANE('',#3051);
#2678=PLANE('',#3052);
#2679=PLANE('',#3053);
#2680=PLANE('',#3054);
#2681=PLANE('',#3055);
#2682=PLANE('',#3056);
#2683=PLANE('',#3057);
#2684=PLANE('',#3058);
#2685=PLANE('',#3059);
#2686=PLANE('',#3060);
#2687=PLANE('',#3061);
#2688=PLANE('',#3062);
#2689=PLANE('',#3063);
#2690=PLANE('',#3064);
#2691=PLANE('',#3065);
#2692=PLANE('',#3066);
#2693=PLANE('',#3067);
#2694=PLANE('',#3069);
#2695=PLANE('',#3070);
#2696=PLANE('',#3071);
#2697=PLANE('',#3072);
#2698=PLANE('',#3073);
#2699=PLANE('',#3074);
#2700=PLANE('',#3078);
#2701=PLANE('',#3082);
#2702=PLANE('',#3083);
#2703=PLANE('',#3084);
#2704=PLANE('',#3085);
#2705=PLANE('',#3086);
#2706=PLANE('',#3087);
#2707=PLANE('',#3088);
#2708=PLANE('',#3089);
#2709=PLANE('',#3090);
#2710=PLANE('',#3091);
#2711=PLANE('',#3092);
#2712=PLANE('',#3093);
#2713=PLANE('',#3094);
#2714=PLANE('',#3095);
#2715=PLANE('',#3096);
#2716=PLANE('',#3097);
#2717=PLANE('',#3098);
#2718=PLANE('',#3099);
#2719=PLANE('',#3100);
#2720=PLANE('',#3101);
#2721=PLANE('',#3102);
#2722=PLANE('',#3103);
#2723=PLANE('',#3104);
#2724=PLANE('',#3105);
#2725=PLANE('',#3106);
#2726=PLANE('',#3107);
#2727=PLANE('',#3108);
#2728=ADVANCED_FACE('',(#2418,#2419),#2586,.T.);
#2729=ADVANCED_FACE('',(#2420,#2421),#2587,.F.);
#2730=ADVANCED_FACE('',(#2422,#2423,#2424),#2588,.F.);
#2731=ADVANCED_FACE('',(#2425),#2589,.T.);
#2732=ADVANCED_FACE('',(#2426),#2590,.T.);
#2733=ADVANCED_FACE('',(#2427),#2591,.T.);
#2734=ADVANCED_FACE('',(#2428),#2592,.T.);
#2735=ADVANCED_FACE('',(#2429),#2593,.T.);
#2736=ADVANCED_FACE('',(#2430),#2594,.T.);
#2737=ADVANCED_FACE('',(#2431),#2595,.F.);
#2738=ADVANCED_FACE('',(#2432),#2596,.F.);
#2739=ADVANCED_FACE('',(#2433),#2597,.T.);
#2740=ADVANCED_FACE('',(#2434),#2598,.T.);
#2741=ADVANCED_FACE('',(#2435),#2599,.T.);
#2742=ADVANCED_FACE('',(#2436),#2600,.F.);
#2743=ADVANCED_FACE('',(#2437),#2601,.F.);
#2744=ADVANCED_FACE('',(#2438),#2602,.T.);
#2745=ADVANCED_FACE('',(#2439),#2603,.T.);
#2746=ADVANCED_FACE('',(#2440),#2604,.F.);
#2747=ADVANCED_FACE('',(#2441),#2605,.T.);
#2748=ADVANCED_FACE('',(#2442),#2606,.F.);
#2749=ADVANCED_FACE('',(#2443),#2607,.T.);
#2750=ADVANCED_FACE('',(#2444),#42,.T.);
#2751=ADVANCED_FACE('',(#2445),#43,.F.);
#2752=ADVANCED_FACE('',(#2446),#2608,.T.);
#2753=ADVANCED_FACE('',(#2447),#2609,.F.);
#2754=ADVANCED_FACE('',(#2448),#2610,.T.);
#2755=ADVANCED_FACE('',(#2449),#44,.T.);
#2756=ADVANCED_FACE('',(#2450),#45,.F.);
#2757=ADVANCED_FACE('',(#2451),#2611,.T.);
#2758=ADVANCED_FACE('',(#2452),#2612,.F.);
#2759=ADVANCED_FACE('',(#2453),#2613,.T.);
#2760=ADVANCED_FACE('',(#2454),#2614,.F.);
#2761=ADVANCED_FACE('',(#2455),#2615,.F.);
#2762=ADVANCED_FACE('',(#2456),#2616,.T.);
#2763=ADVANCED_FACE('',(#2457),#2617,.T.);
#2764=ADVANCED_FACE('',(#2458),#2618,.T.);
#2765=ADVANCED_FACE('',(#2459),#2619,.F.);
#2766=ADVANCED_FACE('',(#2460),#2620,.F.);
#2767=ADVANCED_FACE('',(#2461),#2621,.T.);
#2768=ADVANCED_FACE('',(#2462),#2622,.T.);
#2769=ADVANCED_FACE('',(#2463,#2464),#2623,.T.);
#2770=ADVANCED_FACE('',(#2465,#2466),#2624,.F.);
#2771=ADVANCED_FACE('',(#2467,#2468,#2469),#2625,.F.);
#2772=ADVANCED_FACE('',(#2470),#2626,.T.);
#2773=ADVANCED_FACE('',(#2471),#2627,.T.);
#2774=ADVANCED_FACE('',(#2472),#2628,.T.);
#2775=ADVANCED_FACE('',(#2473),#2629,.T.);
#2776=ADVANCED_FACE('',(#2474),#2630,.T.);
#2777=ADVANCED_FACE('',(#2475),#2631,.T.);
#2778=ADVANCED_FACE('',(#2476),#2632,.F.);
#2779=ADVANCED_FACE('',(#2477),#2633,.F.);
#2780=ADVANCED_FACE('',(#2478),#2634,.T.);
#2781=ADVANCED_FACE('',(#2479),#2635,.T.);
#2782=ADVANCED_FACE('',(#2480),#2636,.T.);
#2783=ADVANCED_FACE('',(#2481),#2637,.F.);
#2784=ADVANCED_FACE('',(#2482),#2638,.F.);
#2785=ADVANCED_FACE('',(#2483),#2639,.T.);
#2786=ADVANCED_FACE('',(#2484),#2640,.T.);
#2787=ADVANCED_FACE('',(#2485),#2641,.F.);
#2788=ADVANCED_FACE('',(#2486),#2642,.T.);
#2789=ADVANCED_FACE('',(#2487),#2643,.F.);
#2790=ADVANCED_FACE('',(#2488),#2644,.T.);
#2791=ADVANCED_FACE('',(#2489),#46,.T.);
#2792=ADVANCED_FACE('',(#2490),#47,.F.);
#2793=ADVANCED_FACE('',(#2491),#2645,.T.);
#2794=ADVANCED_FACE('',(#2492),#2646,.F.);
#2795=ADVANCED_FACE('',(#2493),#2647,.T.);
#2796=ADVANCED_FACE('',(#2494),#48,.T.);
#2797=ADVANCED_FACE('',(#2495),#49,.F.);
#2798=ADVANCED_FACE('',(#2496),#2648,.T.);
#2799=ADVANCED_FACE('',(#2497),#2649,.F.);
#2800=ADVANCED_FACE('',(#2498),#2650,.T.);
#2801=ADVANCED_FACE('',(#2499),#2651,.F.);
#2802=ADVANCED_FACE('',(#2500),#2652,.F.);
#2803=ADVANCED_FACE('',(#2501),#2653,.T.);
#2804=ADVANCED_FACE('',(#2502),#2654,.T.);
#2805=ADVANCED_FACE('',(#2503),#2655,.T.);
#2806=ADVANCED_FACE('',(#2504),#2656,.F.);
#2807=ADVANCED_FACE('',(#2505),#2657,.F.);
#2808=ADVANCED_FACE('',(#2506),#2658,.T.);
#2809=ADVANCED_FACE('',(#2507),#2659,.T.);
#2810=ADVANCED_FACE('',(#2508,#2509),#2660,.F.);
#2811=ADVANCED_FACE('',(#2510),#2661,.T.);
#2812=ADVANCED_FACE('',(#2511),#2662,.T.);
#2813=ADVANCED_FACE('',(#2512),#2663,.T.);
#2814=ADVANCED_FACE('',(#2513),#2664,.F.);
#2815=ADVANCED_FACE('',(#2514),#2665,.F.);
#2816=ADVANCED_FACE('',(#2515),#50,.F.);
#2817=ADVANCED_FACE('',(#2516),#2666,.F.);
#2818=ADVANCED_FACE('',(#2517),#51,.T.);
#2819=ADVANCED_FACE('',(#2518),#2667,.T.);
#2820=ADVANCED_FACE('',(#2519),#2668,.T.);
#2821=ADVANCED_FACE('',(#2520),#2669,.F.);
#2822=ADVANCED_FACE('',(#2521),#2670,.F.);
#2823=ADVANCED_FACE('',(#2522),#2671,.T.);
#2824=ADVANCED_FACE('',(#2523),#2672,.T.);
#2825=ADVANCED_FACE('',(#2524),#2673,.F.);
#2826=ADVANCED_FACE('',(#2525),#2674,.F.);
#2827=ADVANCED_FACE('',(#2526),#2675,.T.);
#2828=ADVANCED_FACE('',(#2527),#2676,.T.);
#2829=ADVANCED_FACE('',(#2528),#2677,.F.);
#2830=ADVANCED_FACE('',(#2529),#2678,.F.);
#2831=ADVANCED_FACE('',(#2530),#2679,.T.);
#2832=ADVANCED_FACE('',(#2531),#2680,.T.);
#2833=ADVANCED_FACE('',(#2532),#2681,.F.);
#2834=ADVANCED_FACE('',(#2533),#2682,.F.);
#2835=ADVANCED_FACE('',(#2534),#2683,.T.);
#2836=ADVANCED_FACE('',(#2535,#2536),#2684,.T.);
#2837=ADVANCED_FACE('',(#2537),#2685,.T.);
#2838=ADVANCED_FACE('',(#2538),#2686,.T.);
#2839=ADVANCED_FACE('',(#2539),#2687,.T.);
#2840=ADVANCED_FACE('',(#2540,#2541),#2688,.F.);
#2841=ADVANCED_FACE('',(#2542),#2689,.T.);
#2842=ADVANCED_FACE('',(#2543),#2690,.F.);
#2843=ADVANCED_FACE('',(#2544),#2691,.F.);
#2844=ADVANCED_FACE('',(#2545),#2692,.T.);
#2845=ADVANCED_FACE('',(#2546),#2693,.T.);
#2846=ADVANCED_FACE('',(#2547,#2548),#2694,.F.);
#2847=ADVANCED_FACE('',(#2549),#2695,.T.);
#2848=ADVANCED_FACE('',(#2550),#2696,.T.);
#2849=ADVANCED_FACE('',(#2551),#2697,.T.);
#2850=ADVANCED_FACE('',(#2552),#2698,.F.);
#2851=ADVANCED_FACE('',(#2553),#2699,.F.);
#2852=ADVANCED_FACE('',(#2554),#52,.F.);
#2853=ADVANCED_FACE('',(#2555),#2700,.F.);
#2854=ADVANCED_FACE('',(#2556),#53,.T.);
#2855=ADVANCED_FACE('',(#2557),#2701,.T.);
#2856=ADVANCED_FACE('',(#2558),#2702,.T.);
#2857=ADVANCED_FACE('',(#2559),#2703,.F.);
#2858=ADVANCED_FACE('',(#2560),#2704,.F.);
#2859=ADVANCED_FACE('',(#2561),#2705,.T.);
#2860=ADVANCED_FACE('',(#2562),#2706,.T.);
#2861=ADVANCED_FACE('',(#2563),#2707,.F.);
#2862=ADVANCED_FACE('',(#2564),#2708,.F.);
#2863=ADVANCED_FACE('',(#2565),#2709,.T.);
#2864=ADVANCED_FACE('',(#2566),#2710,.T.);
#2865=ADVANCED_FACE('',(#2567),#2711,.F.);
#2866=ADVANCED_FACE('',(#2568),#2712,.F.);
#2867=ADVANCED_FACE('',(#2569),#2713,.T.);
#2868=ADVANCED_FACE('',(#2570),#2714,.T.);
#2869=ADVANCED_FACE('',(#2571),#2715,.F.);
#2870=ADVANCED_FACE('',(#2572),#2716,.F.);
#2871=ADVANCED_FACE('',(#2573),#2717,.T.);
#2872=ADVANCED_FACE('',(#2574,#2575),#2718,.T.);
#2873=ADVANCED_FACE('',(#2576),#2719,.T.);
#2874=ADVANCED_FACE('',(#2577),#2720,.T.);
#2875=ADVANCED_FACE('',(#2578),#2721,.T.);
#2876=ADVANCED_FACE('',(#2579,#2580),#2722,.F.);
#2877=ADVANCED_FACE('',(#2581),#2723,.T.);
#2878=ADVANCED_FACE('',(#2582),#2724,.F.);
#2879=ADVANCED_FACE('',(#2583),#2725,.F.);
#2880=ADVANCED_FACE('',(#2584),#2726,.T.);
#2881=ADVANCED_FACE('',(#2585),#2727,.T.);
#2882=CLOSED_SHELL('',(#2728,#2729,#2730,#2731,#2732,#2733,#2734,#2735,
#2736,#2737,#2738,#2739,#2740,#2741,#2742,#2743,#2744,#2745,#2746,#2747,
#2748,#2749,#2750,#2751,#2752,#2753,#2754,#2755,#2756,#2757,#2758,#2759,
#2760,#2761,#2762,#2763,#2764,#2765,#2766,#2767,#2768));
#2883=CLOSED_SHELL('',(#2769,#2770,#2771,#2772,#2773,#2774,#2775,#2776,
#2777,#2778,#2779,#2780,#2781,#2782,#2783,#2784,#2785,#2786,#2787,#2788,
#2789,#2790,#2791,#2792,#2793,#2794,#2795,#2796,#2797,#2798,#2799,#2800,
#2801,#2802,#2803,#2804,#2805,#2806,#2807,#2808,#2809));
#2884=CLOSED_SHELL('',(#2810,#2811,#2812,#2813,#2814,#2815,#2816,#2817,
#2818,#2819,#2820,#2821,#2822,#2823,#2824,#2825,#2826,#2827,#2828,#2829,
#2830,#2831,#2832,#2833,#2834,#2835,#2836,#2837,#2838,#2839,#2840,#2841,
#2842,#2843,#2844,#2845));
#2885=CLOSED_SHELL('',(#2846,#2847,#2848,#2849,#2850,#2851,#2852,#2853,
#2854,#2855,#2856,#2857,#2858,#2859,#2860,#2861,#2862,#2863,#2864,#2865,
#2866,#2867,#2868,#2869,#2870,#2871,#2872,#2873,#2874,#2875,#2876,#2877,
#2878,#2879,#2880,#2881));
#2886=STYLED_ITEM('',(#2890),#2915);
#2887=STYLED_ITEM('',(#2891),#2916);
#2888=STYLED_ITEM('',(#2892),#2917);
#2889=STYLED_ITEM('',(#2893),#2918);
#2890=PRESENTATION_STYLE_ASSIGNMENT((#2894));
#2891=PRESENTATION_STYLE_ASSIGNMENT((#2895));
#2892=PRESENTATION_STYLE_ASSIGNMENT((#2896));
#2893=PRESENTATION_STYLE_ASSIGNMENT((#2897));
#2894=SURFACE_STYLE_USAGE(.BOTH.,#2898);
#2895=SURFACE_STYLE_USAGE(.BOTH.,#2899);
#2896=SURFACE_STYLE_USAGE(.BOTH.,#2900);
#2897=SURFACE_STYLE_USAGE(.BOTH.,#2901);
#2898=SURFACE_SIDE_STYLE('',(#2902));
#2899=SURFACE_SIDE_STYLE('',(#2903));
#2900=SURFACE_SIDE_STYLE('',(#2904));
#2901=SURFACE_SIDE_STYLE('',(#2905));
#2902=SURFACE_STYLE_FILL_AREA(#2906);
#2903=SURFACE_STYLE_FILL_AREA(#2907);
#2904=SURFACE_STYLE_FILL_AREA(#2908);
#2905=SURFACE_STYLE_FILL_AREA(#2909);
#2906=FILL_AREA_STYLE('',(#2910));
#2907=FILL_AREA_STYLE('',(#2911));
#2908=FILL_AREA_STYLE('',(#2912));
#2909=FILL_AREA_STYLE('',(#2913));
#2910=FILL_AREA_STYLE_COLOUR('',#2914);
#2911=FILL_AREA_STYLE_COLOUR('',#2914);
#2912=FILL_AREA_STYLE_COLOUR('',#2914);
#2913=FILL_AREA_STYLE_COLOUR('',#2914);
#2914=COLOUR_RGB('',0.615686274509804,0.811764705882353,0.929411764705882);
#2915=MANIFOLD_SOLID_BREP('Part 1',#2882);
#2916=MANIFOLD_SOLID_BREP('Part 1',#2883);
#2917=MANIFOLD_SOLID_BREP('Part 1',#2884);
#2918=MANIFOLD_SOLID_BREP('Part 1',#2885);
#2919=SHAPE_DEFINITION_REPRESENTATION(#4687,#2923);
#2920=SHAPE_DEFINITION_REPRESENTATION(#4688,#2924);
#2921=SHAPE_DEFINITION_REPRESENTATION(#4689,#2925);
#2922=SHAPE_DEFINITION_REPRESENTATION(#4690,#2926);
#2923=SHAPE_REPRESENTATION('Part 1',(#2927),#4667);
#2924=SHAPE_REPRESENTATION('Part 1',(#2977),#4668);
#2925=SHAPE_REPRESENTATION('Part 1',(#3027),#4669);
#2926=SHAPE_REPRESENTATION('Part 1',(#3068),#4670);
#2927=AXIS2_PLACEMENT_3D('',#3845,#3109,#3110);
#2928=AXIS2_PLACEMENT_3D('',#3846,#3111,#3112);
#2929=AXIS2_PLACEMENT_3D('',#3863,#3121,#3122);
#2930=AXIS2_PLACEMENT_3D('',#3880,#3131,#3132);
#2931=AXIS2_PLACEMENT_3D('',#3899,#3143,#3144);
#2932=AXIS2_PLACEMENT_3D('',#3905,#3148,#3149);
#2933=AXIS2_PLACEMENT_3D('',#3937,#3166,#3167);
#2934=AXIS2_PLACEMENT_3D('',#3953,#3176,#3177);
#2935=AXIS2_PLACEMENT_3D('',#3957,#3180,#3181);
#2936=AXIS2_PLACEMENT_3D('',#3961,#3184,#3185);
#2937=AXIS2_PLACEMENT_3D('',#3965,#3188,#3189);
#2938=AXIS2_PLACEMENT_3D('',#3969,#3192,#3193);
#2939=AXIS2_PLACEMENT_3D('',#3973,#3196,#3197);
#2940=AXIS2_PLACEMENT_3D('',#3977,#3200,#3201);
#2941=AXIS2_PLACEMENT_3D('',#3980,#3204,#3205);
#2942=AXIS2_PLACEMENT_3D('',#3982,#3207,#3208);
#2943=AXIS2_PLACEMENT_3D('',#3985,#3211,#3212);
#2944=AXIS2_PLACEMENT_3D('',#3989,#3216,#3217);
#2945=AXIS2_PLACEMENT_3D('',#3990,#3218,#3219);
#2946=AXIS2_PLACEMENT_3D('',#3991,#3220,#3221);
#2947=AXIS2_PLACEMENT_3D('',#3992,#3222,#3223);
#2948=AXIS2_PLACEMENT_3D('',#3993,#3224,#3225);
#2949=AXIS2_PLACEMENT_3D('',#3994,#3226,#3227);
#2950=AXIS2_PLACEMENT_3D('',#4003,#3232,#3233);
#2951=AXIS2_PLACEMENT_3D('',#4004,#3234,#3235);
#2952=AXIS2_PLACEMENT_3D('',#4005,#3236,#3237);
#2953=AXIS2_PLACEMENT_3D('',#4006,#3238,#3239);
#2954=AXIS2_PLACEMENT_3D('',#4007,#3240,#3241);
#2955=AXIS2_PLACEMENT_3D('',#4008,#3242,#3243);
#2956=AXIS2_PLACEMENT_3D('',#4009,#3244,#3245);
#2957=AXIS2_PLACEMENT_3D('',#4010,#3246,#3247);
#2958=AXIS2_PLACEMENT_3D('',#4011,#3248,#3249);
#2959=AXIS2_PLACEMENT_3D('',#4020,#3254,#3255);
#2960=AXIS2_PLACEMENT_3D('',#4021,#3256,#3257);
#2961=AXIS2_PLACEMENT_3D('',#4022,#3258,#3259);
#2962=AXIS2_PLACEMENT_3D('',#4023,#3260,#3261);
#2963=AXIS2_PLACEMENT_3D('',#4024,#3262,#3263);
#2964=AXIS2_PLACEMENT_3D('',#4025,#3264,#3265);
#2965=AXIS2_PLACEMENT_3D('',#4026,#3266,#3267);
#2966=AXIS2_PLACEMENT_3D('',#4027,#3268,#3269);
#2967=AXIS2_PLACEMENT_3D('',#4028,#3270,#3271);
#2968=AXIS2_PLACEMENT_3D('',#4034,#3275,#3276);
#2969=AXIS2_PLACEMENT_3D('',#4038,#3279,#3280);
#2970=AXIS2_PLACEMENT_3D('',#4042,#3283,#3284);
#2971=AXIS2_PLACEMENT_3D('',#4044,#3286,#3287);
#2972=AXIS2_PLACEMENT_3D('',#4045,#3288,#3289);
#2973=AXIS2_PLACEMENT_3D('',#4051,#3293,#3294);
#2974=AXIS2_PLACEMENT_3D('',#4055,#3297,#3298);
#2975=AXIS2_PLACEMENT_3D('',#4059,#3301,#3302);
#2976=AXIS2_PLACEMENT_3D('',#4061,#3304,#3305);
#2977=AXIS2_PLACEMENT_3D('',#4062,#3306,#3307);
#2978=AXIS2_PLACEMENT_3D('',#4063,#3308,#3309);
#2979=AXIS2_PLACEMENT_3D('',#4080,#3318,#3319);
#2980=AXIS2_PLACEMENT_3D('',#4097,#3328,#3329);
#2981=AXIS2_PLACEMENT_3D('',#4116,#3340,#3341);
#2982=AXIS2_PLACEMENT_3D('',#4122,#3345,#3346);
#2983=AXIS2_PLACEMENT_3D('',#4154,#3363,#3364);
#2984=AXIS2_PLACEMENT_3D('',#4170,#3373,#3374);
#2985=AXIS2_PLACEMENT_3D('',#4174,#3377,#3378);
#2986=AXIS2_PLACEMENT_3D('',#4178,#3381,#3382);
#2987=AXIS2_PLACEMENT_3D('',#4182,#3385,#3386);
#2988=AXIS2_PLACEMENT_3D('',#4186,#3389,#3390);
#2989=AXIS2_PLACEMENT_3D('',#4190,#3393,#3394);
#2990=AXIS2_PLACEMENT_3D('',#4194,#3397,#3398);
#2991=AXIS2_PLACEMENT_3D('',#4197,#3401,#3402);
#2992=AXIS2_PLACEMENT_3D('',#4199,#3404,#3405);
#2993=AXIS2_PLACEMENT_3D('',#4202,#3408,#3409);
#2994=AXIS2_PLACEMENT_3D('',#4206,#3413,#3414);
#2995=AXIS2_PLACEMENT_3D('',#4207,#3415,#3416);
#2996=AXIS2_PLACEMENT_3D('',#4208,#3417,#3418);
#2997=AXIS2_PLACEMENT_3D('',#4209,#3419,#3420);
#2998=AXIS2_PLACEMENT_3D('',#4210,#3421,#3422);
#2999=AXIS2_PLACEMENT_3D('',#4211,#3423,#3424);
#3000=AXIS2_PLACEMENT_3D('',#4220,#3429,#3430);
#3001=AXIS2_PLACEMENT_3D('',#4221,#3431,#3432);
#3002=AXIS2_PLACEMENT_3D('',#4222,#3433,#3434);
#3003=AXIS2_PLACEMENT_3D('',#4223,#3435,#3436);
#3004=AXIS2_PLACEMENT_3D('',#4224,#3437,#3438);
#3005=AXIS2_PLACEMENT_3D('',#4225,#3439,#3440);
#3006=AXIS2_PLACEMENT_3D('',#4226,#3441,#3442);
#3007=AXIS2_PLACEMENT_3D('',#4227,#3443,#3444);
#3008=AXIS2_PLACEMENT_3D('',#4228,#3445,#3446);
#3009=AXIS2_PLACEMENT_3D('',#4237,#3451,#3452);
#3010=AXIS2_PLACEMENT_3D('',#4238,#3453,#3454);
#3011=AXIS2_PLACEMENT_3D('',#4239,#3455,#3456);
#3012=AXIS2_PLACEMENT_3D('',#4240,#3457,#3458);
#3013=AXIS2_PLACEMENT_3D('',#4241,#3459,#3460);
#3014=AXIS2_PLACEMENT_3D('',#4242,#3461,#3462);
#3015=AXIS2_PLACEMENT_3D('',#4243,#3463,#3464);
#3016=AXIS2_PLACEMENT_3D('',#4244,#3465,#3466);
#3017=AXIS2_PLACEMENT_3D('',#4245,#3467,#3468);
#3018=AXIS2_PLACEMENT_3D('',#4251,#3472,#3473);
#3019=AXIS2_PLACEMENT_3D('',#4255,#3476,#3477);
#3020=AXIS2_PLACEMENT_3D('',#4259,#3480,#3481);
#3021=AXIS2_PLACEMENT_3D('',#4261,#3483,#3484);
#3022=AXIS2_PLACEMENT_3D('',#4262,#3485,#3486);
#3023=AXIS2_PLACEMENT_3D('',#4268,#3490,#3491);
#3024=AXIS2_PLACEMENT_3D('',#4272,#3494,#3495);
#3025=AXIS2_PLACEMENT_3D('',#4276,#3498,#3499);
#3026=AXIS2_PLACEMENT_3D('',#4278,#3501,#3502);
#3027=AXIS2_PLACEMENT_3D('',#4279,#3503,#3504);
#3028=AXIS2_PLACEMENT_3D('',#4280,#3505,#3506);
#3029=AXIS2_PLACEMENT_3D('',#4297,#3515,#3516);
#3030=AXIS2_PLACEMENT_3D('',#4306,#3521,#3522);
#3031=AXIS2_PLACEMENT_3D('',#4315,#3527,#3528);
#3032=AXIS2_PLACEMENT_3D('',#4319,#3531,#3532);
#3033=AXIS2_PLACEMENT_3D('',#4323,#3535,#3536);
#3034=AXIS2_PLACEMENT_3D('',#4325,#3538,#3539);
#3035=AXIS2_PLACEMENT_3D('',#4326,#3540,#3541);
#3036=AXIS2_PLACEMENT_3D('',#4328,#3542,#3543);
#3037=AXIS2_PLACEMENT_3D('',#4331,#3545,#3546);
#3038=AXIS2_PLACEMENT_3D('',#4334,#3548,#3549);
#3039=AXIS2_PLACEMENT_3D('',#4335,#3550,#3551);
#3040=AXIS2_PLACEMENT_3D('',#4338,#3553,#3554);
#3041=AXIS2_PLACEMENT_3D('',#4339,#3555,#3556);
#3042=AXIS2_PLACEMENT_3D('',#4341,#3558,#3559);
#3043=AXIS2_PLACEMENT_3D('',#4348,#3563,#3564);
#3044=AXIS2_PLACEMENT_3D('',#4354,#3568,#3569);
#3045=AXIS2_PLACEMENT_3D('',#4360,#3573,#3574);
#3046=AXIS2_PLACEMENT_3D('',#4366,#3578,#3579);
#3047=AXIS2_PLACEMENT_3D('',#4372,#3583,#3584);
#3048=AXIS2_PLACEMENT_3D('',#4378,#3588,#3589);
#3049=AXIS2_PLACEMENT_3D('',#4384,#3593,#3594);
#3050=AXIS2_PLACEMENT_3D('',#4390,#3598,#3599);
#3051=AXIS2_PLACEMENT_3D('',#4399,#3604,#3605);
#3052=AXIS2_PLACEMENT_3D('',#4405,#3609,#3610);
#3053=AXIS2_PLACEMENT_3D('',#4411,#3614,#3615);
#3054=AXIS2_PLACEMENT_3D('',#4417,#3619,#3620);
#3055=AXIS2_PLACEMENT_3D('',#4423,#3624,#3625);
#3056=AXIS2_PLACEMENT_3D('',#4429,#3629,#3630);
#3057=AXIS2_PLACEMENT_3D('',#4435,#3634,#3635);
#3058=AXIS2_PLACEMENT_3D('',#4440,#3639,#3640);
#3059=AXIS2_PLACEMENT_3D('',#4446,#3644,#3645);
#3060=AXIS2_PLACEMENT_3D('',#4449,#3648,#3649);
#3061=AXIS2_PLACEMENT_3D('',#4452,#3652,#3653);
#3062=AXIS2_PLACEMENT_3D('',#4453,#3654,#3655);
#3063=AXIS2_PLACEMENT_3D('',#4454,#3656,#3657);
#3064=AXIS2_PLACEMENT_3D('',#4460,#3661,#3662);
#3065=AXIS2_PLACEMENT_3D('',#4464,#3665,#3666);
#3066=AXIS2_PLACEMENT_3D('',#4468,#3669,#3670);
#3067=AXIS2_PLACEMENT_3D('',#4470,#3672,#3673);
#3068=AXIS2_PLACEMENT_3D('',#4471,#3674,#3675);
#3069=AXIS2_PLACEMENT_3D('',#4472,#3676,#3677);
#3070=AXIS2_PLACEMENT_3D('',#4489,#3686,#3687);
#3071=AXIS2_PLACEMENT_3D('',#4498,#3692,#3693);
#3072=AXIS2_PLACEMENT_3D('',#4507,#3698,#3699);
#3073=AXIS2_PLACEMENT_3D('',#4511,#3702,#3703);
#3074=AXIS2_PLACEMENT_3D('',#4515,#3706,#3707);
#3075=AXIS2_PLACEMENT_3D('',#4517,#3709,#3710);
#3076=AXIS2_PLACEMENT_3D('',#4518,#3711,#3712);
#3077=AXIS2_PLACEMENT_3D('',#4522,#3714,#3715);
#3078=AXIS2_PLACEMENT_3D('',#4523,#3716,#3717);
#3079=AXIS2_PLACEMENT_3D('',#4524,#3718,#3719);
#3080=AXIS2_PLACEMENT_3D('',#4527,#3721,#3722);
#3081=AXIS2_PLACEMENT_3D('',#4528,#3723,#3724);
#3082=AXIS2_PLACEMENT_3D('',#4531,#3726,#3727);
#3083=AXIS2_PLACEMENT_3D('',#4533,#3729,#3730);
#3084=AXIS2_PLACEMENT_3D('',#4540,#3734,#3735);
#3085=AXIS2_PLACEMENT_3D('',#4546,#3739,#3740);
#3086=AXIS2_PLACEMENT_3D('',#4552,#3744,#3745);
#3087=AXIS2_PLACEMENT_3D('',#4558,#3749,#3750);
#3088=AXIS2_PLACEMENT_3D('',#4564,#3754,#3755);
#3089=AXIS2_PLACEMENT_3D('',#4570,#3759,#3760);
#3090=AXIS2_PLACEMENT_3D('',#4576,#3764,#3765);
#3091=AXIS2_PLACEMENT_3D('',#4582,#3769,#3770);
#3092=AXIS2_PLACEMENT_3D('',#4591,#3775,#3776);
#3093=AXIS2_PLACEMENT_3D('',#4597,#3780,#3781);
#3094=AXIS2_PLACEMENT_3D('',#4603,#3785,#3786);
#3095=AXIS2_PLACEMENT_3D('',#4609,#3790,#3791);
#3096=AXIS2_PLACEMENT_3D('',#4615,#3795,#3796);
#3097=AXIS2_PLACEMENT_3D('',#4621,#3800,#3801);
#3098=AXIS2_PLACEMENT_3D('',#4627,#3805,#3806);
#3099=AXIS2_PLACEMENT_3D('',#4632,#3810,#3811);
#3100=AXIS2_PLACEMENT_3D('',#4638,#3815,#3816);
#3101=AXIS2_PLACEMENT_3D('',#4641,#3819,#3820);
#3102=AXIS2_PLACEMENT_3D('',#4644,#3823,#3824);
#3103=AXIS2_PLACEMENT_3D('',#4645,#3825,#3826);
#3104=AXIS2_PLACEMENT_3D('',#4646,#3827,#3828);
#3105=AXIS2_PLACEMENT_3D('',#4652,#3832,#3833);
#3106=AXIS2_PLACEMENT_3D('',#4656,#3836,#3837);
#3107=AXIS2_PLACEMENT_3D('',#4660,#3840,#3841);
#3108=AXIS2_PLACEMENT_3D('',#4662,#3843,#3844);
#3109=DIRECTION('',(0.,0.,1.));
#3110=DIRECTION('',(1.,0.,0.));
#3111=DIRECTION('',(0.,0.926946813223158,0.375192757733184));
#3112=DIRECTION('',(1.,0.,0.));
#3113=DIRECTION('',(-1.,0.,0.));
#3114=DIRECTION('',(0.,-0.375192757733184,0.926946813223158));
#3115=DIRECTION('',(1.,0.,0.));
#3116=DIRECTION('',(0.,-0.375192757733184,0.926946813223158));
#3117=DIRECTION('',(0.,-0.375192757733184,0.926946813223158));
#3118=DIRECTION('',(1.,0.,0.));
#3119=DIRECTION('',(0.,-0.375192757733184,0.926946813223158));
#3120=DIRECTION('',(1.,0.,0.));
#3121=DIRECTION('',(0.,0.926946813223158,0.375192757733184));
#3122=DIRECTION('',(1.,0.,0.));
#3123=DIRECTION('',(1.,0.,0.));
#3124=DIRECTION('',(0.,-0.375192757733184,0.926946813223158));
#3125=DIRECTION('',(-1.,0.,0.));
#3126=DIRECTION('',(0.,-0.375192757733184,0.926946813223158));
#3127=DIRECTION('',(-1.,0.,0.));
#3128=DIRECTION('',(0.,-0.375192757733184,0.926946813223158));
#3129=DIRECTION('',(-1.,0.,0.));
#3130=DIRECTION('',(0.,-0.375192757733184,0.926946813223158));
#3131=DIRECTION('',(1.,0.,0.));
#3132=DIRECTION('',(0.,0.375192757733184,-0.926946813223158));
#3133=DIRECTION('',(0.,1.,-1.11022302462516E-16));
#3134=DIRECTION('',(0.,-1.66533453693773E-16,-1.));
#3135=DIRECTION('',(0.,1.,-1.11022302462516E-16));
#3136=DIRECTION('',(0.,-1.66533453693773E-16,-1.));
#3137=DIRECTION('',(0.,1.,-1.11022302462516E-16));
#3138=DIRECTION('',(0.,-1.66533453693773E-16,-1.));
#3139=DIRECTION('',(0.,1.,-1.11022302462516E-16));
#3140=DIRECTION('',(0.,-1.66533453693773E-16,-1.));
#3141=DIRECTION('',(0.,-1.,-5.55111512312578E-17));
#3142=DIRECTION('',(0.,1.,-1.11022302462516E-16));
#3143=DIRECTION('',(1.,0.,0.));
#3144=DIRECTION('',(0.,0.375192757733184,-0.926946813223158));
#3145=DIRECTION('',(0.,-1.,-5.55111512312578E-17));
#3146=DIRECTION('',(0.,1.,-1.11022302462516E-16));
#3147=DIRECTION('',(0.,-0.375192757733184,0.926946813223158));
#3148=DIRECTION('',(0.,5.55111512312578E-17,-1.));
#3149=DIRECTION('',(0.,1.,5.55111512312578E-17));
#3150=DIRECTION('',(1.,0.,0.));
#3151=DIRECTION('',(-1.6079963978801E-16,1.,5.55111512312578E-17));
#3152=DIRECTION('',(1.,0.,0.));
#3153=DIRECTION('',(0.,-1.,-5.55111512312578E-17));
#3154=DIRECTION('',(-1.,0.,0.));
#3155=DIRECTION('',(0.,-1.,5.55111512312578E-17));
#3156=DIRECTION('',(-1.,0.,0.));
#3157=DIRECTION('',(0.,-1.,-5.55111512312578E-17));
#3158=DIRECTION('',(1.,0.,0.));
#3159=DIRECTION('',(-1.6079963978801E-16,1.,5.55111512312578E-17));
#3160=DIRECTION('',(1.,0.,0.));
#3161=DIRECTION('',(0.,-1.,-5.55111512312578E-17));
#3162=DIRECTION('',(-1.,0.,0.));
#3163=DIRECTION('',(0.,-1.,1.11022302462516E-16));
#3164=DIRECTION('',(-1.,0.,0.));
#3165=DIRECTION('',(0.,-1.,-5.55111512312578E-17));
#3166=DIRECTION('',(0.,1.11022302462516E-16,1.));
#3167=DIRECTION('',(0.,-1.,1.66533453693773E-16));
#3168=DIRECTION('',(0.,1.,-1.11022302462516E-16));
#3169=DIRECTION('',(-1.,0.,0.));
#3170=DIRECTION('',(0.,-1.,1.11022302462516E-16));
#3171=DIRECTION('',(-1.,0.,0.));
#3172=DIRECTION('',(0.,1.,-1.11022302462516E-16));
#3173=DIRECTION('',(-1.,0.,0.));
#3174=DIRECTION('',(0.,-1.,5.55111512312578E-17));
#3175=DIRECTION('',(-1.,0.,0.));
#3176=DIRECTION('',(1.,0.,0.));
#3177=DIRECTION('',(0.,0.375192757733184,-0.926946813223158));
#3178=DIRECTION('',(0.,1.66533453693773E-16,1.));
#3179=DIRECTION('',(0.,-0.375192757733184,0.926946813223158));
#3180=DIRECTION('',(1.,0.,0.));
#3181=DIRECTION('',(0.,0.375192757733184,-0.926946813223158));
#3182=DIRECTION('',(0.,-0.375192757733184,0.926946813223158));
#3183=DIRECTION('',(0.,1.66533453693773E-16,1.));
#3184=DIRECTION('',(1.,0.,0.));
#3185=DIRECTION('',(0.,0.375192757733184,-0.926946813223158));
#3186=DIRECTION('',(0.,-0.375192757733184,0.926946813223158));
#3187=DIRECTION('',(0.,1.66533453693773E-16,1.));
#3188=DIRECTION('',(0.,1.,-1.66533453693773E-16));
#3189=DIRECTION('',(0.,2.22044604925032E-16,1.));
#3190=DIRECTION('',(1.,0.,0.));
#3191=DIRECTION('',(0.,1.66533453693773E-16,1.));
#3192=DIRECTION('',(0.,1.,-1.66533453693773E-16));
#3193=DIRECTION('',(0.,2.22044604925032E-16,1.));
#3194=DIRECTION('',(1.,0.,0.));
#3195=DIRECTION('',(0.,1.66533453693773E-16,1.));
#3196=DIRECTION('',(0.,1.,-1.66533453693773E-16));
#3197=DIRECTION('',(0.,2.22044604925032E-16,1.));
#3198=DIRECTION('',(0.,1.66533453693773E-16,1.));
#3199=DIRECTION('',(1.,0.,0.));
#3200=DIRECTION('',(1.,0.,0.));
#3201=DIRECTION('',(0.,0.375192757733184,-0.926946813223158));
#3202=DIRECTION('',(0.,-0.375192757733184,0.926946813223158));
#3203=DIRECTION('',(0.,1.66533453693773E-16,1.));
#3204=DIRECTION('',(0.,1.,-1.66533453693773E-16));
#3205=DIRECTION('',(0.,2.22044604925032E-16,1.));
#3206=DIRECTION('',(0.,1.66533453693773E-16,1.));
#3207=DIRECTION('',(-1.,0.,0.));
#3208=DIRECTION('',(0.,0.926946813223158,0.375192757733184));
#3209=DIRECTION('',(0.,-0.375192757733184,0.926946813223158));
#3210=DIRECTION('',(0.,-0.375192757733184,0.926946813223158));
#3211=DIRECTION('',(-1.,0.,0.));
#3212=DIRECTION('',(0.,0.926946813223158,0.375192757733184));
#3213=DIRECTION('',(0.,-0.375192757733184,0.926946813223158));
#3214=DIRECTION('',(0.,-0.375192757733184,0.926946813223158));
#3215=DIRECTION('',(0.,-0.375192757733184,0.926946813223158));
#3216=DIRECTION('',(0.,0.926946813223158,0.375192757733184));
#3217=DIRECTION('',(1.,0.,0.));
#3218=DIRECTION('',(0.,0.926946813223158,0.375192757733184));
#3219=DIRECTION('',(1.,0.,0.));
#3220=DIRECTION('',(0.,0.926946813223158,0.375192757733184));
#3221=DIRECTION('',(1.,0.,0.));
#3222=DIRECTION('',(0.,0.926946813223158,0.375192757733184));
#3223=DIRECTION('',(1.,0.,0.));
#3224=DIRECTION('',(0.,0.926946813223158,0.375192757733184));
#3225=DIRECTION('',(1.,0.,0.));
#3226=DIRECTION('',(0.942809041582063,0.333333333333334,-5.55111512312578E-17));
#3227=DIRECTION('',(0.311427398299668,-0.880849700739917,-0.356534402680442));
#3228=DIRECTION('',(0.333333333333334,-0.942809041582064,1.66533453693773E-16));
#3229=DIRECTION('',(0.,-1.66533453693773E-16,-1.));
#3230=DIRECTION('',(0.333333333333334,-0.942809041582064,1.66533453693773E-16));
#3231=DIRECTION('',(0.,-1.66533453693773E-16,-1.));
#3232=DIRECTION('',(0.,-1.66533453693773E-16,-1.));
#3233=DIRECTION('',(0.,1.,-1.66533453693773E-16));
#3234=DIRECTION('',(0.,1.11022302462516E-16,1.));
#3235=DIRECTION('',(0.,-1.,1.11022302462516E-16));
#3236=DIRECTION('',(0.,1.11022302462516E-16,1.));
#3237=DIRECTION('',(0.,-1.,1.11022302462516E-16));
#3238=DIRECTION('',(0.,-1.66533453693773E-16,-1.));
#3239=DIRECTION('',(0.,1.,-1.66533453693773E-16));
#3240=DIRECTION('',(0.,1.11022302462516E-16,1.));
#3241=DIRECTION('',(0.,-1.,1.11022302462516E-16));
#3242=DIRECTION('',(0.,1.11022302462516E-16,1.));
#3243=DIRECTION('',(0.,-1.,1.11022302462516E-16));
#3244=DIRECTION('',(0.,1.11022302462516E-16,1.));
#3245=DIRECTION('',(1.,0.,0.));
#3246=DIRECTION('',(0.,1.11022302462516E-16,1.));
#3247=DIRECTION('',(1.,0.,0.));
#3248=DIRECTION('',(0.942809041582063,0.333333333333334,-4.16333634234433E-17));
#3249=DIRECTION('',(0.311427398299668,-0.880849700739917,-0.356534402680442));
#3250=DIRECTION('',(0.333333333333334,-0.942809041582064,1.66533453693773E-16));
#3251=DIRECTION('',(0.,-1.66533453693773E-16,-1.));
#3252=DIRECTION('',(0.333333333333334,-0.942809041582064,1.66533453693773E-16));
#3253=DIRECTION('',(0.,-1.66533453693773E-16,-1.));
#3254=DIRECTION('',(0.,-1.66533453693773E-16,-1.));
#3255=DIRECTION('',(0.,1.,-1.66533453693773E-16));
#3256=DIRECTION('',(0.,1.11022302462516E-16,1.));
#3257=DIRECTION('',(0.,-1.,1.11022302462516E-16));
#3258=DIRECTION('',(0.,1.11022302462516E-16,1.));
#3259=DIRECTION('',(0.,-1.,1.11022302462516E-16));
#3260=DIRECTION('',(0.,-1.66533453693773E-16,-1.));
#3261=DIRECTION('',(0.,1.,-1.66533453693773E-16));
#3262=DIRECTION('',(0.,1.11022302462516E-16,1.));
#3263=DIRECTION('',(0.,-1.,1.11022302462516E-16));
#3264=DIRECTION('',(0.,1.11022302462516E-16,1.));
#3265=DIRECTION('',(0.,-1.,1.11022302462516E-16));
#3266=DIRECTION('',(0.,1.11022302462516E-16,1.));
#3267=DIRECTION('',(1.,0.,0.));
#3268=DIRECTION('',(0.,1.11022302462516E-16,1.));
#3269=DIRECTION('',(1.,0.,0.));
#3270=DIRECTION('',(0.,-0.375192757733184,0.926946813223158));
#3271=DIRECTION('',(0.,-0.926946813223158,-0.375192757733184));
#3272=DIRECTION('',(0.,-0.926946813223158,-0.375192757733184));
#3273=DIRECTION('',(-1.,0.,0.));
#3274=DIRECTION('',(0.,-0.926946813223158,-0.375192757733184));
#3275=DIRECTION('',(1.,0.,0.));
#3276=DIRECTION('',(0.,-0.926946813223158,-0.375192757733184));
#3277=DIRECTION('',(0.,-0.926946813223158,-0.375192757733184));
#3278=DIRECTION('',(0.,-0.375192757733184,0.926946813223158));
#3279=DIRECTION('',(0.,-0.375192757733184,0.926946813223158));
#3280=DIRECTION('',(0.,-0.926946813223158,-0.375192757733184));
#3281=DIRECTION('',(0.,-0.926946813223158,-0.375192757733184));
#3282=DIRECTION('',(-1.,0.,0.));
#3283=DIRECTION('',(1.,0.,0.));
#3284=DIRECTION('',(0.,-0.926946813223158,-0.375192757733184));
#3285=DIRECTION('',(0.,-0.375192757733184,0.926946813223158));
#3286=DIRECTION('',(0.,-0.926946813223158,-0.375192757733184));
#3287=DIRECTION('',(1.,0.,0.));
#3288=DIRECTION('',(0.,0.375192757733184,-0.926946813223158));
#3289=DIRECTION('',(0.,0.926946813223158,0.375192757733184));
#3290=DIRECTION('',(0.,-0.926946813223158,-0.375192757733184));
#3291=DIRECTION('',(1.,0.,0.));
#3292=DIRECTION('',(0.,-0.926946813223158,-0.375192757733184));
#3293=DIRECTION('',(1.,0.,0.));
#3294=DIRECTION('',(0.,-0.926946813223158,-0.375192757733184));
#3295=DIRECTION('',(0.,-0.926946813223158,-0.375192757733184));
#3296=DIRECTION('',(0.,-0.375192757733184,0.926946813223158));
#3297=DIRECTION('',(0.,0.375192757733184,-0.926946813223158));
#3298=DIRECTION('',(0.,0.926946813223158,0.375192757733184));
#3299=DIRECTION('',(0.,-0.926946813223158,-0.375192757733184));
#3300=DIRECTION('',(1.,0.,0.));
#3301=DIRECTION('',(1.,0.,0.));
#3302=DIRECTION('',(0.,-0.926946813223158,-0.375192757733184));
#3303=DIRECTION('',(0.,-0.375192757733184,0.926946813223158));
#3304=DIRECTION('',(0.,0.926946813223158,0.375192757733184));
#3305=DIRECTION('',(1.,0.,0.));
#3306=DIRECTION('',(0.,0.,1.));
#3307=DIRECTION('',(1.,0.,0.));
#3308=DIRECTION('',(0.,0.926946813223158,0.375192757733184));
#3309=DIRECTION('',(-1.,0.,0.));
#3310=DIRECTION('',(1.,0.,0.));
#3311=DIRECTION('',(0.,-0.375192757733184,0.926946813223158));
#3312=DIRECTION('',(-1.,0.,0.));
#3313=DIRECTION('',(0.,-0.375192757733184,0.926946813223158));
#3314=DIRECTION('',(0.,-0.375192757733184,0.926946813223158));
#3315=DIRECTION('',(-1.,0.,0.));
#3316=DIRECTION('',(0.,-0.375192757733184,0.926946813223158));
#3317=DIRECTION('',(-1.,0.,0.));
#3318=DIRECTION('',(0.,0.926946813223158,0.375192757733184));
#3319=DIRECTION('',(-1.,0.,0.));
#3320=DIRECTION('',(-1.,0.,0.));
#3321=DIRECTION('',(0.,-0.375192757733184,0.926946813223158));
#3322=DIRECTION('',(1.,0.,0.));
#3323=DIRECTION('',(0.,-0.375192757733184,0.926946813223158));
#3324=DIRECTION('',(1.,0.,0.));
#3325=DIRECTION('',(0.,-0.375192757733184,0.926946813223158));
#3326=DIRECTION('',(1.,0.,0.));
#3327=DIRECTION('',(0.,-0.375192757733184,0.926946813223158));
#3328=DIRECTION('',(-1.,0.,0.));
#3329=DIRECTION('',(0.,0.375192757733184,-0.926946813223158));
#3330=DIRECTION('',(0.,1.,-1.11022302462516E-16));
#3331=DIRECTION('',(0.,-1.66533453693773E-16,-1.));
#3332=DIRECTION('',(0.,1.,-1.11022302462516E-16));
#3333=DIRECTION('',(0.,-1.66533453693773E-16,-1.));
#3334=DIRECTION('',(0.,1.,-1.11022302462516E-16));
#3335=DIRECTION('',(0.,-1.66533453693773E-16,-1.));
#3336=DIRECTION('',(0.,1.,-1.11022302462516E-16));
#3337=DIRECTION('',(0.,-1.66533453693773E-16,-1.));
#3338=DIRECTION('',(0.,-1.,-5.55111512312578E-17));
#3339=DIRECTION('',(0.,1.,-1.11022302462516E-16));
#3340=DIRECTION('',(-1.,0.,0.));
#3341=DIRECTION('',(0.,0.375192757733184,-0.926946813223158));
#3342=DIRECTION('',(0.,-1.,-5.55111512312578E-17));
#3343=DIRECTION('',(0.,-0.375192757733184,0.926946813223158));
#3344=DIRECTION('',(0.,1.,-1.11022302462516E-16));
#3345=DIRECTION('',(0.,5.55111512312578E-17,-1.));
#3346=DIRECTION('',(0.,1.,5.55111512312578E-17));
#3347=DIRECTION('',(0.,-1.,-5.55111512312578E-17));
#3348=DIRECTION('',(1.,0.,0.));
#3349=DIRECTION('',(0.,-1.,1.11022302462516E-16));
#3350=DIRECTION('',(1.,0.,0.));
#3351=DIRECTION('',(0.,-1.,-5.55111512312578E-17));
#3352=DIRECTION('',(-1.,0.,0.));
#3353=DIRECTION('',(1.6079963978801E-16,1.,5.55111512312578E-17));
#3354=DIRECTION('',(-1.,0.,0.));
#3355=DIRECTION('',(0.,-1.,-5.55111512312578E-17));
#3356=DIRECTION('',(1.,0.,0.));
#3357=DIRECTION('',(0.,-1.,5.55111512312578E-17));
#3358=DIRECTION('',(1.,0.,0.));
#3359=DIRECTION('',(0.,-1.,-5.55111512312578E-17));
#3360=DIRECTION('',(-1.,0.,0.));
#3361=DIRECTION('',(1.6079963978801E-16,1.,5.55111512312578E-17));
#3362=DIRECTION('',(-1.,0.,0.));
#3363=DIRECTION('',(0.,1.11022302462516E-16,1.));
#3364=DIRECTION('',(0.,-1.,1.66533453693773E-16));
#3365=DIRECTION('',(1.,0.,0.));
#3366=DIRECTION('',(0.,-1.,5.55111512312578E-17));
#3367=DIRECTION('',(1.,0.,0.));
#3368=DIRECTION('',(0.,1.,-1.11022302462516E-16));
#3369=DIRECTION('',(1.,0.,0.));
#3370=DIRECTION('',(0.,-1.,1.11022302462516E-16));
#3371=DIRECTION('',(1.,0.,0.));
#3372=DIRECTION('',(0.,1.,-1.11022302462516E-16));
#3373=DIRECTION('',(-1.,0.,0.));
#3374=DIRECTION('',(0.,0.375192757733184,-0.926946813223158));
#3375=DIRECTION('',(0.,-0.375192757733184,0.926946813223158));
#3376=DIRECTION('',(0.,1.66533453693773E-16,1.));
#3377=DIRECTION('',(-1.,0.,0.));
#3378=DIRECTION('',(0.,0.375192757733184,-0.926946813223158));
#3379=DIRECTION('',(0.,1.66533453693773E-16,1.));
#3380=DIRECTION('',(0.,-0.375192757733184,0.926946813223158));
#3381=DIRECTION('',(-1.,0.,0.));
#3382=DIRECTION('',(0.,0.375192757733184,-0.926946813223158));
#3383=DIRECTION('',(0.,1.66533453693773E-16,1.));
#3384=DIRECTION('',(0.,-0.375192757733184,0.926946813223158));
#3385=DIRECTION('',(0.,1.,-1.66533453693773E-16));
#3386=DIRECTION('',(0.,2.22044604925032E-16,1.));
#3387=DIRECTION('',(-1.,0.,0.));
#3388=DIRECTION('',(0.,1.66533453693773E-16,1.));
#3389=DIRECTION('',(0.,1.,-1.66533453693773E-16));
#3390=DIRECTION('',(0.,2.22044604925032E-16,1.));
#3391=DIRECTION('',(-1.,0.,0.));
#3392=DIRECTION('',(0.,1.66533453693773E-16,1.));
#3393=DIRECTION('',(0.,1.,-1.66533453693773E-16));
#3394=DIRECTION('',(0.,2.22044604925032E-16,1.));
#3395=DIRECTION('',(0.,1.66533453693773E-16,1.));
#3396=DIRECTION('',(-1.,0.,0.));
#3397=DIRECTION('',(-1.,0.,0.));
#3398=DIRECTION('',(0.,0.375192757733184,-0.926946813223158));
#3399=DIRECTION('',(0.,-0.375192757733184,0.926946813223158));
#3400=DIRECTION('',(0.,1.66533453693773E-16,1.));
#3401=DIRECTION('',(0.,1.,-1.66533453693773E-16));
#3402=DIRECTION('',(0.,2.22044604925032E-16,1.));
#3403=DIRECTION('',(0.,1.66533453693773E-16,1.));
#3404=DIRECTION('',(1.,0.,0.));
#3405=DIRECTION('',(0.,0.926946813223158,0.375192757733184));
#3406=DIRECTION('',(0.,-0.375192757733184,0.926946813223158));
#3407=DIRECTION('',(0.,-0.375192757733184,0.926946813223158));
#3408=DIRECTION('',(1.,0.,0.));
#3409=DIRECTION('',(0.,0.926946813223158,0.375192757733184));
#3410=DIRECTION('',(0.,-0.375192757733184,0.926946813223158));
#3411=DIRECTION('',(0.,-0.375192757733184,0.926946813223158));
#3412=DIRECTION('',(0.,-0.375192757733184,0.926946813223158));
#3413=DIRECTION('',(0.,0.926946813223158,0.375192757733184));
#3414=DIRECTION('',(-1.,0.,0.));
#3415=DIRECTION('',(0.,0.926946813223158,0.375192757733184));
#3416=DIRECTION('',(-1.,0.,0.));
#3417=DIRECTION('',(0.,0.926946813223158,0.375192757733184));
#3418=DIRECTION('',(-1.,0.,0.));
#3419=DIRECTION('',(0.,0.926946813223158,0.375192757733184));
#3420=DIRECTION('',(-1.,0.,0.));
#3421=DIRECTION('',(0.,0.926946813223158,0.375192757733184));
#3422=DIRECTION('',(-1.,0.,0.));
#3423=DIRECTION('',(-0.942809041582063,0.333333333333334,-5.55111512312578E-17));
#3424=DIRECTION('',(-0.311427398299668,-0.880849700739917,-0.356534402680442));
#3425=DIRECTION('',(-0.333333333333334,-0.942809041582064,1.66533453693773E-16));
#3426=DIRECTION('',(0.,-1.66533453693773E-16,-1.));
#3427=DIRECTION('',(-0.333333333333334,-0.942809041582064,1.66533453693773E-16));
#3428=DIRECTION('',(0.,-1.66533453693773E-16,-1.));
#3429=DIRECTION('',(0.,-1.66533453693773E-16,-1.));
#3430=DIRECTION('',(0.,1.,-1.66533453693773E-16));
#3431=DIRECTION('',(0.,-1.11022302462516E-16,-1.));
#3432=DIRECTION('',(0.,-1.,1.11022302462516E-16));
#3433=DIRECTION('',(0.,-1.11022302462516E-16,-1.));
#3434=DIRECTION('',(0.,-1.,1.11022302462516E-16));
#3435=DIRECTION('',(0.,-1.66533453693773E-16,-1.));
#3436=DIRECTION('',(0.,1.,-1.66533453693773E-16));
#3437=DIRECTION('',(0.,-1.11022302462516E-16,-1.));
#3438=DIRECTION('',(0.,-1.,1.11022302462516E-16));
#3439=DIRECTION('',(0.,-1.11022302462516E-16,-1.));
#3440=DIRECTION('',(0.,-1.,1.11022302462516E-16));
#3441=DIRECTION('',(0.,1.11022302462516E-16,1.));
#3442=DIRECTION('',(-1.,0.,0.));
#3443=DIRECTION('',(0.,1.11022302462516E-16,1.));
#3444=DIRECTION('',(-1.,0.,0.));
#3445=DIRECTION('',(-0.942809041582063,0.333333333333334,-4.16333634234433E-17));
#3446=DIRECTION('',(-0.311427398299668,-0.880849700739917,-0.356534402680442));
#3447=DIRECTION('',(-0.333333333333334,-0.942809041582064,1.66533453693773E-16));
#3448=DIRECTION('',(0.,-1.66533453693773E-16,-1.));
#3449=DIRECTION('',(-0.333333333333334,-0.942809041582064,1.66533453693773E-16));
#3450=DIRECTION('',(0.,-1.66533453693773E-16,-1.));
#3451=DIRECTION('',(0.,-1.66533453693773E-16,-1.));
#3452=DIRECTION('',(0.,1.,-1.66533453693773E-16));
#3453=DIRECTION('',(0.,-1.11022302462516E-16,-1.));
#3454=DIRECTION('',(0.,-1.,1.11022302462516E-16));
#3455=DIRECTION('',(0.,-1.11022302462516E-16,-1.));
#3456=DIRECTION('',(0.,-1.,1.11022302462516E-16));
#3457=DIRECTION('',(0.,-1.66533453693773E-16,-1.));
#3458=DIRECTION('',(0.,1.,-1.66533453693773E-16));
#3459=DIRECTION('',(0.,-1.11022302462516E-16,-1.));
#3460=DIRECTION('',(0.,-1.,1.11022302462516E-16));
#3461=DIRECTION('',(0.,-1.11022302462516E-16,-1.));
#3462=DIRECTION('',(0.,-1.,1.11022302462516E-16));
#3463=DIRECTION('',(0.,1.11022302462516E-16,1.));
#3464=DIRECTION('',(-1.,0.,0.));
#3465=DIRECTION('',(0.,1.11022302462516E-16,1.));
#3466=DIRECTION('',(-1.,0.,0.));
#3467=DIRECTION('',(0.,-0.375192757733184,0.926946813223158));
#3468=DIRECTION('',(0.,-0.926946813223158,-0.375192757733184));
#3469=DIRECTION('',(0.,-0.926946813223158,-0.375192757733184));
#3470=DIRECTION('',(1.,0.,0.));
#3471=DIRECTION('',(0.,-0.926946813223158,-0.375192757733184));
#3472=DIRECTION('',(-1.,0.,0.));
#3473=DIRECTION('',(0.,-0.926946813223158,-0.375192757733184));
#3474=DIRECTION('',(0.,-0.375192757733184,0.926946813223158));
#3475=DIRECTION('',(0.,-0.926946813223158,-0.375192757733184));
#3476=DIRECTION('',(0.,-0.375192757733184,0.926946813223158));
#3477=DIRECTION('',(0.,-0.926946813223158,-0.375192757733184));
#3478=DIRECTION('',(1.,0.,0.));
#3479=DIRECTION('',(0.,-0.926946813223158,-0.375192757733184));
#3480=DIRECTION('',(-1.,0.,0.));
#3481=DIRECTION('',(0.,-0.926946813223158,-0.375192757733184));
#3482=DIRECTION('',(0.,-0.375192757733184,0.926946813223158));
#3483=DIRECTION('',(0.,-0.926946813223158,-0.375192757733184));
#3484=DIRECTION('',(-1.,0.,0.));
#3485=DIRECTION('',(0.,0.375192757733184,-0.926946813223158));
#3486=DIRECTION('',(0.,0.926946813223158,0.375192757733184));
#3487=DIRECTION('',(0.,-0.926946813223158,-0.375192757733184));
#3488=DIRECTION('',(-1.,0.,0.));
#3489=DIRECTION('',(0.,-0.926946813223158,-0.375192757733184));
#3490=DIRECTION('',(-1.,0.,0.));
#3491=DIRECTION('',(0.,-0.926946813223158,-0.375192757733184));
#3492=DIRECTION('',(0.,-0.375192757733184,0.926946813223158));
#3493=DIRECTION('',(0.,-0.926946813223158,-0.375192757733184));
#3494=DIRECTION('',(0.,0.375192757733184,-0.926946813223158));
#3495=DIRECTION('',(0.,0.926946813223158,0.375192757733184));
#3496=DIRECTION('',(-1.,0.,0.));
#3497=DIRECTION('',(0.,-0.926946813223158,-0.375192757733184));
#3498=DIRECTION('',(-1.,0.,0.));
#3499=DIRECTION('',(0.,-0.926946813223158,-0.375192757733184));
#3500=DIRECTION('',(0.,-0.375192757733184,0.926946813223158));
#3501=DIRECTION('',(0.,0.926946813223158,0.375192757733184));
#3502=DIRECTION('',(-1.,0.,0.));
#3503=DIRECTION('',(0.,0.,1.));
#3504=DIRECTION('',(1.,0.,0.));
#3505=DIRECTION('',(0.,-0.926946813223158,-0.375192757733184));
#3506=DIRECTION('',(1.,0.,0.));
#3507=DIRECTION('',(-1.,0.,0.));
#3508=DIRECTION('',(0.,0.375192757733184,-0.926946813223158));
#3509=DIRECTION('',(1.,0.,0.));
#3510=DIRECTION('',(0.,0.375192757733184,-0.926946813223158));
#3511=DIRECTION('',(1.,0.,0.));
#3512=DIRECTION('',(0.,-0.375192757733184,0.926946813223158));
#3513=DIRECTION('',(1.,0.,0.));
#3514=DIRECTION('',(1.5770213417971E-16,-0.375192757733184,0.926946813223158));
#3515=DIRECTION('',(0.942809041582063,-0.333333333333333,2.77555756156289E-17));
#3516=DIRECTION('',(0.311427398299668,0.880849700739917,0.356534402680443));
#3517=DIRECTION('',(0.333333333333333,0.942809041582064,0.));
#3518=DIRECTION('',(0.,1.11022302462516E-16,1.));
#3519=DIRECTION('',(0.333333333333333,0.942809041582064,0.));
#3520=DIRECTION('',(0.,1.11022302462516E-16,1.));
#3521=DIRECTION('',(0.,0.39014903418414,0.920751720674571));
#3522=DIRECTION('',(1.,0.,0.));
#3523=DIRECTION('',(0.,-0.920751720674571,0.39014903418414));
#3524=DIRECTION('',(-1.,0.,0.));
#3525=DIRECTION('',(0.,0.920751720674571,-0.39014903418414));
#3526=DIRECTION('',(1.,0.,0.));
#3527=DIRECTION('',(-1.,0.,0.));
#3528=DIRECTION('',(0.,-0.926946813223158,-0.375192757733184));
#3529=DIRECTION('',(0.,-0.39014903418414,-0.920751720674571));
#3530=DIRECTION('',(0.,0.926946813223158,0.375192757733184));
#3531=DIRECTION('',(0.,0.920751720674571,-0.39014903418414));
#3532=DIRECTION('',(-1.,0.,0.));
#3533=DIRECTION('',(-1.,0.,0.));
#3534=DIRECTION('',(0.,0.39014903418414,0.920751720674571));
#3535=DIRECTION('',(-1.,0.,0.));
#3536=DIRECTION('',(0.,-0.926946813223158,-0.375192757733184));
#3537=DIRECTION('',(0.,0.926946813223158,0.375192757733184));
#3538=DIRECTION('',(0.,1.11022302462516E-16,1.));
#3539=DIRECTION('',(0.,-1.,5.55111512312578E-17));
#3540=DIRECTION('',(0.,-5.55111512312578E-17,-1.));
#3541=DIRECTION('',(0.,1.,0.));
#3542=DIRECTION('',(0.,-5.55111512312578E-17,-1.));
#3543=DIRECTION('',(0.,1.,0.));
#3544=DIRECTION('',(0.,1.11022302462516E-16,1.));
#3545=DIRECTION('',(0.,-5.55111512312578E-17,-1.));
#3546=DIRECTION('',(1.,0.,0.));
#3547=DIRECTION('',(0.,-1.,0.));
#3548=DIRECTION('',(0.,-5.55111512312578E-17,-1.));
#3549=DIRECTION('',(0.,1.,0.));
#3550=DIRECTION('',(0.,1.11022302462516E-16,1.));
#3551=DIRECTION('',(0.,-1.,5.55111512312578E-17));
#3552=DIRECTION('',(0.,1.11022302462516E-16,1.));
#3553=DIRECTION('',(0.,-5.55111512312578E-17,-1.));
#3554=DIRECTION('',(0.,1.,0.));
#3555=DIRECTION('',(0.,-5.55111512312578E-17,-1.));
#3556=DIRECTION('',(1.,0.,0.));
#3557=DIRECTION('',(0.,-1.,0.));
#3558=DIRECTION('',(1.,0.,0.));
#3559=DIRECTION('',(0.,-0.375192757733184,0.926946813223158));
#3560=DIRECTION('',(0.,0.375192757733184,-0.926946813223158));
#3561=DIRECTION('',(0.,0.926946813223158,0.375192757733184));
#3562=DIRECTION('',(0.,-1.,0.));
#3563=DIRECTION('',(0.,-0.926946813223158,-0.375192757733184));
#3564=DIRECTION('',(1.,0.,0.));
#3565=DIRECTION('',(1.,0.,0.));
#3566=DIRECTION('',(-1.,0.,0.));
#3567=DIRECTION('',(0.,0.375192757733184,-0.926946813223158));
#3568=DIRECTION('',(-1.,1.6079963978801E-16,6.50855684856233E-17));
#3569=DIRECTION('',(-1.73472347597681E-16,-0.926946813223158,-0.375192757733184));
#3570=DIRECTION('',(-1.73472347597681E-16,-0.926946813223158,-0.375192757733184));
#3571=DIRECTION('',(1.6079963978801E-16,1.,0.));
#3572=DIRECTION('',(0.,0.375192757733184,-0.926946813223158));
#3573=DIRECTION('',(0.,-0.926946813223158,-0.375192757733184));
#3574=DIRECTION('',(1.,0.,0.));
#3575=DIRECTION('',(-1.,0.,0.));
#3576=DIRECTION('',(0.,0.375192757733184,-0.926946813223158));
#3577=DIRECTION('',(1.,0.,0.));
#3578=DIRECTION('',(1.,0.,0.));
#3579=DIRECTION('',(0.,-0.375192757733184,0.926946813223158));
#3580=DIRECTION('',(0.,0.926946813223158,0.375192757733184));
#3581=DIRECTION('',(0.,-1.,0.));
#3582=DIRECTION('',(0.,-5.55111512312578E-17,-1.));
#3583=DIRECTION('',(0.,-1.,0.));
#3584=DIRECTION('',(0.,-1.11022302462516E-16,-1.));
#3585=DIRECTION('',(1.,0.,0.));
#3586=DIRECTION('',(-1.,0.,0.));
#3587=DIRECTION('',(0.,-5.55111512312578E-17,-1.));
#3588=DIRECTION('',(-1.,0.,0.));
#3589=DIRECTION('',(0.,-0.926946813223158,-0.375192757733184));
#3590=DIRECTION('',(0.,-0.926946813223158,-0.375192757733184));
#3591=DIRECTION('',(0.,1.,0.));
#3592=DIRECTION('',(0.,-5.55111512312578E-17,-1.));
#3593=DIRECTION('',(0.,-1.,0.));
#3594=DIRECTION('',(0.,-1.11022302462516E-16,-1.));
#3595=DIRECTION('',(-1.,0.,0.));
#3596=DIRECTION('',(0.,-5.55111512312578E-17,-1.));
#3597=DIRECTION('',(1.,0.,0.));
#3598=DIRECTION('',(0.,-1.,0.));
#3599=DIRECTION('',(0.,-1.11022302462516E-16,-1.));
#3600=DIRECTION('',(-1.,0.,0.));
#3601=DIRECTION('',(0.,-5.55111512312578E-17,-1.));
#3602=DIRECTION('',(-1.,0.,0.));
#3603=DIRECTION('',(0.,-5.55111512312578E-17,-1.));
#3604=DIRECTION('',(-1.,0.,0.));
#3605=DIRECTION('',(0.,-0.926946813223158,-0.375192757733184));
#3606=DIRECTION('',(0.,1.,0.));
#3607=DIRECTION('',(0.,1.,0.));
#3608=DIRECTION('',(0.,-5.55111512312578E-17,-1.));
#3609=DIRECTION('',(0.,-1.,0.));
#3610=DIRECTION('',(0.,-1.11022302462516E-16,-1.));
#3611=DIRECTION('',(-1.,0.,0.));
#3612=DIRECTION('',(-1.,0.,0.));
#3613=DIRECTION('',(0.,-5.55111512312578E-17,-1.));
#3614=DIRECTION('',(1.,0.,0.));
#3615=DIRECTION('',(0.,-0.375192757733184,0.926946813223158));
#3616=DIRECTION('',(0.,1.,1.11022302462516E-16));
#3617=DIRECTION('',(0.,0.375192757733184,-0.926946813223158));
#3618=DIRECTION('',(0.,-1.,0.));
#3619=DIRECTION('',(0.,-0.926946813223158,-0.375192757733184));
#3620=DIRECTION('',(1.,0.,0.));
#3621=DIRECTION('',(1.,0.,0.));
#3622=DIRECTION('',(0.,0.375192757733184,-0.926946813223158));
#3623=DIRECTION('',(-1.,0.,0.));
#3624=DIRECTION('',(-1.,1.6079963978801E-16,6.50855684856233E-17));
#3625=DIRECTION('',(-1.73472347597681E-16,-0.926946813223158,-0.375192757733184));
#3626=DIRECTION('',(1.6079963978801E-16,1.,0.));
#3627=DIRECTION('',(-1.6079963978801E-16,-1.,-1.11022302462516E-16));
#3628=DIRECTION('',(0.,0.375192757733184,-0.926946813223158));
#3629=DIRECTION('',(0.,-0.926946813223158,-0.375192757733184));
#3630=DIRECTION('',(1.,0.,0.));
#3631=DIRECTION('',(-1.,0.,0.));
#3632=DIRECTION('',(1.,0.,0.));
#3633=DIRECTION('',(0.,0.375192757733184,-0.926946813223158));
#3634=DIRECTION('',(1.,0.,0.));
#3635=DIRECTION('',(0.,-0.375192757733184,0.926946813223158));
#3636=DIRECTION('',(0.,1.,1.11022302462516E-16));
#3637=DIRECTION('',(0.,0.926946813223158,0.375192757733184));
#3638=DIRECTION('',(0.,-1.,0.));
#3639=DIRECTION('',(0.,-0.375192757733184,0.926946813223158));
#3640=DIRECTION('',(0.,-0.926946813223158,-0.375192757733184));
#3641=DIRECTION('',(-1.,0.,0.));
#3642=DIRECTION('',(0.,0.926946813223158,0.375192757733184));
#3643=DIRECTION('',(-1.,0.,0.));
#3644=DIRECTION('',(0.,0.,-1.));
#3645=DIRECTION('',(0.,1.,0.));
#3646=DIRECTION('',(0.,-1.,0.));
#3647=DIRECTION('',(0.,-1.,0.));
#3648=DIRECTION('',(0.,-1.11022302462516E-16,1.));
#3649=DIRECTION('',(0.,-1.,-1.11022302462516E-16));
#3650=DIRECTION('',(0.,1.,1.11022302462516E-16));
#3651=DIRECTION('',(0.,1.,1.11022302462516E-16));
#3652=DIRECTION('',(1.,0.,0.));
#3653=DIRECTION('',(0.,-0.375192757733184,0.926946813223158));
#3654=DIRECTION('',(1.,0.,0.));
#3655=DIRECTION('',(0.,-0.375192757733184,0.926946813223158));
#3656=DIRECTION('',(0.,-0.375192757733184,0.926946813223158));
#3657=DIRECTION('',(0.,-0.926946813223158,-0.375192757733184));
#3658=DIRECTION('',(0.,0.926946813223158,0.375192757733184));
#3659=DIRECTION('',(1.,0.,0.));
#3660=DIRECTION('',(0.,0.926946813223158,0.375192757733184));
#3661=DIRECTION('',(-1.,-5.91686986232939E-17,1.46181490716373E-16));
#3662=DIRECTION('',(-1.5770213417971E-16,0.375192757733184,-0.926946813223158));
#3663=DIRECTION('',(0.,0.926946813223158,0.375192757733184));
#3664=DIRECTION('',(1.5770213417971E-16,-0.375192757733184,0.926946813223158));
#3665=DIRECTION('',(0.,-0.375192757733184,0.926946813223158));
#3666=DIRECTION('',(0.,-0.926946813223158,-0.375192757733184));
#3667=DIRECTION('',(0.,0.926946813223158,0.375192757733184));
#3668=DIRECTION('',(1.,0.,0.));
#3669=DIRECTION('',(-1.,0.,0.));
#3670=DIRECTION('',(0.,-0.926946813223158,-0.375192757733184));
#3671=DIRECTION('',(0.,-0.375192757733184,0.926946813223158));
#3672=DIRECTION('',(0.,0.926946813223158,0.375192757733184));
#3673=DIRECTION('',(1.,0.,0.));
#3674=DIRECTION('',(0.,0.,1.));
#3675=DIRECTION('',(1.,0.,0.));
#3676=DIRECTION('',(0.,-0.926946813223158,-0.375192757733184));
#3677=DIRECTION('',(-1.,0.,0.));
#3678=DIRECTION('',(1.,0.,0.));
#3679=DIRECTION('',(0.,0.375192757733184,-0.926946813223158));
#3680=DIRECTION('',(-1.,0.,0.));
#3681=DIRECTION('',(0.,0.375192757733184,-0.926946813223158));
#3682=DIRECTION('',(-1.,0.,0.));
#3683=DIRECTION('',(-1.5770213417971E-16,-0.375192757733184,0.926946813223158));
#3684=DIRECTION('',(-1.,0.,0.));
#3685=DIRECTION('',(0.,-0.375192757733184,0.926946813223158));
#3686=DIRECTION('',(-0.942809041582063,-0.333333333333333,2.77555756156289E-17));
#3687=DIRECTION('',(-0.311427398299668,0.880849700739917,0.356534402680443));
#3688=DIRECTION('',(-0.333333333333333,0.942809041582064,0.));
#3689=DIRECTION('',(0.,1.11022302462516E-16,1.));
#3690=DIRECTION('',(-0.333333333333333,0.942809041582064,0.));
#3691=DIRECTION('',(0.,1.11022302462516E-16,1.));
#3692=DIRECTION('',(0.,0.39014903418414,0.920751720674571));
#3693=DIRECTION('',(-1.,0.,0.));
#3694=DIRECTION('',(0.,-0.920751720674571,0.39014903418414));
#3695=DIRECTION('',(-1.,0.,0.));
#3696=DIRECTION('',(0.,0.920751720674571,-0.39014903418414));
#3697=DIRECTION('',(1.,0.,0.));
#3698=DIRECTION('',(1.,0.,0.));
#3699=DIRECTION('',(0.,-0.926946813223158,-0.375192757733184));
#3700=DIRECTION('',(0.,-0.39014903418414,-0.920751720674571));
#3701=DIRECTION('',(0.,0.926946813223158,0.375192757733184));
#3702=DIRECTION('',(0.,0.920751720674571,-0.39014903418414));
#3703=DIRECTION('',(1.,0.,0.));
#3704=DIRECTION('',(1.,0.,0.));
#3705=DIRECTION('',(0.,0.39014903418414,0.920751720674571));
#3706=DIRECTION('',(1.,0.,0.));
#3707=DIRECTION('',(0.,-0.926946813223158,-0.375192757733184));
#3708=DIRECTION('',(0.,0.926946813223158,0.375192757733184));
#3709=DIRECTION('',(0.,1.11022302462516E-16,1.));
#3710=DIRECTION('',(0.,-1.,5.55111512312578E-17));
#3711=DIRECTION('',(0.,5.55111512312578E-17,1.));
#3712=DIRECTION('',(0.,1.,0.));
#3713=DIRECTION('',(0.,1.11022302462516E-16,1.));
#3714=DIRECTION('',(0.,5.55111512312578E-17,1.));
#3715=DIRECTION('',(0.,1.,0.));
#3716=DIRECTION('',(0.,-5.55111512312578E-17,-1.));
#3717=DIRECTION('',(-1.,0.,0.));
#3718=DIRECTION('',(0.,5.55111512312578E-17,1.));
#3719=DIRECTION('',(0.,1.,0.));
#3720=DIRECTION('',(0.,-1.,0.));
#3721=DIRECTION('',(0.,1.11022302462516E-16,1.));
#3722=DIRECTION('',(0.,-1.,5.55111512312578E-17));
#3723=DIRECTION('',(0.,5.55111512312578E-17,1.));
#3724=DIRECTION('',(0.,1.,0.));
#3725=DIRECTION('',(0.,1.11022302462516E-16,1.));
#3726=DIRECTION('',(0.,-5.55111512312578E-17,-1.));
#3727=DIRECTION('',(-1.,0.,0.));
#3728=DIRECTION('',(0.,-1.,0.));
#3729=DIRECTION('',(-1.,0.,0.));
#3730=DIRECTION('',(0.,-0.375192757733184,0.926946813223158));
#3731=DIRECTION('',(0.,0.375192757733184,-0.926946813223158));
#3732=DIRECTION('',(0.,-1.,0.));
#3733=DIRECTION('',(0.,0.926946813223158,0.375192757733184));
#3734=DIRECTION('',(0.,-0.926946813223158,-0.375192757733184));
#3735=DIRECTION('',(-1.,0.,0.));
#3736=DIRECTION('',(-1.,0.,0.));
#3737=DIRECTION('',(0.,0.375192757733184,-0.926946813223158));
#3738=DIRECTION('',(1.,0.,0.));
#3739=DIRECTION('',(1.,1.6079963978801E-16,6.50855684856233E-17));
#3740=DIRECTION('',(1.73472347597681E-16,-0.926946813223158,-0.375192757733184));
#3741=DIRECTION('',(1.73472347597681E-16,-0.926946813223158,-0.375192757733184));
#3742=DIRECTION('',(0.,0.375192757733184,-0.926946813223158));
#3743=DIRECTION('',(-1.6079963978801E-16,1.,0.));
#3744=DIRECTION('',(0.,-0.926946813223158,-0.375192757733184));
#3745=DIRECTION('',(-1.,0.,0.));
#3746=DIRECTION('',(-1.,0.,0.));
#3747=DIRECTION('',(0.,0.375192757733184,-0.926946813223158));
#3748=DIRECTION('',(1.,0.,0.));
#3749=DIRECTION('',(-1.,0.,0.));
#3750=DIRECTION('',(0.,-0.375192757733184,0.926946813223158));
#3751=DIRECTION('',(0.,0.926946813223158,0.375192757733184));
#3752=DIRECTION('',(0.,-5.55111512312578E-17,-1.));
#3753=DIRECTION('',(0.,-1.,0.));
#3754=DIRECTION('',(0.,-1.,0.));
#3755=DIRECTION('',(0.,-1.11022302462516E-16,-1.));
#3756=DIRECTION('',(-1.,0.,0.));
#3757=DIRECTION('',(0.,-5.55111512312578E-17,-1.));
#3758=DIRECTION('',(1.,0.,0.));
#3759=DIRECTION('',(1.,0.,0.));
#3760=DIRECTION('',(0.,-0.926946813223158,-0.375192757733184));
#3761=DIRECTION('',(0.,-0.926946813223158,-0.375192757733184));
#3762=DIRECTION('',(0.,-5.55111512312578E-17,-1.));
#3763=DIRECTION('',(0.,1.,0.));
#3764=DIRECTION('',(0.,-1.,0.));
#3765=DIRECTION('',(0.,-1.11022302462516E-16,-1.));
#3766=DIRECTION('',(-1.,0.,0.));
#3767=DIRECTION('',(0.,-5.55111512312578E-17,-1.));
#3768=DIRECTION('',(1.,0.,0.));
#3769=DIRECTION('',(0.,-1.,0.));
#3770=DIRECTION('',(0.,-1.11022302462516E-16,-1.));
#3771=DIRECTION('',(1.,0.,0.));
#3772=DIRECTION('',(0.,-5.55111512312578E-17,-1.));
#3773=DIRECTION('',(1.,0.,0.));
#3774=DIRECTION('',(0.,-5.55111512312578E-17,-1.));
#3775=DIRECTION('',(1.,0.,0.));
#3776=DIRECTION('',(0.,-0.926946813223158,-0.375192757733184));
#3777=DIRECTION('',(0.,1.,0.));
#3778=DIRECTION('',(0.,-5.55111512312578E-17,-1.));
#3779=DIRECTION('',(0.,1.,0.));
#3780=DIRECTION('',(0.,-1.,0.));
#3781=DIRECTION('',(0.,-1.11022302462516E-16,-1.));
#3782=DIRECTION('',(1.,0.,0.));
#3783=DIRECTION('',(0.,-5.55111512312578E-17,-1.));
#3784=DIRECTION('',(1.,0.,0.));
#3785=DIRECTION('',(-1.,0.,0.));
#3786=DIRECTION('',(0.,-0.375192757733184,0.926946813223158));
#3787=DIRECTION('',(0.,1.,1.11022302462516E-16));
#3788=DIRECTION('',(0.,-1.,0.));
#3789=DIRECTION('',(0.,0.375192757733184,-0.926946813223158));
#3790=DIRECTION('',(0.,-0.926946813223158,-0.375192757733184));
#3791=DIRECTION('',(-1.,0.,0.));
#3792=DIRECTION('',(1.,0.,0.));
#3793=DIRECTION('',(0.,0.375192757733184,-0.926946813223158));
#3794=DIRECTION('',(-1.,0.,0.));
#3795=DIRECTION('',(1.,1.6079963978801E-16,6.50855684856233E-17));
#3796=DIRECTION('',(1.73472347597681E-16,-0.926946813223158,-0.375192757733184));
#3797=DIRECTION('',(-1.6079963978801E-16,1.,0.));
#3798=DIRECTION('',(0.,0.375192757733184,-0.926946813223158));
#3799=DIRECTION('',(1.6079963978801E-16,-1.,-1.11022302462516E-16));
#3800=DIRECTION('',(0.,-0.926946813223158,-0.375192757733184));
#3801=DIRECTION('',(-1.,0.,0.));
#3802=DIRECTION('',(1.,0.,0.));
#3803=DIRECTION('',(0.,0.375192757733184,-0.926946813223158));
#3804=DIRECTION('',(-1.,0.,0.));
#3805=DIRECTION('',(-1.,0.,0.));
#3806=DIRECTION('',(0.,-0.375192757733184,0.926946813223158));
#3807=DIRECTION('',(0.,-1.,0.));
#3808=DIRECTION('',(0.,0.926946813223158,0.375192757733184));
#3809=DIRECTION('',(0.,1.,1.11022302462516E-16));
#3810=DIRECTION('',(0.,-0.375192757733184,0.926946813223158));
#3811=DIRECTION('',(0.,-0.926946813223158,-0.375192757733184));
#3812=DIRECTION('',(1.,0.,0.));
#3813=DIRECTION('',(0.,0.926946813223158,0.375192757733184));
#3814=DIRECTION('',(1.,0.,0.));
#3815=DIRECTION('',(0.,0.,-1.));
#3816=DIRECTION('',(0.,1.,0.));
#3817=DIRECTION('',(0.,-1.,0.));
#3818=DIRECTION('',(0.,-1.,0.));
#3819=DIRECTION('',(0.,-1.11022302462516E-16,1.));
#3820=DIRECTION('',(0.,-1.,-1.11022302462516E-16));
#3821=DIRECTION('',(0.,1.,1.11022302462516E-16));
#3822=DIRECTION('',(0.,1.,1.11022302462516E-16));
#3823=DIRECTION('',(-1.,0.,0.));
#3824=DIRECTION('',(0.,-0.375192757733184,0.926946813223158));
#3825=DIRECTION('',(-1.,0.,0.));
#3826=DIRECTION('',(0.,-0.375192757733184,0.926946813223158));
#3827=DIRECTION('',(0.,-0.375192757733184,0.926946813223158));
#3828=DIRECTION('',(0.,-0.926946813223158,-0.375192757733184));
#3829=DIRECTION('',(0.,0.926946813223158,0.375192757733184));
#3830=DIRECTION('',(-1.,0.,0.));
#3831=DIRECTION('',(0.,0.926946813223158,0.375192757733184));
#3832=DIRECTION('',(1.,-5.91686986232939E-17,1.46181490716373E-16));
#3833=DIRECTION('',(1.5770213417971E-16,0.375192757733184,-0.926946813223158));
#3834=DIRECTION('',(-1.5770213417971E-16,-0.375192757733184,0.926946813223158));
#3835=DIRECTION('',(0.,0.926946813223158,0.375192757733184));
#3836=DIRECTION('',(0.,-0.375192757733184,0.926946813223158));
#3837=DIRECTION('',(0.,-0.926946813223158,-0.375192757733184));
#3838=DIRECTION('',(-1.,0.,0.));
#3839=DIRECTION('',(0.,0.926946813223158,0.375192757733184));
#3840=DIRECTION('',(1.,0.,0.));
#3841=DIRECTION('',(0.,-0.926946813223158,-0.375192757733184));
#3842=DIRECTION('',(0.,-0.375192757733184,0.926946813223158));
#3843=DIRECTION('',(0.,0.926946813223158,0.375192757733184));
#3844=DIRECTION('',(-1.,0.,0.));
#3845=CARTESIAN_POINT('',(0.,0.,0.));
#3846=CARTESIAN_POINT('',(0.1139,0.0931571428571429,0.03));
#3847=CARTESIAN_POINT('',(0.1139,0.0931571428571429,0.03));
#3848=CARTESIAN_POINT('',(0.1139,0.0931571428571429,0.03));
#3849=CARTESIAN_POINT('',(0.0839,0.0931571428571429,0.03));
#3850=CARTESIAN_POINT('',(0.1139,0.0880119834863542,0.0427115702101838));
#3851=CARTESIAN_POINT('',(0.1139,0.1053,0.));
#3852=CARTESIAN_POINT('',(0.1139,0.1053,0.));
#3853=CARTESIAN_POINT('',(0.0839,0.1053,0.));
#3854=CARTESIAN_POINT('',(0.0839,0.0880119834863542,0.0427115702101838));
#3855=CARTESIAN_POINT('',(0.0939,0.0987850342231406,0.0160957978016526));
#3856=CARTESIAN_POINT('',(0.0939,0.100660998011806,0.0114610637355368));
#3857=CARTESIAN_POINT('',(0.0939,0.0969090704344747,0.0207305318677684));
#3858=CARTESIAN_POINT('',(0.0989,0.100660998011806,0.0114610637355368));
#3859=CARTESIAN_POINT('',(0.1039,0.100660998011806,0.0114610637355368));
#3860=CARTESIAN_POINT('',(0.1039,0.0987850342231406,0.0160957978016526));
#3861=CARTESIAN_POINT('',(0.1039,0.0969090704344747,0.0207305318677684));
#3862=CARTESIAN_POINT('',(0.0989,0.0969090704344747,0.0207305318677684));
#3863=CARTESIAN_POINT('',(0.1139,-0.102886727083595,0.03));
#3864=CARTESIAN_POINT('',(0.1139,-0.0907438699407376,0.));
#3865=CARTESIAN_POINT('',(0.0839,-0.0907438699407376,0.));
#3866=CARTESIAN_POINT('',(0.1139,-0.0907438699407376,-1.38777878078145E-17));
#3867=CARTESIAN_POINT('',(0.1139,-0.0804348682308699,-0.025469298342026));
#3868=CARTESIAN_POINT('',(0.1139,-0.102886727083595,0.03));
#3869=CARTESIAN_POINT('',(0.1139,-0.102886727083595,0.03));
#3870=CARTESIAN_POINT('',(0.0839,-0.102886727083595,0.03));
#3871=CARTESIAN_POINT('',(0.0839,-0.0804348682308699,-0.025469298342026));
#3872=CARTESIAN_POINT('',(0.0989,-0.0951952755500645,0.0109975903289253));
#3873=CARTESIAN_POINT('',(0.1044,-0.0951952755500645,0.0109975903289253));
#3874=CARTESIAN_POINT('',(0.0934,-0.0951952755500645,0.0109975903289253));
#3875=CARTESIAN_POINT('',(0.0934,-0.097258835717597,0.0160957978016526));
#3876=CARTESIAN_POINT('',(0.0934,-0.0993223958851295,0.02119400527438));
#3877=CARTESIAN_POINT('',(0.0989,-0.0993223958851295,0.02119400527438));
#3878=CARTESIAN_POINT('',(0.1044,-0.0993223958851295,0.02119400527438));
#3879=CARTESIAN_POINT('',(0.1044,-0.097258835717597,0.0160957978016526));
#3880=CARTESIAN_POINT('',(0.0839,0.0566069276729589,0.03));
#3881=CARTESIAN_POINT('',(0.0839,0.0566069276729589,0.0175));
#3882=CARTESIAN_POINT('',(0.0839,-0.0598867270835952,0.0175));
#3883=CARTESIAN_POINT('',(0.0839,-0.0573867270835951,0.0175));
#3884=CARTESIAN_POINT('',(0.0839,-0.0598867270835952,0.0175));
#3885=CARTESIAN_POINT('',(0.0839,-0.0598867270835952,0.0125));
#3886=CARTESIAN_POINT('',(0.0839,0.0566069276729589,0.0125));
#3887=CARTESIAN_POINT('',(0.0839,-0.0573867270835951,0.0125));
#3888=CARTESIAN_POINT('',(0.0839,-0.0573867270835951,0.0175));
#3889=CARTESIAN_POINT('',(0.0839,0.0566069276729589,0.0175));
#3890=CARTESIAN_POINT('',(0.0839,0.040113272916405,0.0175));
#3891=CARTESIAN_POINT('',(0.0839,0.0426132729164049,0.0175));
#3892=CARTESIAN_POINT('',(0.0839,0.040113272916405,0.0175));
#3893=CARTESIAN_POINT('',(0.0839,0.040113272916405,0.0125));
#3894=CARTESIAN_POINT('',(0.0839,0.0566069276729589,0.0125));
#3895=CARTESIAN_POINT('',(0.0839,0.0426132729164049,0.0125));
#3896=CARTESIAN_POINT('',(0.0839,0.0426132729164049,0.0175));
#3897=CARTESIAN_POINT('',(0.0839,0.0256195327149758,-3.46944695195361E-18));
#3898=CARTESIAN_POINT('',(0.0839,0.0566069276729589,0.03));
#3899=CARTESIAN_POINT('',(0.1139,0.0566069276729589,0.03));
#3900=CARTESIAN_POINT('',(0.1139,0.0256195327149758,-3.46944695195361E-18));
#3901=CARTESIAN_POINT('',(0.1139,0.0471735738458938,-1.7347234759768E-18));
#3902=CARTESIAN_POINT('',(0.1139,0.0566069276729589,0.03));
#3903=CARTESIAN_POINT('',(0.1139,0.0350307167030367,0.03));
#3904=CARTESIAN_POINT('',(0.1139,0.0887531859263244,-0.102726100434005));
#3905=CARTESIAN_POINT('',(0.1139,0.0256195327149758,-3.46944695195361E-18));
#3906=CARTESIAN_POINT('',(0.1139,0.0471735738458938,-1.7347234759768E-18));
#3907=CARTESIAN_POINT('',(0.0939,0.0471735738458938,3.46944695195361E-18));
#3908=CARTESIAN_POINT('',(0.0939,0.0256195327149758,-3.46944695195361E-18));
#3909=CARTESIAN_POINT('',(0.0939,0.0363854683609327,0.));
#3910=CARTESIAN_POINT('',(0.1139,0.0363854683609327,-3.46944695195361E-18));
#3911=CARTESIAN_POINT('',(0.1139,0.0363854683609327,0.));
#3912=CARTESIAN_POINT('',(0.1139,0.0256195327149758,-3.46944695195361E-18));
#3913=CARTESIAN_POINT('',(0.1139,0.0271132729164052,-3.46944695195361E-18));
#3914=CARTESIAN_POINT('',(0.1039,0.0271132729164052,0.));
#3915=CARTESIAN_POINT('',(0.0939,0.0271132729164052,0.));
#3916=CARTESIAN_POINT('',(0.0939,0.0221132729164052,0.));
#3917=CARTESIAN_POINT('',(0.0939,0.0171132729164051,3.46944695195361E-18));
#3918=CARTESIAN_POINT('',(0.1039,0.0171132729164052,3.46944695195361E-18));
#3919=CARTESIAN_POINT('',(0.1139,0.0171132729164052,0.));
#3920=CARTESIAN_POINT('',(0.1139,0.0256195327149758,-3.46944695195361E-18));
#3921=CARTESIAN_POINT('',(0.1139,-0.0607074810037176,-3.46944695195361E-18));
#3922=CARTESIAN_POINT('',(0.1139,-0.0607074810037176,-3.46944695195361E-18));
#3923=CARTESIAN_POINT('',(0.0939,-0.0607074810037176,-3.46944695195361E-18));
#3924=CARTESIAN_POINT('',(0.0939,0.0256195327149758,-3.46944695195361E-18));
#3925=CARTESIAN_POINT('',(0.0939,-0.0714955864886787,0.));
#3926=CARTESIAN_POINT('',(0.1139,-0.0714955864886787,0.));
#3927=CARTESIAN_POINT('',(0.1139,-0.0714955864886787,0.));
#3928=CARTESIAN_POINT('',(0.1139,0.0256195327149758,-3.46944695195361E-18));
#3929=CARTESIAN_POINT('',(0.1139,-0.0728867270835949,6.93889390390723E-18));
#3930=CARTESIAN_POINT('',(0.1039,-0.0728867270835949,6.93889390390723E-18));
#3931=CARTESIAN_POINT('',(0.0939,-0.0728867270835949,6.93889390390723E-18));
#3932=CARTESIAN_POINT('',(0.0939,-0.0778867270835949,1.7347234759768E-17));
#3933=CARTESIAN_POINT('',(0.0939,-0.0828867270835949,1.04083408558608E-17));
#3934=CARTESIAN_POINT('',(0.1039,-0.0828867270835949,1.04083408558608E-17));
#3935=CARTESIAN_POINT('',(0.1139,-0.0828867270835949,1.38777878078145E-17));
#3936=CARTESIAN_POINT('',(0.1139,0.0256195327149758,-3.46944695195361E-18));
#3937=CARTESIAN_POINT('',(0.1139,0.0566069276729589,0.03));
#3938=CARTESIAN_POINT('',(0.1139,0.0566069276729589,0.03));
#3939=CARTESIAN_POINT('',(0.1139,-0.0836384436315358,0.03));
#3940=CARTESIAN_POINT('',(0.1139,-0.0836384436315358,0.03));
#3941=CARTESIAN_POINT('',(0.0939,-0.0836384436315358,0.03));
#3942=CARTESIAN_POINT('',(0.0939,-0.0778867270835949,0.03));
#3943=CARTESIAN_POINT('',(0.0939,-0.0728503381465747,0.03));
#3944=CARTESIAN_POINT('',(0.1139,-0.0728503381465747,0.03));
#3945=CARTESIAN_POINT('',(0.1139,-0.0728503381465747,0.03));
#3946=CARTESIAN_POINT('',(0.1139,0.0566069276729589,0.03));
#3947=CARTESIAN_POINT('',(0.1139,0.0171132729164052,0.03));
#3948=CARTESIAN_POINT('',(0.1039,0.0171132729164052,0.03));
#3949=CARTESIAN_POINT('',(0.0939,0.0171132729164052,0.03));
#3950=CARTESIAN_POINT('',(0.0939,0.0221132729164052,0.03));
#3951=CARTESIAN_POINT('',(0.0939,0.0350307167030367,0.03));
#3952=CARTESIAN_POINT('',(0.1139,0.0350307167030367,0.03));
#3953=CARTESIAN_POINT('',(0.1139,0.0566069276729589,0.03));
#3954=CARTESIAN_POINT('',(0.1139,-0.0828867270835949,1.38777878078145E-17));
#3955=CARTESIAN_POINT('',(0.1139,-0.0828867270835949,0.0281428179403812));
#3956=CARTESIAN_POINT('',(0.1139,-0.0132109635282231,-0.143997303784655));
#3957=CARTESIAN_POINT('',(0.1139,0.0566069276729589,0.03));
#3958=CARTESIAN_POINT('',(0.1139,-0.0132109635282231,-0.143997303784655));
#3959=CARTESIAN_POINT('',(0.1139,-0.0728867270835949,0.00343693558744009));
#3960=CARTESIAN_POINT('',(0.1139,-0.0728867270835949,6.93889390390723E-18));
#3961=CARTESIAN_POINT('',(0.1139,0.0566069276729589,0.03));
#3962=CARTESIAN_POINT('',(0.1139,0.0794837177940928,-0.106478028011337));
#3963=CARTESIAN_POINT('',(0.1139,0.0271132729164052,0.0229077769805975));
#3964=CARTESIAN_POINT('',(0.1139,0.0271132729164052,-3.46944695195361E-18));
#3965=CARTESIAN_POINT('',(0.1039,0.0271132729164052,0.));
#3966=CARTESIAN_POINT('',(0.1039,0.0271132729164052,0.0229077769805975));
#3967=CARTESIAN_POINT('',(0.0939,0.0271132729164052,0.0229077769805975));
#3968=CARTESIAN_POINT('',(0.0939,0.0271132729164052,0.));
#3969=CARTESIAN_POINT('',(0.1039,-0.0728867270835949,6.93889390390723E-18));
#3970=CARTESIAN_POINT('',(0.1039,-0.0728867270835949,0.00343693558744009));
#3971=CARTESIAN_POINT('',(0.0939,-0.0728867270835949,0.00343693558744009));
#3972=CARTESIAN_POINT('',(0.0939,-0.0728867270835949,6.93889390390723E-18));
#3973=CARTESIAN_POINT('',(0.1039,-0.0828867270835949,1.04083408558608E-17));
#3974=CARTESIAN_POINT('',(0.0939,-0.0828867270835949,1.04083408558608E-17));
#3975=CARTESIAN_POINT('',(0.0939,-0.0828867270835949,0.0281428179403812));
#3976=CARTESIAN_POINT('',(0.1039,-0.0828867270835949,0.0281428179403812));
#3977=CARTESIAN_POINT('',(0.1139,0.0566069276729589,0.03));
#3978=CARTESIAN_POINT('',(0.1139,-0.00394149539599149,-0.140245376207323));
#3979=CARTESIAN_POINT('',(0.1139,0.0171132729164052,0.));
#3980=CARTESIAN_POINT('',(0.1039,0.0171132729164052,3.46944695195361E-18));
#3981=CARTESIAN_POINT('',(0.0939,0.0171132729164051,3.46944695195361E-18));
#3982=CARTESIAN_POINT('',(0.0939,0.0221132729164052,0.));
#3983=CARTESIAN_POINT('',(0.0939,0.0794837177940928,-0.106478028011337));
#3984=CARTESIAN_POINT('',(0.0939,0.0887531859263244,-0.102726100434005));
#3985=CARTESIAN_POINT('',(0.0939,-0.0778867270835949,1.7347234759768E-17));
#3986=CARTESIAN_POINT('',(0.0939,-0.013210963528223,-0.143997303784655));
#3987=CARTESIAN_POINT('',(0.0939,-0.00394149539599149,-0.140245376207323));
#3988=CARTESIAN_POINT('',(0.0939,-0.013210963528223,-0.143997303784655));
#3989=CARTESIAN_POINT('',(0.1039,-0.0132109635282231,-0.143997303784655));
#3990=CARTESIAN_POINT('',(0.1039,-0.0132109635282231,-0.143997303784655));
#3991=CARTESIAN_POINT('',(0.1039,-0.00394149539599149,-0.140245376207323));
#3992=CARTESIAN_POINT('',(0.1039,0.0794837177940928,-0.106478028011337));
#3993=CARTESIAN_POINT('',(0.1039,0.0887531859263244,-0.102726100434005));
#3994=CARTESIAN_POINT('',(0.0793166666666667,0.0680768972381585,0.0175));
#3995=CARTESIAN_POINT('',(0.0793166666666667,0.0680768972381585,0.0125));
#3996=CARTESIAN_POINT('',(0.0789,0.0692554085401361,0.0125));
#3997=CARTESIAN_POINT('',(0.0797333333333333,0.0668983859361809,0.0125));
#3998=CARTESIAN_POINT('',(0.0789,0.0692554085401361,0.0175));
#3999=CARTESIAN_POINT('',(0.0789,0.0692554085401361,0.0175));
#4000=CARTESIAN_POINT('',(0.0793166666666667,0.0680768972381585,0.0175));
#4001=CARTESIAN_POINT('',(0.0797333333333333,0.0668983859361809,0.0175));
#4002=CARTESIAN_POINT('',(0.0797333333333333,0.0668983859361809,0.0175));
#4003=CARTESIAN_POINT('',(0.0839,0.0551132729164051,0.0175));
#4004=CARTESIAN_POINT('',(0.0839,0.0551132729164051,0.0125));
#4005=CARTESIAN_POINT('',(0.0839,0.0551132729164051,0.0175));
#4006=CARTESIAN_POINT('',(0.0839,0.0551132729164049,0.0175));
#4007=CARTESIAN_POINT('',(0.0839,0.0551132729164049,0.0125));
#4008=CARTESIAN_POINT('',(0.0839,0.0551132729164049,0.0175));
#4009=CARTESIAN_POINT('',(0.0914,0.060135207886774,0.0175));
#4010=CARTESIAN_POINT('',(0.0914,0.060135207886774,0.0125));
#4011=CARTESIAN_POINT('',(0.0793166666666667,-0.0319231027618415,0.0175));
#4012=CARTESIAN_POINT('',(0.0793166666666667,-0.0319231027618415,0.0125));
#4013=CARTESIAN_POINT('',(0.0789,-0.030744591459864,0.0125));
#4014=CARTESIAN_POINT('',(0.0797333333333333,-0.0331016140638191,0.0125));
#4015=CARTESIAN_POINT('',(0.0789,-0.030744591459864,0.0175));
#4016=CARTESIAN_POINT('',(0.0789,-0.030744591459864,0.0175));
#4017=CARTESIAN_POINT('',(0.0793166666666667,-0.0319231027618415,0.0175));
#4018=CARTESIAN_POINT('',(0.0797333333333333,-0.0331016140638191,0.0175));
#4019=CARTESIAN_POINT('',(0.0797333333333333,-0.0331016140638191,0.0175));
#4020=CARTESIAN_POINT('',(0.0839,-0.0448867270835952,0.0175));
#4021=CARTESIAN_POINT('',(0.0839,-0.0448867270835952,0.0125));
#4022=CARTESIAN_POINT('',(0.0839,-0.0448867270835952,0.0175));
#4023=CARTESIAN_POINT('',(0.0839,-0.044886727083595,0.0175));
#4024=CARTESIAN_POINT('',(0.0839,-0.044886727083595,0.0125));
#4025=CARTESIAN_POINT('',(0.0839,-0.044886727083595,0.0175));
#4026=CARTESIAN_POINT('',(0.0914,0.060135207886774,0.0175));
#4027=CARTESIAN_POINT('',(0.0914,0.060135207886774,0.0125));
#4028=CARTESIAN_POINT('',(0.0989,-0.0905605414839487,0.0128735541175912));
#4029=CARTESIAN_POINT('',(0.1044,-0.0905605414839487,0.0128735541175912));
#4030=CARTESIAN_POINT('',(0.1044,-0.0905605414839487,0.0128735541175912));
#4031=CARTESIAN_POINT('',(0.0989,-0.0905605414839487,0.0128735541175912));
#4032=CARTESIAN_POINT('',(0.0934,-0.0905605414839487,0.0128735541175912));
#4033=CARTESIAN_POINT('',(0.0934,-0.0905605414839487,0.0128735541175912));
#4034=CARTESIAN_POINT('',(0.1044,-0.0926241016514812,0.0179717615903186));
#4035=CARTESIAN_POINT('',(0.1044,-0.0946876618190137,0.0230699690630459));
#4036=CARTESIAN_POINT('',(0.1044,-0.0946876618190137,0.0230699690630459));
#4037=CARTESIAN_POINT('',(0.1044,-0.0926241016514812,0.0179717615903186));
#4038=CARTESIAN_POINT('',(0.0989,-0.0946876618190137,0.0230699690630459));
#4039=CARTESIAN_POINT('',(0.0934,-0.0946876618190137,0.0230699690630459));
#4040=CARTESIAN_POINT('',(0.0934,-0.0946876618190137,0.0230699690630459));
#4041=CARTESIAN_POINT('',(0.0989,-0.0946876618190137,0.0230699690630459));
#4042=CARTESIAN_POINT('',(0.0934,-0.0926241016514812,0.0179717615903186));
#4043=CARTESIAN_POINT('',(0.0934,-0.0926241016514812,0.0179717615903186));
#4044=CARTESIAN_POINT('',(0.0989,-0.0921805644460504,0.0168759637886659));
#4045=CARTESIAN_POINT('',(0.0989,0.105295732077922,0.0133370275242027));
#4046=CARTESIAN_POINT('',(0.0939,0.105295732077922,0.0133370275242027));
#4047=CARTESIAN_POINT('',(0.0939,0.105295732077922,0.0133370275242027));
#4048=CARTESIAN_POINT('',(0.0989,0.105295732077922,0.0133370275242027));
#4049=CARTESIAN_POINT('',(0.1039,0.105295732077922,0.0133370275242027));
#4050=CARTESIAN_POINT('',(0.1039,0.105295732077922,0.0133370275242027));
#4051=CARTESIAN_POINT('',(0.0939,0.103419768289256,0.0179717615903186));
#4052=CARTESIAN_POINT('',(0.0939,0.10154380450059,0.0226064956564343));
#4053=CARTESIAN_POINT('',(0.0939,0.10154380450059,0.0226064956564343));
#4054=CARTESIAN_POINT('',(0.0939,0.103419768289256,0.0179717615903186));
#4055=CARTESIAN_POINT('',(0.0989,0.10154380450059,0.0226064956564343));
#4056=CARTESIAN_POINT('',(0.1039,0.10154380450059,0.0226064956564343));
#4057=CARTESIAN_POINT('',(0.1039,0.10154380450059,0.0226064956564343));
#4058=CARTESIAN_POINT('',(0.0989,0.10154380450059,0.0226064956564343));
#4059=CARTESIAN_POINT('',(0.1039,0.103419768289256,0.0179717615903186));
#4060=CARTESIAN_POINT('',(0.1039,0.103419768289256,0.0179717615903186));
#4061=CARTESIAN_POINT('',(0.0989,0.103863305494687,0.0168759637886659));
#4062=CARTESIAN_POINT('',(0.,0.,0.));
#4063=CARTESIAN_POINT('',(-0.1145,0.0931571428571429,0.03));
#4064=CARTESIAN_POINT('',(-0.1145,0.0931571428571429,0.03));
#4065=CARTESIAN_POINT('',(-0.1145,0.0931571428571429,0.03));
#4066=CARTESIAN_POINT('',(-0.0845,0.0931571428571429,0.03));
#4067=CARTESIAN_POINT('',(-0.0845,0.0880119834863542,0.0427115702101838));
#4068=CARTESIAN_POINT('',(-0.0845,0.1053,0.));
#4069=CARTESIAN_POINT('',(-0.1145,0.1053,0.));
#4070=CARTESIAN_POINT('',(-0.1145,0.1053,0.));
#4071=CARTESIAN_POINT('',(-0.1145,0.0880119834863542,0.0427115702101838));
#4072=CARTESIAN_POINT('',(-0.0945,0.0987850342231406,0.0160957978016526));
#4073=CARTESIAN_POINT('',(-0.0945,0.100660998011806,0.0114610637355368));
#4074=CARTESIAN_POINT('',(-0.0945,0.0969090704344747,0.0207305318677684));
#4075=CARTESIAN_POINT('',(-0.0995,0.0969090704344747,0.0207305318677684));
#4076=CARTESIAN_POINT('',(-0.1045,0.0969090704344747,0.0207305318677684));
#4077=CARTESIAN_POINT('',(-0.1045,0.0987850342231406,0.0160957978016526));
#4078=CARTESIAN_POINT('',(-0.1045,0.100660998011806,0.0114610637355368));
#4079=CARTESIAN_POINT('',(-0.0995,0.100660998011806,0.0114610637355368));
#4080=CARTESIAN_POINT('',(-0.1145,-0.102886727083595,0.03));
#4081=CARTESIAN_POINT('',(-0.1145,-0.0907438699407376,0.));
#4082=CARTESIAN_POINT('',(-0.0845,-0.0907438699407376,0.));
#4083=CARTESIAN_POINT('',(-0.1145,-0.0907438699407376,-1.38777878078145E-17));
#4084=CARTESIAN_POINT('',(-0.0845,-0.0804348682308699,-0.025469298342026));
#4085=CARTESIAN_POINT('',(-0.0845,-0.102886727083595,0.03));
#4086=CARTESIAN_POINT('',(-0.1145,-0.102886727083595,0.03));
#4087=CARTESIAN_POINT('',(-0.1145,-0.102886727083595,0.03));
#4088=CARTESIAN_POINT('',(-0.1145,-0.0804348682308699,-0.025469298342026));
#4089=CARTESIAN_POINT('',(-0.0995,-0.0951952755500645,0.0109975903289253));
#4090=CARTESIAN_POINT('',(-0.105,-0.0951952755500645,0.0109975903289253));
#4091=CARTESIAN_POINT('',(-0.094,-0.0951952755500645,0.0109975903289253));
#4092=CARTESIAN_POINT('',(-0.105,-0.097258835717597,0.0160957978016526));
#4093=CARTESIAN_POINT('',(-0.105,-0.0993223958851295,0.02119400527438));
#4094=CARTESIAN_POINT('',(-0.0995,-0.0993223958851295,0.02119400527438));
#4095=CARTESIAN_POINT('',(-0.094,-0.0993223958851295,0.02119400527438));
#4096=CARTESIAN_POINT('',(-0.094,-0.097258835717597,0.0160957978016526));
#4097=CARTESIAN_POINT('',(-0.0845,0.0566069276729589,0.03));
#4098=CARTESIAN_POINT('',(-0.0845,0.0566069276729589,0.0175));
#4099=CARTESIAN_POINT('',(-0.0845,-0.0598867270835952,0.0175));
#4100=CARTESIAN_POINT('',(-0.0845,-0.0573867270835951,0.0175));
#4101=CARTESIAN_POINT('',(-0.0845,-0.0573867270835951,0.0175));
#4102=CARTESIAN_POINT('',(-0.0845,-0.0573867270835951,0.0125));
#4103=CARTESIAN_POINT('',(-0.0845,0.0566069276729589,0.0125));
#4104=CARTESIAN_POINT('',(-0.0845,-0.0598867270835952,0.0125));
#4105=CARTESIAN_POINT('',(-0.0845,-0.0598867270835952,0.0175));
#4106=CARTESIAN_POINT('',(-0.0845,0.0566069276729589,0.0175));
#4107=CARTESIAN_POINT('',(-0.0845,0.040113272916405,0.0175));
#4108=CARTESIAN_POINT('',(-0.0845,0.0426132729164049,0.0175));
#4109=CARTESIAN_POINT('',(-0.0845,0.0426132729164049,0.0175));
#4110=CARTESIAN_POINT('',(-0.0845,0.0426132729164049,0.0125));
#4111=CARTESIAN_POINT('',(-0.0845,0.0566069276729589,0.0125));
#4112=CARTESIAN_POINT('',(-0.0845,0.040113272916405,0.0125));
#4113=CARTESIAN_POINT('',(-0.0845,0.040113272916405,0.0175));
#4114=CARTESIAN_POINT('',(-0.0845,0.0256195327149758,-3.46944695195361E-18));
#4115=CARTESIAN_POINT('',(-0.0845,0.0566069276729589,0.03));
#4116=CARTESIAN_POINT('',(-0.1145,0.0566069276729589,0.03));
#4117=CARTESIAN_POINT('',(-0.1145,0.0256195327149758,-3.46944695195361E-18));
#4118=CARTESIAN_POINT('',(-0.1145,0.0471735738458938,-1.7347234759768E-18));
#4119=CARTESIAN_POINT('',(-0.1145,0.0887531859263244,-0.102726100434005));
#4120=CARTESIAN_POINT('',(-0.1145,0.0350307167030367,0.03));
#4121=CARTESIAN_POINT('',(-0.1145,0.0566069276729589,0.03));
#4122=CARTESIAN_POINT('',(-0.1145,0.0256195327149758,-3.46944695195361E-18));
#4123=CARTESIAN_POINT('',(-0.1145,0.0256195327149758,-3.46944695195361E-18));
#4124=CARTESIAN_POINT('',(-0.1145,-0.0828867270835949,1.38777878078145E-17));
#4125=CARTESIAN_POINT('',(-0.1045,-0.0828867270835949,1.04083408558608E-17));
#4126=CARTESIAN_POINT('',(-0.0945,-0.0828867270835949,1.04083408558608E-17));
#4127=CARTESIAN_POINT('',(-0.0945,-0.0778867270835949,1.7347234759768E-17));
#4128=CARTESIAN_POINT('',(-0.0945,-0.0728867270835949,6.93889390390723E-18));
#4129=CARTESIAN_POINT('',(-0.1045,-0.0728867270835949,6.93889390390723E-18));
#4130=CARTESIAN_POINT('',(-0.1145,-0.0728867270835949,6.93889390390723E-18));
#4131=CARTESIAN_POINT('',(-0.1145,0.0256195327149758,-3.46944695195361E-18));
#4132=CARTESIAN_POINT('',(-0.1145,-0.0714955864886787,0.));
#4133=CARTESIAN_POINT('',(-0.1145,-0.0714955864886787,0.));
#4134=CARTESIAN_POINT('',(-0.0945,-0.0714955864886787,0.));
#4135=CARTESIAN_POINT('',(-0.0945,0.0256195327149758,-3.46944695195361E-18));
#4136=CARTESIAN_POINT('',(-0.0945,-0.0607074810037176,-3.46944695195361E-18));
#4137=CARTESIAN_POINT('',(-0.1145,-0.0607074810037176,-3.46944695195361E-18));
#4138=CARTESIAN_POINT('',(-0.1145,-0.0607074810037176,-3.46944695195361E-18));
#4139=CARTESIAN_POINT('',(-0.1145,0.0256195327149758,-3.46944695195361E-18));
#4140=CARTESIAN_POINT('',(-0.1145,0.0171132729164052,0.));
#4141=CARTESIAN_POINT('',(-0.1045,0.0171132729164052,3.46944695195361E-18));
#4142=CARTESIAN_POINT('',(-0.0945,0.0171132729164051,3.46944695195361E-18));
#4143=CARTESIAN_POINT('',(-0.0945,0.0221132729164052,0.));
#4144=CARTESIAN_POINT('',(-0.0945,0.0271132729164052,0.));
#4145=CARTESIAN_POINT('',(-0.1045,0.0271132729164052,0.));
#4146=CARTESIAN_POINT('',(-0.1145,0.0271132729164052,-3.46944695195361E-18));
#4147=CARTESIAN_POINT('',(-0.1145,0.0256195327149758,-3.46944695195361E-18));
#4148=CARTESIAN_POINT('',(-0.1145,0.0363854683609327,0.));
#4149=CARTESIAN_POINT('',(-0.1145,0.0363854683609327,-3.46944695195361E-18));
#4150=CARTESIAN_POINT('',(-0.0945,0.0363854683609327,0.));
#4151=CARTESIAN_POINT('',(-0.0945,0.0256195327149758,-3.46944695195361E-18));
#4152=CARTESIAN_POINT('',(-0.0945,0.0471735738458938,3.46944695195361E-18));
#4153=CARTESIAN_POINT('',(-0.1145,0.0471735738458938,-1.7347234759768E-18));
#4154=CARTESIAN_POINT('',(-0.1145,0.0566069276729589,0.03));
#4155=CARTESIAN_POINT('',(-0.1145,0.0350307167030367,0.03));
#4156=CARTESIAN_POINT('',(-0.0945,0.0350307167030367,0.03));
#4157=CARTESIAN_POINT('',(-0.0945,0.0221132729164052,0.03));
#4158=CARTESIAN_POINT('',(-0.0945,0.0171132729164052,0.03));
#4159=CARTESIAN_POINT('',(-0.1045,0.0171132729164052,0.03));
#4160=CARTESIAN_POINT('',(-0.1145,0.0171132729164052,0.03));
#4161=CARTESIAN_POINT('',(-0.1145,0.0566069276729589,0.03));
#4162=CARTESIAN_POINT('',(-0.1145,-0.0728503381465747,0.03));
#4163=CARTESIAN_POINT('',(-0.1145,-0.0728503381465747,0.03));
#4164=CARTESIAN_POINT('',(-0.0945,-0.0728503381465747,0.03));
#4165=CARTESIAN_POINT('',(-0.0945,-0.0778867270835949,0.03));
#4166=CARTESIAN_POINT('',(-0.0945,-0.0836384436315358,0.03));
#4167=CARTESIAN_POINT('',(-0.1145,-0.0836384436315358,0.03));
#4168=CARTESIAN_POINT('',(-0.1145,-0.0836384436315358,0.03));
#4169=CARTESIAN_POINT('',(-0.1145,0.0566069276729589,0.03));
#4170=CARTESIAN_POINT('',(-0.1145,0.0566069276729589,0.03));
#4171=CARTESIAN_POINT('',(-0.1145,-0.0132109635282231,-0.143997303784655));
#4172=CARTESIAN_POINT('',(-0.1145,-0.0828867270835949,0.0281428179403812));
#4173=CARTESIAN_POINT('',(-0.1145,-0.0828867270835949,1.38777878078145E-17));
#4174=CARTESIAN_POINT('',(-0.1145,0.0566069276729589,0.03));
#4175=CARTESIAN_POINT('',(-0.1145,-0.0728867270835949,6.93889390390723E-18));
#4176=CARTESIAN_POINT('',(-0.1145,-0.0728867270835949,0.00343693558744009));
#4177=CARTESIAN_POINT('',(-0.1145,-0.0132109635282231,-0.143997303784655));
#4178=CARTESIAN_POINT('',(-0.1145,0.0566069276729589,0.03));
#4179=CARTESIAN_POINT('',(-0.1145,0.0271132729164052,-3.46944695195361E-18));
#4180=CARTESIAN_POINT('',(-0.1145,0.0271132729164052,0.0229077769805975));
#4181=CARTESIAN_POINT('',(-0.1145,0.0794837177940928,-0.106478028011337));
#4182=CARTESIAN_POINT('',(-0.1045,0.0271132729164052,0.));
#4183=CARTESIAN_POINT('',(-0.1045,0.0271132729164052,0.0229077769805975));
#4184=CARTESIAN_POINT('',(-0.0945,0.0271132729164052,0.0229077769805975));
#4185=CARTESIAN_POINT('',(-0.0945,0.0271132729164052,0.));
#4186=CARTESIAN_POINT('',(-0.1045,-0.0728867270835949,6.93889390390723E-18));
#4187=CARTESIAN_POINT('',(-0.1045,-0.0728867270835949,0.00343693558744009));
#4188=CARTESIAN_POINT('',(-0.0945,-0.0728867270835949,0.00343693558744009));
#4189=CARTESIAN_POINT('',(-0.0945,-0.0728867270835949,6.93889390390723E-18));
#4190=CARTESIAN_POINT('',(-0.1045,-0.0828867270835949,1.04083408558608E-17));
#4191=CARTESIAN_POINT('',(-0.0945,-0.0828867270835949,1.04083408558608E-17));
#4192=CARTESIAN_POINT('',(-0.0945,-0.0828867270835949,0.0281428179403812));
#4193=CARTESIAN_POINT('',(-0.1045,-0.0828867270835949,0.0281428179403812));
#4194=CARTESIAN_POINT('',(-0.1145,0.0566069276729589,0.03));
#4195=CARTESIAN_POINT('',(-0.1145,-0.00394149539599149,-0.140245376207323));
#4196=CARTESIAN_POINT('',(-0.1145,0.0171132729164052,0.));
#4197=CARTESIAN_POINT('',(-0.1045,0.0171132729164052,3.46944695195361E-18));
#4198=CARTESIAN_POINT('',(-0.0945,0.0171132729164051,3.46944695195361E-18));
#4199=CARTESIAN_POINT('',(-0.0945,0.0221132729164052,0.));
#4200=CARTESIAN_POINT('',(-0.0945,0.0887531859263244,-0.102726100434005));
#4201=CARTESIAN_POINT('',(-0.0945,0.0794837177940928,-0.106478028011337));
#4202=CARTESIAN_POINT('',(-0.0945,-0.0778867270835949,1.7347234759768E-17));
#4203=CARTESIAN_POINT('',(-0.0945,-0.013210963528223,-0.143997303784655));
#4204=CARTESIAN_POINT('',(-0.0945,-0.00394149539599149,-0.140245376207323));
#4205=CARTESIAN_POINT('',(-0.0945,-0.013210963528223,-0.143997303784655));
#4206=CARTESIAN_POINT('',(-0.1045,-0.0132109635282231,-0.143997303784655));
#4207=CARTESIAN_POINT('',(-0.1045,-0.0132109635282231,-0.143997303784655));
#4208=CARTESIAN_POINT('',(-0.1045,-0.00394149539599149,-0.140245376207323));
#4209=CARTESIAN_POINT('',(-0.1045,0.0794837177940928,-0.106478028011337));
#4210=CARTESIAN_POINT('',(-0.1045,0.0887531859263244,-0.102726100434005));
#4211=CARTESIAN_POINT('',(-0.0799166666666666,0.0680768972381585,0.0175));
#4212=CARTESIAN_POINT('',(-0.0799166666666666,0.0680768972381585,0.0125));
#4213=CARTESIAN_POINT('',(-0.0795,0.0692554085401361,0.0125));
#4214=CARTESIAN_POINT('',(-0.0803333333333333,0.0668983859361809,0.0125));
#4215=CARTESIAN_POINT('',(-0.0803333333333333,0.0668983859361809,0.0175));
#4216=CARTESIAN_POINT('',(-0.0803333333333333,0.0668983859361809,0.0175));
#4217=CARTESIAN_POINT('',(-0.0799166666666666,0.0680768972381585,0.0175));
#4218=CARTESIAN_POINT('',(-0.0795,0.0692554085401361,0.0175));
#4219=CARTESIAN_POINT('',(-0.0795,0.0692554085401361,0.0175));
#4220=CARTESIAN_POINT('',(-0.0845,0.0551132729164051,0.0175));
#4221=CARTESIAN_POINT('',(-0.0845,0.0551132729164051,0.0125));
#4222=CARTESIAN_POINT('',(-0.0845,0.0551132729164051,0.0175));
#4223=CARTESIAN_POINT('',(-0.0845,0.0551132729164049,0.0175));
#4224=CARTESIAN_POINT('',(-0.0845,0.0551132729164049,0.0125));
#4225=CARTESIAN_POINT('',(-0.0845,0.0551132729164049,0.0175));
#4226=CARTESIAN_POINT('',(-0.092,0.060135207886774,0.0175));
#4227=CARTESIAN_POINT('',(-0.092,0.060135207886774,0.0125));
#4228=CARTESIAN_POINT('',(-0.0799166666666666,-0.0319231027618415,0.0175));
#4229=CARTESIAN_POINT('',(-0.0799166666666666,-0.0319231027618415,0.0125));
#4230=CARTESIAN_POINT('',(-0.0795,-0.030744591459864,0.0125));
#4231=CARTESIAN_POINT('',(-0.0803333333333333,-0.0331016140638191,0.0125));
#4232=CARTESIAN_POINT('',(-0.0803333333333333,-0.0331016140638191,0.0175));
#4233=CARTESIAN_POINT('',(-0.0803333333333333,-0.0331016140638191,0.0175));
#4234=CARTESIAN_POINT('',(-0.0799166666666666,-0.0319231027618415,0.0175));
#4235=CARTESIAN_POINT('',(-0.0795,-0.030744591459864,0.0175));
#4236=CARTESIAN_POINT('',(-0.0795,-0.030744591459864,0.0175));
#4237=CARTESIAN_POINT('',(-0.0845,-0.0448867270835952,0.0175));
#4238=CARTESIAN_POINT('',(-0.0845,-0.0448867270835952,0.0125));
#4239=CARTESIAN_POINT('',(-0.0845,-0.0448867270835952,0.0175));
#4240=CARTESIAN_POINT('',(-0.0845,-0.044886727083595,0.0175));
#4241=CARTESIAN_POINT('',(-0.0845,-0.044886727083595,0.0125));
#4242=CARTESIAN_POINT('',(-0.0845,-0.044886727083595,0.0175));
#4243=CARTESIAN_POINT('',(-0.092,0.060135207886774,0.0175));
#4244=CARTESIAN_POINT('',(-0.092,0.060135207886774,0.0125));
#4245=CARTESIAN_POINT('',(-0.0995,-0.0905605414839487,0.0128735541175912));
#4246=CARTESIAN_POINT('',(-0.094,-0.0905605414839487,0.0128735541175912));
#4247=CARTESIAN_POINT('',(-0.094,-0.0905605414839487,0.0128735541175912));
#4248=CARTESIAN_POINT('',(-0.0995,-0.0905605414839487,0.0128735541175912));
#4249=CARTESIAN_POINT('',(-0.105,-0.0905605414839487,0.0128735541175912));
#4250=CARTESIAN_POINT('',(-0.105,-0.0905605414839487,0.0128735541175912));
#4251=CARTESIAN_POINT('',(-0.105,-0.0926241016514812,0.0179717615903186));
#4252=CARTESIAN_POINT('',(-0.105,-0.0926241016514812,0.0179717615903186));
#4253=CARTESIAN_POINT('',(-0.105,-0.0946876618190137,0.0230699690630459));
#4254=CARTESIAN_POINT('',(-0.105,-0.0946876618190137,0.0230699690630459));
#4255=CARTESIAN_POINT('',(-0.0995,-0.0946876618190137,0.0230699690630459));
#4256=CARTESIAN_POINT('',(-0.0995,-0.0946876618190137,0.0230699690630459));
#4257=CARTESIAN_POINT('',(-0.094,-0.0946876618190137,0.0230699690630459));
#4258=CARTESIAN_POINT('',(-0.094,-0.0946876618190137,0.0230699690630459));
#4259=CARTESIAN_POINT('',(-0.094,-0.0926241016514812,0.0179717615903186));
#4260=CARTESIAN_POINT('',(-0.094,-0.0926241016514812,0.0179717615903186));
#4261=CARTESIAN_POINT('',(-0.0995,-0.0921805644460504,0.0168759637886659));
#4262=CARTESIAN_POINT('',(-0.0995,0.105295732077922,0.0133370275242027));
#4263=CARTESIAN_POINT('',(-0.1045,0.105295732077922,0.0133370275242027));
#4264=CARTESIAN_POINT('',(-0.1045,0.105295732077922,0.0133370275242027));
#4265=CARTESIAN_POINT('',(-0.0995,0.105295732077922,0.0133370275242027));
#4266=CARTESIAN_POINT('',(-0.0945,0.105295732077922,0.0133370275242027));
#4267=CARTESIAN_POINT('',(-0.0945,0.105295732077922,0.0133370275242027));
#4268=CARTESIAN_POINT('',(-0.0945,0.103419768289256,0.0179717615903186));
#4269=CARTESIAN_POINT('',(-0.0945,0.103419768289256,0.0179717615903186));
#4270=CARTESIAN_POINT('',(-0.0945,0.10154380450059,0.0226064956564343));
#4271=CARTESIAN_POINT('',(-0.0945,0.10154380450059,0.0226064956564343));
#4272=CARTESIAN_POINT('',(-0.0995,0.10154380450059,0.0226064956564343));
#4273=CARTESIAN_POINT('',(-0.0995,0.10154380450059,0.0226064956564343));
#4274=CARTESIAN_POINT('',(-0.1045,0.10154380450059,0.0226064956564343));
#4275=CARTESIAN_POINT('',(-0.1045,0.10154380450059,0.0226064956564343));
#4276=CARTESIAN_POINT('',(-0.1045,0.103419768289256,0.0179717615903186));
#4277=CARTESIAN_POINT('',(-0.1045,0.103419768289256,0.0179717615903186));
#4278=CARTESIAN_POINT('',(-0.0995,0.103863305494687,0.0168759637886659));
#4279=CARTESIAN_POINT('',(0.,0.,0.));
#4280=CARTESIAN_POINT('',(-0.0294539882469084,0.078025586270331,6.24500451351651E-17));
#4281=CARTESIAN_POINT('',(-0.0294539882469084,0.0780255862703309,6.24500451351651E-17));
#4282=CARTESIAN_POINT('',(-0.0294539882469084,0.078025586270331,6.24500451351651E-17));
#4283=CARTESIAN_POINT('',(-0.0594539882469085,0.078025586270331,6.24500451351651E-17));
#4284=CARTESIAN_POINT('',(-0.0594539882469085,0.0831707456411196,-0.0127115702101838));
#4285=CARTESIAN_POINT('',(-0.0594539882469085,0.0658827291274738,0.03));
#4286=CARTESIAN_POINT('',(-0.0294539882469084,0.0658827291274738,0.03));
#4287=CARTESIAN_POINT('',(-0.0294539882469084,0.0658827291274738,0.03));
#4288=CARTESIAN_POINT('',(-0.0294539882469084,0.0831707456411196,-0.0127115702101838));
#4289=CARTESIAN_POINT('',(-0.0444539882469085,0.0744612550718657,0.00880599472562006));
#4290=CARTESIAN_POINT('',(-0.0499539882469085,0.0744612550718657,0.00880599472562006));
#4291=CARTESIAN_POINT('',(-0.0389539882469084,0.0744612550718657,0.00880599472562006));
#4292=CARTESIAN_POINT('',(-0.0389539882469084,0.0723976949043332,0.0139042021983474));
#4293=CARTESIAN_POINT('',(-0.0389539882469084,0.0703341347368007,0.0190024096710748));
#4294=CARTESIAN_POINT('',(-0.0444539882469085,0.0703341347368007,0.0190024096710748));
#4295=CARTESIAN_POINT('',(-0.0499539882469085,0.0703341347368007,0.0190024096710748));
#4296=CARTESIAN_POINT('',(-0.0499539882469085,0.0723976949043332,0.0139042021983474));
#4297=CARTESIAN_POINT('',(-0.0640373215802418,0.00310583188931519,0.0125));
#4298=CARTESIAN_POINT('',(-0.0640373215802418,0.00310583188931519,0.0175));
#4299=CARTESIAN_POINT('',(-0.0644539882469085,0.00192732058733773,0.0175));
#4300=CARTESIAN_POINT('',(-0.0636206549135751,0.00428434319129288,0.0175));
#4301=CARTESIAN_POINT('',(-0.0644539882469085,0.00192732058733773,0.0125));
#4302=CARTESIAN_POINT('',(-0.0644539882469085,0.00192732058733773,0.0125));
#4303=CARTESIAN_POINT('',(-0.0640373215802418,0.00310583188931519,0.0125));
#4304=CARTESIAN_POINT('',(-0.0636206549135751,0.00428434319129288,0.0125));
#4305=CARTESIAN_POINT('',(-0.0636206549135751,0.00428434319129288,0.0125));
#4306=CARTESIAN_POINT('',(-0.0444539882469085,-0.069379000645843,0.0280291060188908));
#4307=CARTESIAN_POINT('',(-0.0519539882469085,-0.069379000645843,0.0280291060188908));
#4308=CARTESIAN_POINT('',(-0.0519539882469085,-0.0563576049362796,0.022511565463991));
#4309=CARTESIAN_POINT('',(-0.0519539882469085,-0.069379000645843,0.0280291060188908));
#4310=CARTESIAN_POINT('',(-0.0544539882469085,-0.0563576049362796,0.022511565463991));
#4311=CARTESIAN_POINT('',(-0.0569539882469085,-0.0563576049362796,0.022511565463991));
#4312=CARTESIAN_POINT('',(-0.0569539882469085,-0.069379000645843,0.0280291060188908));
#4313=CARTESIAN_POINT('',(-0.0569539882469085,-0.069379000645843,0.0280291060188908));
#4314=CARTESIAN_POINT('',(-0.0444539882469085,-0.069379000645843,0.0280291060188908));
#4315=CARTESIAN_POINT('',(-0.0569539882469085,-0.069379000645843,0.0280291060188908));
#4316=CARTESIAN_POINT('',(-0.0569539882469085,-0.069379000645843,0.0280291060188908));
#4317=CARTESIAN_POINT('',(-0.0569539882469085,-0.0748965412007428,0.0150077103093273));
#4318=CARTESIAN_POINT('',(-0.0569539882469085,-0.0656270730685111,0.0187596378866591));
#4319=CARTESIAN_POINT('',(-0.0544539882469085,-0.0748965412007428,0.0150077103093273));
#4320=CARTESIAN_POINT('',(-0.0544539882469085,-0.0748965412007428,0.0150077103093273));
#4321=CARTESIAN_POINT('',(-0.0519539882469085,-0.0748965412007428,0.0150077103093273));
#4322=CARTESIAN_POINT('',(-0.0519539882469085,-0.0748965412007428,0.0150077103093273));
#4323=CARTESIAN_POINT('',(-0.0519539882469085,-0.069379000645843,0.0280291060188908));
#4324=CARTESIAN_POINT('',(-0.0519539882469085,-0.0656270730685111,0.0187596378866591));
#4325=CARTESIAN_POINT('',(-0.0594539882469084,0.0160694562110688,0.0125));
#4326=CARTESIAN_POINT('',(-0.0594539882469084,0.0160694562110688,0.0175));
#4327=CARTESIAN_POINT('',(-0.0594539882469085,0.0285694562110688,0.0175));
#4328=CARTESIAN_POINT('',(-0.0594539882469084,0.0160694562110688,0.0125));
#4329=CARTESIAN_POINT('',(-0.0594539882469085,0.0285694562110688,0.0125));
#4330=CARTESIAN_POINT('',(-0.0594539882469085,0.0285694562110688,0.0125));
#4331=CARTESIAN_POINT('',(-0.0519539882469085,0.1110475212407,0.0175));
#4332=CARTESIAN_POINT('',(-0.0594539882469085,0.114575801454515,0.0175));
#4333=CARTESIAN_POINT('',(-0.0594539882469085,0.0310694562110688,0.0175));
#4334=CARTESIAN_POINT('',(-0.0594539882469084,0.0160694562110688,0.0175));
#4335=CARTESIAN_POINT('',(-0.0594539882469084,0.0160694562110688,0.0125));
#4336=CARTESIAN_POINT('',(-0.0594539882469085,0.0310694562110688,0.0125));
#4337=CARTESIAN_POINT('',(-0.0594539882469085,0.0310694562110688,0.0125));
#4338=CARTESIAN_POINT('',(-0.0594539882469084,0.0160694562110688,0.0125));
#4339=CARTESIAN_POINT('',(-0.0519539882469085,0.1110475212407,0.0125));
#4340=CARTESIAN_POINT('',(-0.0594539882469085,0.114575801454515,0.0125));
#4341=CARTESIAN_POINT('',(-0.0294539882469084,0.114575801454515,4.85722573273506E-17));
#4342=CARTESIAN_POINT('',(-0.0294539882469084,-0.102959819443482,0.0576875488873681));
#4343=CARTESIAN_POINT('',(-0.0294539882469084,-0.0841660093329743,0.0112557827319955));
#4344=CARTESIAN_POINT('',(-0.0294539882469084,-0.0796100972747857,4.85722573273506E-17));
#4345=CARTESIAN_POINT('',(-0.0294539882469084,-0.0749155902002573,0.015));
#4346=CARTESIAN_POINT('',(-0.0294539882469084,-0.111974413729669,7.63278329429795E-17));
#4347=CARTESIAN_POINT('',(-0.0294539882469084,0.114575801454515,6.24500451351651E-17));
#4348=CARTESIAN_POINT('',(-0.0394539882469084,-0.102959819443482,0.0576875488873681));
#4349=CARTESIAN_POINT('',(-0.0294539882469084,-0.0841660093329743,0.0112557827319955));
#4350=CARTESIAN_POINT('',(-0.0494539882469084,-0.0841660093329743,0.0112557827319955));
#4351=CARTESIAN_POINT('',(-0.0294539882469084,-0.0796100972747857,6.24500451351651E-17));
#4352=CARTESIAN_POINT('',(-0.0494539882469084,-0.0796100972747858,9.0205620750794E-17));
#4353=CARTESIAN_POINT('',(-0.0494539882469084,-0.102959819443482,0.0576875488873681));
#4354=CARTESIAN_POINT('',(-0.0494539882469084,-0.0983250853773665,0.059563512676034));
#4355=CARTESIAN_POINT('',(-0.0494539882469084,-0.0749155902002573,0.015));
#4356=CARTESIAN_POINT('',(-0.0494539882469084,-0.0748965412007428,0.0150077103093273));
#4357=CARTESIAN_POINT('',(-0.0494539882469084,0.114575801454515,6.24500451351651E-17));
#4358=CARTESIAN_POINT('',(-0.0494539882469084,-0.0688219917898246,6.24500451351651E-17));
#4359=CARTESIAN_POINT('',(-0.0494539882469084,-0.0936903513112508,0.0614394764646999));
#4360=CARTESIAN_POINT('',(-0.0394539882469084,-0.0936903513112508,0.0614394764646999));
#4361=CARTESIAN_POINT('',(-0.0294539882469084,-0.0688219917898246,6.24500451351651E-17));
#4362=CARTESIAN_POINT('',(-0.0294539882469084,-0.0688219917898246,6.24500451351651E-17));
#4363=CARTESIAN_POINT('',(-0.0294539882469084,-0.0936903513112508,0.0614394764646999));
#4364=CARTESIAN_POINT('',(-0.0294539882469084,-0.0748965412007428,0.0150077103093273));
#4365=CARTESIAN_POINT('',(-0.0294539882469084,-0.0748965412007428,0.0150077103093273));
#4366=CARTESIAN_POINT('',(-0.0294539882469084,0.114575801454515,4.85722573273506E-17));
#4367=CARTESIAN_POINT('',(-0.0294539882469084,-0.0749155902002573,0.015));
#4368=CARTESIAN_POINT('',(-0.0294539882469084,-0.0559305437889314,0.0226844235474414));
#4369=CARTESIAN_POINT('',(-0.0294539882469084,0.114575801454515,6.24500451351651E-17));
#4370=CARTESIAN_POINT('',(-0.0294539882469084,-0.0559305437889314,3.46944695195361E-17));
#4371=CARTESIAN_POINT('',(-0.0294539882469084,-0.0559305437889314,0.03));
#4372=CARTESIAN_POINT('',(-0.0394539882469084,-0.0559305437889314,0.03));
#4373=CARTESIAN_POINT('',(-0.0294539882469084,-0.0559305437889314,0.0226844235474414));
#4374=CARTESIAN_POINT('',(-0.0494539882469085,-0.0559305437889314,0.0226844235474414));
#4375=CARTESIAN_POINT('',(-0.0394539882469084,-0.0559305437889314,3.46944695195361E-17));
#4376=CARTESIAN_POINT('',(-0.0494539882469085,-0.0559305437889314,2.08166817117217E-17));
#4377=CARTESIAN_POINT('',(-0.0494539882469085,-0.0559305437889314,0.03));
#4378=CARTESIAN_POINT('',(-0.0494539882469085,-0.0509305437889314,0.03));
#4379=CARTESIAN_POINT('',(-0.0494539882469085,-0.0749155902002573,0.015));
#4380=CARTESIAN_POINT('',(-0.0494539882469085,-0.0459305437889314,0.0267320425950605));
#4381=CARTESIAN_POINT('',(-0.0494539882469085,-0.0509305437889314,7.63278329429795E-17));
#4382=CARTESIAN_POINT('',(-0.0494539882469085,-0.0459305437889314,4.85722573273506E-17));
#4383=CARTESIAN_POINT('',(-0.0494539882469085,-0.0459305437889314,0.03));
#4384=CARTESIAN_POINT('',(-0.0394539882469084,-0.0459305437889314,0.03));
#4385=CARTESIAN_POINT('',(-0.0394539882469084,-0.0459305437889314,4.85722573273506E-17));
#4386=CARTESIAN_POINT('',(-0.0294539882469084,-0.0459305437889314,4.85722573273506E-17));
#4387=CARTESIAN_POINT('',(-0.0294539882469084,-0.0459305437889314,0.03));
#4388=CARTESIAN_POINT('',(-0.0294539882469084,-0.0459305437889314,0.0267320425950605));
#4389=CARTESIAN_POINT('',(-0.0294539882469084,-0.0459305437889314,0.0267320425950605));
#4390=CARTESIAN_POINT('',(-0.0394539882469084,0.0540694562110687,0.03));
#4391=CARTESIAN_POINT('',(-0.0394539882469084,0.0540694562110687,5.55111512312578E-17));
#4392=CARTESIAN_POINT('',(-0.0294539882469084,0.0540694562110687,6.24500451351651E-17));
#4393=CARTESIAN_POINT('',(-0.0494539882469085,0.0540694562110687,5.55111512312578E-17));
#4394=CARTESIAN_POINT('',(-0.0294539882469084,0.0540694562110687,0.03));
#4395=CARTESIAN_POINT('',(-0.0294539882469084,0.0540694562110687,0.03));
#4396=CARTESIAN_POINT('',(-0.0394539882469084,0.0540694562110687,0.03));
#4397=CARTESIAN_POINT('',(-0.0494539882469085,0.0540694562110687,0.03));
#4398=CARTESIAN_POINT('',(-0.0494539882469085,0.0540694562110687,0.03));
#4399=CARTESIAN_POINT('',(-0.0494539882469085,0.0490694562110687,0.03));
#4400=CARTESIAN_POINT('',(-0.0494539882469085,0.0490694562110687,4.85722573273506E-17));
#4401=CARTESIAN_POINT('',(-0.0494539882469085,0.0440694562110687,5.55111512312578E-17));
#4402=CARTESIAN_POINT('',(-0.0494539882469085,0.0490694562110687,0.03));
#4403=CARTESIAN_POINT('',(-0.0494539882469085,0.0440694562110687,0.03));
#4404=CARTESIAN_POINT('',(-0.0494539882469085,0.0440694562110687,0.03));
#4405=CARTESIAN_POINT('',(-0.0394539882469084,0.0440694562110687,0.03));
#4406=CARTESIAN_POINT('',(-0.0394539882469084,0.0440694562110687,4.16333634234433E-17));
#4407=CARTESIAN_POINT('',(-0.0294539882469084,0.0440694562110687,4.85722573273506E-17));
#4408=CARTESIAN_POINT('',(-0.0394539882469084,0.0440694562110687,0.03));
#4409=CARTESIAN_POINT('',(-0.0294539882469084,0.0440694562110687,0.03));
#4410=CARTESIAN_POINT('',(-0.0294539882469084,0.0440694562110687,0.03));
#4411=CARTESIAN_POINT('',(-0.0294539882469084,0.114575801454515,4.85722573273506E-17));
#4412=CARTESIAN_POINT('',(-0.0294539882469084,0.145563196412498,0.03));
#4413=CARTESIAN_POINT('',(-0.0294539882469084,0.0269162059169297,0.03));
#4414=CARTESIAN_POINT('',(-0.0294539882469084,-0.000995669988934841,0.0989587522380183));
#4415=CARTESIAN_POINT('',(-0.0294539882469084,0.0390590630597868,4.85722573273506E-17));
#4416=CARTESIAN_POINT('',(-0.0294539882469084,0.114575801454515,6.24500451351651E-17));
#4417=CARTESIAN_POINT('',(-0.0394539882469084,-0.000995669988934841,0.0989587522380183));
#4418=CARTESIAN_POINT('',(-0.0294539882469084,0.0269162059169297,0.03));
#4419=CARTESIAN_POINT('',(-0.0494539882469084,0.0269162059169297,0.03));
#4420=CARTESIAN_POINT('',(-0.0494539882469084,-0.000995669988934841,0.0989587522380183));
#4421=CARTESIAN_POINT('',(-0.0494539882469084,0.0390590630597868,4.85722573273506E-17));
#4422=CARTESIAN_POINT('',(-0.0294539882469084,0.0390590630597868,4.85722573273506E-17));
#4423=CARTESIAN_POINT('',(-0.0494539882469084,-0.00563040405505062,0.0970827884493524));
#4424=CARTESIAN_POINT('',(-0.0494539882469084,0.114575801454515,6.24500451351651E-17));
#4425=CARTESIAN_POINT('',(-0.0494539882469084,0.0282709575748257,8.32667268468867E-17));
#4426=CARTESIAN_POINT('',(-0.0494539882469084,0.145563196412498,0.03));
#4427=CARTESIAN_POINT('',(-0.0494539882469084,0.0161281004319686,0.03));
#4428=CARTESIAN_POINT('',(-0.0494539882469084,-0.0102651381211664,0.0952068246606865));
#4429=CARTESIAN_POINT('',(-0.0394539882469084,-0.0102651381211664,0.0952068246606865));
#4430=CARTESIAN_POINT('',(-0.0294539882469084,0.0282709575748257,5.55111512312578E-17));
#4431=CARTESIAN_POINT('',(-0.0294539882469084,0.0282709575748257,5.55111512312578E-17));
#4432=CARTESIAN_POINT('',(-0.0294539882469084,0.0161281004319686,0.03));
#4433=CARTESIAN_POINT('',(-0.0294539882469084,0.0161281004319686,0.03));
#4434=CARTESIAN_POINT('',(-0.0294539882469084,-0.0102651381211664,0.0952068246606865));
#4435=CARTESIAN_POINT('',(-0.0294539882469084,0.114575801454515,4.85722573273506E-17));
#4436=CARTESIAN_POINT('',(-0.0294539882469084,0.145563196412498,0.03));
#4437=CARTESIAN_POINT('',(-0.0294539882469084,-0.0378567666708454,0.03));
#4438=CARTESIAN_POINT('',(-0.0294539882469084,-0.0749155902002573,0.015));
#4439=CARTESIAN_POINT('',(-0.0294539882469084,0.114575801454515,6.24500451351651E-17));
#4440=CARTESIAN_POINT('',(-0.0294539882469084,-0.0749155902002573,0.015));
#4441=CARTESIAN_POINT('',(-0.0294539882469084,-0.0378567666708454,0.03));
#4442=CARTESIAN_POINT('',(-0.0594539882469085,-0.0378567666708454,0.03));
#4443=CARTESIAN_POINT('',(-0.0594539882469085,-0.0749155902002573,0.015));
#4444=CARTESIAN_POINT('',(-0.0594539882469085,-0.111974413729669,7.63278329429795E-17));
#4445=CARTESIAN_POINT('',(-0.0294539882469084,-0.111974413729669,7.63278329429795E-17));
#4446=CARTESIAN_POINT('',(-0.0294539882469084,0.114575801454515,6.24500451351651E-17));
#4447=CARTESIAN_POINT('',(-0.0294539882469084,0.114575801454515,6.24500451351651E-17));
#4448=CARTESIAN_POINT('',(-0.0594539882469085,0.114575801454515,6.24500451351651E-17));
#4449=CARTESIAN_POINT('',(-0.0294539882469084,0.145563196412498,0.03));
#4450=CARTESIAN_POINT('',(-0.0594539882469085,0.145563196412498,0.03));
#4451=CARTESIAN_POINT('',(-0.0294539882469084,0.145563196412498,0.03));
#4452=CARTESIAN_POINT('',(-0.0294539882469084,0.114575801454515,4.85722573273506E-17));
#4453=CARTESIAN_POINT('',(-0.0594539882469085,0.114575801454515,4.85722573273506E-17));
#4454=CARTESIAN_POINT('',(-0.0444539882469085,0.0698265210057499,0.00693003093695414));
#4455=CARTESIAN_POINT('',(-0.0499539882469085,0.0698265210057499,0.00693003093695414));
#4456=CARTESIAN_POINT('',(-0.0499539882469085,0.0698265210057499,0.00693003093695414));
#4457=CARTESIAN_POINT('',(-0.0444539882469085,0.0698265210057499,0.00693003093695414));
#4458=CARTESIAN_POINT('',(-0.0389539882469084,0.0698265210057499,0.00693003093695414));
#4459=CARTESIAN_POINT('',(-0.0389539882469084,0.0698265210057499,0.00693003093695414));
#4460=CARTESIAN_POINT('',(-0.0499539882469085,0.0677629608382174,0.0120282384096815));
#4461=CARTESIAN_POINT('',(-0.0499539882469085,0.0656994006706849,0.0171264458824089));
#4462=CARTESIAN_POINT('',(-0.0499539882469085,0.0656994006706849,0.0171264458824089));
#4463=CARTESIAN_POINT('',(-0.0499539882469085,0.0677629608382174,0.0120282384096815));
#4464=CARTESIAN_POINT('',(-0.0444539882469085,0.0656994006706849,0.0171264458824089));
#4465=CARTESIAN_POINT('',(-0.0389539882469084,0.0656994006706849,0.0171264458824089));
#4466=CARTESIAN_POINT('',(-0.0389539882469084,0.0656994006706849,0.0171264458824089));
#4467=CARTESIAN_POINT('',(-0.0444539882469085,0.0656994006706849,0.0171264458824089));
#4468=CARTESIAN_POINT('',(-0.0389539882469084,0.0677629608382174,0.0120282384096815));
#4469=CARTESIAN_POINT('',(-0.0389539882469084,0.0677629608382174,0.0120282384096815));
#4470=CARTESIAN_POINT('',(-0.0444539882469085,0.0673194236327866,0.0131240362113341));
#4471=CARTESIAN_POINT('',(0.,0.,0.));
#4472=CARTESIAN_POINT('',(0.0265460117530915,0.078025586270331,6.24500451351651E-17));
#4473=CARTESIAN_POINT('',(0.0265460117530915,0.0780255862703309,6.24500451351651E-17));
#4474=CARTESIAN_POINT('',(0.0265460117530915,0.078025586270331,6.24500451351651E-17));
#4475=CARTESIAN_POINT('',(0.0565460117530916,0.078025586270331,6.24500451351651E-17));
#4476=CARTESIAN_POINT('',(0.0265460117530915,0.0831707456411196,-0.0127115702101838));
#4477=CARTESIAN_POINT('',(0.0265460117530915,0.0658827291274738,0.03));
#4478=CARTESIAN_POINT('',(0.0265460117530915,0.0658827291274738,0.03));
#4479=CARTESIAN_POINT('',(0.0565460117530916,0.0658827291274738,0.03));
#4480=CARTESIAN_POINT('',(0.0565460117530916,0.0831707456411196,-0.0127115702101838));
#4481=CARTESIAN_POINT('',(0.0415460117530916,0.0744612550718657,0.00880599472562006));
#4482=CARTESIAN_POINT('',(0.0470460117530916,0.0744612550718657,0.00880599472562006));
#4483=CARTESIAN_POINT('',(0.0360460117530916,0.0744612550718657,0.00880599472562006));
#4484=CARTESIAN_POINT('',(0.0470460117530916,0.0723976949043332,0.0139042021983474));
#4485=CARTESIAN_POINT('',(0.0470460117530916,0.0703341347368007,0.0190024096710748));
#4486=CARTESIAN_POINT('',(0.0415460117530916,0.0703341347368007,0.0190024096710748));
#4487=CARTESIAN_POINT('',(0.0360460117530916,0.0703341347368007,0.0190024096710748));
#4488=CARTESIAN_POINT('',(0.0360460117530916,0.0723976949043332,0.0139042021983474));
#4489=CARTESIAN_POINT('',(0.0611293450864249,0.00310583188931519,0.0125));
#4490=CARTESIAN_POINT('',(0.0611293450864249,0.00310583188931519,0.0175));
#4491=CARTESIAN_POINT('',(0.0615460117530916,0.00192732058733773,0.0175));
#4492=CARTESIAN_POINT('',(0.0607126784197582,0.00428434319129288,0.0175));
#4493=CARTESIAN_POINT('',(0.0607126784197582,0.00428434319129288,0.0125));
#4494=CARTESIAN_POINT('',(0.0607126784197582,0.00428434319129288,0.0125));
#4495=CARTESIAN_POINT('',(0.0611293450864249,0.00310583188931519,0.0125));
#4496=CARTESIAN_POINT('',(0.0615460117530916,0.00192732058733773,0.0125));
#4497=CARTESIAN_POINT('',(0.0615460117530916,0.00192732058733773,0.0125));
#4498=CARTESIAN_POINT('',(0.0415460117530916,-0.069379000645843,0.0280291060188908));
#4499=CARTESIAN_POINT('',(0.0490460117530916,-0.069379000645843,0.0280291060188908));
#4500=CARTESIAN_POINT('',(0.0490460117530916,-0.0563576049362796,0.022511565463991));
#4501=CARTESIAN_POINT('',(0.0490460117530916,-0.069379000645843,0.0280291060188908));
#4502=CARTESIAN_POINT('',(0.0415460117530916,-0.069379000645843,0.0280291060188908));
#4503=CARTESIAN_POINT('',(0.0540460117530916,-0.069379000645843,0.0280291060188908));
#4504=CARTESIAN_POINT('',(0.0540460117530916,-0.069379000645843,0.0280291060188908));
#4505=CARTESIAN_POINT('',(0.0540460117530916,-0.0563576049362796,0.022511565463991));
#4506=CARTESIAN_POINT('',(0.0515460117530916,-0.0563576049362796,0.022511565463991));
#4507=CARTESIAN_POINT('',(0.0540460117530916,-0.069379000645843,0.0280291060188908));
#4508=CARTESIAN_POINT('',(0.0540460117530916,-0.069379000645843,0.0280291060188908));
#4509=CARTESIAN_POINT('',(0.0540460117530916,-0.0748965412007428,0.0150077103093273));
#4510=CARTESIAN_POINT('',(0.0540460117530916,-0.0656270730685111,0.0187596378866591));
#4511=CARTESIAN_POINT('',(0.0515460117530916,-0.0748965412007428,0.0150077103093273));
#4512=CARTESIAN_POINT('',(0.0515460117530916,-0.0748965412007428,0.0150077103093273));
#4513=CARTESIAN_POINT('',(0.0490460117530916,-0.0748965412007428,0.0150077103093273));
#4514=CARTESIAN_POINT('',(0.0490460117530916,-0.0748965412007428,0.0150077103093273));
#4515=CARTESIAN_POINT('',(0.0490460117530916,-0.069379000645843,0.0280291060188908));
#4516=CARTESIAN_POINT('',(0.0490460117530916,-0.0656270730685111,0.0187596378866591));
#4517=CARTESIAN_POINT('',(0.0565460117530915,0.0160694562110688,0.0125));
#4518=CARTESIAN_POINT('',(0.0565460117530915,0.0160694562110688,0.0175));
#4519=CARTESIAN_POINT('',(0.0565460117530916,0.0285694562110688,0.0175));
#4520=CARTESIAN_POINT('',(0.0565460117530916,0.0285694562110688,0.0125));
#4521=CARTESIAN_POINT('',(0.0565460117530916,0.0285694562110688,0.0125));
#4522=CARTESIAN_POINT('',(0.0565460117530915,0.0160694562110688,0.0125));
#4523=CARTESIAN_POINT('',(0.0490460117530916,0.1110475212407,0.0175));
#4524=CARTESIAN_POINT('',(0.0565460117530915,0.0160694562110688,0.0175));
#4525=CARTESIAN_POINT('',(0.0565460117530916,0.0310694562110688,0.0175));
#4526=CARTESIAN_POINT('',(0.0565460117530916,0.114575801454515,0.0175));
#4527=CARTESIAN_POINT('',(0.0565460117530915,0.0160694562110688,0.0125));
#4528=CARTESIAN_POINT('',(0.0565460117530915,0.0160694562110688,0.0125));
#4529=CARTESIAN_POINT('',(0.0565460117530916,0.0310694562110688,0.0125));
#4530=CARTESIAN_POINT('',(0.0565460117530916,0.0310694562110688,0.0125));
#4531=CARTESIAN_POINT('',(0.0490460117530916,0.1110475212407,0.0125));
#4532=CARTESIAN_POINT('',(0.0565460117530916,0.114575801454515,0.0125));
#4533=CARTESIAN_POINT('',(0.0265460117530915,0.114575801454515,4.85722573273506E-17));
#4534=CARTESIAN_POINT('',(0.0265460117530915,-0.102959819443482,0.0576875488873681));
#4535=CARTESIAN_POINT('',(0.0265460117530915,-0.0841660093329743,0.0112557827319955));
#4536=CARTESIAN_POINT('',(0.0265460117530915,-0.0796100972747857,4.85722573273506E-17));
#4537=CARTESIAN_POINT('',(0.0265460117530915,0.114575801454515,6.24500451351651E-17));
#4538=CARTESIAN_POINT('',(0.0265460117530915,-0.111974413729669,7.63278329429795E-17));
#4539=CARTESIAN_POINT('',(0.0265460117530915,-0.0749155902002573,0.015));
#4540=CARTESIAN_POINT('',(0.0365460117530916,-0.102959819443482,0.0576875488873681));
#4541=CARTESIAN_POINT('',(0.0265460117530915,-0.0841660093329743,0.0112557827319955));
#4542=CARTESIAN_POINT('',(0.0465460117530915,-0.0841660093329743,0.0112557827319955));
#4543=CARTESIAN_POINT('',(0.0465460117530915,-0.102959819443482,0.0576875488873681));
#4544=CARTESIAN_POINT('',(0.0465460117530915,-0.0796100972747858,9.0205620750794E-17));
#4545=CARTESIAN_POINT('',(0.0265460117530915,-0.0796100972747857,6.24500451351651E-17));
#4546=CARTESIAN_POINT('',(0.0465460117530915,-0.0983250853773665,0.059563512676034));
#4547=CARTESIAN_POINT('',(0.0465460117530915,-0.0749155902002573,0.015));
#4548=CARTESIAN_POINT('',(0.0465460117530916,-0.0748965412007428,0.0150077103093273));
#4549=CARTESIAN_POINT('',(0.0465460117530916,-0.0936903513112508,0.0614394764646999));
#4550=CARTESIAN_POINT('',(0.0465460117530916,-0.0688219917898246,6.24500451351651E-17));
#4551=CARTESIAN_POINT('',(0.0465460117530915,0.114575801454515,6.24500451351651E-17));
#4552=CARTESIAN_POINT('',(0.0365460117530916,-0.0936903513112508,0.0614394764646999));
#4553=CARTESIAN_POINT('',(0.0265460117530915,-0.0748965412007428,0.0150077103093273));
#4554=CARTESIAN_POINT('',(0.0265460117530915,-0.0748965412007428,0.0150077103093273));
#4555=CARTESIAN_POINT('',(0.0265460117530915,-0.0936903513112508,0.0614394764646999));
#4556=CARTESIAN_POINT('',(0.0265460117530915,-0.0688219917898246,6.24500451351651E-17));
#4557=CARTESIAN_POINT('',(0.0265460117530915,-0.0688219917898246,6.24500451351651E-17));
#4558=CARTESIAN_POINT('',(0.0265460117530915,0.114575801454515,4.85722573273506E-17));
#4559=CARTESIAN_POINT('',(0.0265460117530915,-0.0749155902002573,0.015));
#4560=CARTESIAN_POINT('',(0.0265460117530915,-0.0559305437889314,0.0226844235474414));
#4561=CARTESIAN_POINT('',(0.0265460117530915,-0.0559305437889314,0.03));
#4562=CARTESIAN_POINT('',(0.0265460117530915,-0.0559305437889314,3.46944695195361E-17));
#4563=CARTESIAN_POINT('',(0.0265460117530915,0.114575801454515,6.24500451351651E-17));
#4564=CARTESIAN_POINT('',(0.0365460117530916,-0.0559305437889314,0.03));
#4565=CARTESIAN_POINT('',(0.0265460117530915,-0.0559305437889314,0.0226844235474414));
#4566=CARTESIAN_POINT('',(0.0465460117530916,-0.0559305437889314,0.0226844235474414));
#4567=CARTESIAN_POINT('',(0.0465460117530916,-0.0559305437889314,0.03));
#4568=CARTESIAN_POINT('',(0.0465460117530916,-0.0559305437889314,2.08166817117217E-17));
#4569=CARTESIAN_POINT('',(0.0365460117530916,-0.0559305437889314,3.46944695195361E-17));
#4570=CARTESIAN_POINT('',(0.0465460117530916,-0.0509305437889314,0.03));
#4571=CARTESIAN_POINT('',(0.0465460117530916,-0.0749155902002573,0.015));
#4572=CARTESIAN_POINT('',(0.0465460117530916,-0.0459305437889314,0.0267320425950605));
#4573=CARTESIAN_POINT('',(0.0465460117530916,-0.0459305437889314,0.03));
#4574=CARTESIAN_POINT('',(0.0465460117530916,-0.0459305437889314,4.85722573273506E-17));
#4575=CARTESIAN_POINT('',(0.0465460117530916,-0.0509305437889314,7.63278329429795E-17));
#4576=CARTESIAN_POINT('',(0.0365460117530916,-0.0459305437889314,0.03));
#4577=CARTESIAN_POINT('',(0.0265460117530915,-0.0459305437889314,0.0267320425950605));
#4578=CARTESIAN_POINT('',(0.0265460117530915,-0.0459305437889314,0.0267320425950605));
#4579=CARTESIAN_POINT('',(0.0265460117530915,-0.0459305437889314,0.03));
#4580=CARTESIAN_POINT('',(0.0265460117530915,-0.0459305437889314,4.85722573273506E-17));
#4581=CARTESIAN_POINT('',(0.0365460117530916,-0.0459305437889314,4.85722573273506E-17));
#4582=CARTESIAN_POINT('',(0.0365460117530916,0.0540694562110687,0.03));
#4583=CARTESIAN_POINT('',(0.0365460117530916,0.0540694562110687,5.55111512312578E-17));
#4584=CARTESIAN_POINT('',(0.0265460117530915,0.0540694562110687,6.24500451351651E-17));
#4585=CARTESIAN_POINT('',(0.0465460117530916,0.0540694562110687,5.55111512312578E-17));
#4586=CARTESIAN_POINT('',(0.0465460117530916,0.0540694562110687,0.03));
#4587=CARTESIAN_POINT('',(0.0465460117530916,0.0540694562110687,0.03));
#4588=CARTESIAN_POINT('',(0.0365460117530916,0.0540694562110687,0.03));
#4589=CARTESIAN_POINT('',(0.0265460117530915,0.0540694562110687,0.03));
#4590=CARTESIAN_POINT('',(0.0265460117530915,0.0540694562110687,0.03));
#4591=CARTESIAN_POINT('',(0.0465460117530916,0.0490694562110687,0.03));
#4592=CARTESIAN_POINT('',(0.0465460117530916,0.0490694562110687,4.85722573273506E-17));
#4593=CARTESIAN_POINT('',(0.0465460117530916,0.0440694562110687,5.55111512312578E-17));
#4594=CARTESIAN_POINT('',(0.0465460117530916,0.0440694562110687,0.03));
#4595=CARTESIAN_POINT('',(0.0465460117530916,0.0440694562110687,0.03));
#4596=CARTESIAN_POINT('',(0.0465460117530916,0.0490694562110687,0.03));
#4597=CARTESIAN_POINT('',(0.0365460117530916,0.0440694562110687,0.03));
#4598=CARTESIAN_POINT('',(0.0365460117530916,0.0440694562110687,4.16333634234433E-17));
#4599=CARTESIAN_POINT('',(0.0265460117530915,0.0440694562110687,4.85722573273506E-17));
#4600=CARTESIAN_POINT('',(0.0265460117530915,0.0440694562110687,0.03));
#4601=CARTESIAN_POINT('',(0.0265460117530915,0.0440694562110687,0.03));
#4602=CARTESIAN_POINT('',(0.0365460117530916,0.0440694562110687,0.03));
#4603=CARTESIAN_POINT('',(0.0265460117530915,0.114575801454515,4.85722573273506E-17));
#4604=CARTESIAN_POINT('',(0.0265460117530915,0.145563196412498,0.03));
#4605=CARTESIAN_POINT('',(0.0265460117530915,0.0269162059169297,0.03));
#4606=CARTESIAN_POINT('',(0.0265460117530915,0.114575801454515,6.24500451351651E-17));
#4607=CARTESIAN_POINT('',(0.0265460117530915,0.0390590630597868,4.85722573273506E-17));
#4608=CARTESIAN_POINT('',(0.0265460117530915,-0.000995669988934841,0.0989587522380183));
#4609=CARTESIAN_POINT('',(0.0365460117530916,-0.000995669988934841,0.0989587522380183));
#4610=CARTESIAN_POINT('',(0.0265460117530915,0.0390590630597868,4.85722573273506E-17));
#4611=CARTESIAN_POINT('',(0.0465460117530916,0.0390590630597868,4.85722573273506E-17));
#4612=CARTESIAN_POINT('',(0.0465460117530916,-0.000995669988934841,0.0989587522380183));
#4613=CARTESIAN_POINT('',(0.0465460117530916,0.0269162059169297,0.03));
#4614=CARTESIAN_POINT('',(0.0265460117530915,0.0269162059169297,0.03));
#4615=CARTESIAN_POINT('',(0.0465460117530915,-0.00563040405505062,0.0970827884493524));
#4616=CARTESIAN_POINT('',(0.0465460117530915,0.114575801454515,6.24500451351651E-17));
#4617=CARTESIAN_POINT('',(0.0465460117530915,0.0282709575748257,8.32667268468867E-17));
#4618=CARTESIAN_POINT('',(0.0465460117530915,-0.0102651381211664,0.0952068246606865));
#4619=CARTESIAN_POINT('',(0.0465460117530915,0.0161281004319686,0.03));
#4620=CARTESIAN_POINT('',(0.0465460117530915,0.145563196412498,0.03));
#4621=CARTESIAN_POINT('',(0.0365460117530916,-0.0102651381211664,0.0952068246606865));
#4622=CARTESIAN_POINT('',(0.0265460117530915,0.0282709575748257,5.55111512312578E-17));
#4623=CARTESIAN_POINT('',(0.0265460117530915,0.0282709575748257,5.55111512312578E-17));
#4624=CARTESIAN_POINT('',(0.0265460117530915,-0.0102651381211664,0.0952068246606865));
#4625=CARTESIAN_POINT('',(0.0265460117530915,0.0161281004319686,0.03));
#4626=CARTESIAN_POINT('',(0.0265460117530915,0.0161281004319686,0.03));
#4627=CARTESIAN_POINT('',(0.0265460117530915,0.114575801454515,4.85722573273506E-17));
#4628=CARTESIAN_POINT('',(0.0265460117530915,0.114575801454515,6.24500451351651E-17));
#4629=CARTESIAN_POINT('',(0.0265460117530915,-0.0749155902002573,0.015));
#4630=CARTESIAN_POINT('',(0.0265460117530915,-0.0378567666708454,0.03));
#4631=CARTESIAN_POINT('',(0.0265460117530915,0.145563196412498,0.03));
#4632=CARTESIAN_POINT('',(0.0265460117530915,-0.0749155902002573,0.015));
#4633=CARTESIAN_POINT('',(0.0265460117530915,-0.111974413729669,7.63278329429795E-17));
#4634=CARTESIAN_POINT('',(0.0565460117530916,-0.111974413729669,7.63278329429795E-17));
#4635=CARTESIAN_POINT('',(0.0565460117530916,-0.0749155902002573,0.015));
#4636=CARTESIAN_POINT('',(0.0565460117530916,-0.0378567666708454,0.03));
#4637=CARTESIAN_POINT('',(0.0265460117530915,-0.0378567666708454,0.03));
#4638=CARTESIAN_POINT('',(0.0265460117530915,0.114575801454515,6.24500451351651E-17));
#4639=CARTESIAN_POINT('',(0.0565460117530916,0.114575801454515,6.24500451351651E-17));
#4640=CARTESIAN_POINT('',(0.0265460117530915,0.114575801454515,6.24500451351651E-17));
#4641=CARTESIAN_POINT('',(0.0265460117530915,0.145563196412498,0.03));
#4642=CARTESIAN_POINT('',(0.0265460117530915,0.145563196412498,0.03));
#4643=CARTESIAN_POINT('',(0.0565460117530916,0.145563196412498,0.03));
#4644=CARTESIAN_POINT('',(0.0265460117530915,0.114575801454515,4.85722573273506E-17));
#4645=CARTESIAN_POINT('',(0.0565460117530916,0.114575801454515,4.85722573273506E-17));
#4646=CARTESIAN_POINT('',(0.0415460117530916,0.0698265210057499,0.00693003093695414));
#4647=CARTESIAN_POINT('',(0.0360460117530916,0.0698265210057499,0.00693003093695414));
#4648=CARTESIAN_POINT('',(0.0360460117530916,0.0698265210057499,0.00693003093695414));
#4649=CARTESIAN_POINT('',(0.0415460117530916,0.0698265210057499,0.00693003093695414));
#4650=CARTESIAN_POINT('',(0.0470460117530916,0.0698265210057499,0.00693003093695414));
#4651=CARTESIAN_POINT('',(0.0470460117530916,0.0698265210057499,0.00693003093695414));
#4652=CARTESIAN_POINT('',(0.0470460117530916,0.0677629608382174,0.0120282384096815));
#4653=CARTESIAN_POINT('',(0.0470460117530916,0.0677629608382174,0.0120282384096815));
#4654=CARTESIAN_POINT('',(0.0470460117530916,0.0656994006706849,0.0171264458824089));
#4655=CARTESIAN_POINT('',(0.0470460117530916,0.0656994006706849,0.0171264458824089));
#4656=CARTESIAN_POINT('',(0.0415460117530916,0.0656994006706849,0.0171264458824089));
#4657=CARTESIAN_POINT('',(0.0415460117530916,0.0656994006706849,0.0171264458824089));
#4658=CARTESIAN_POINT('',(0.0360460117530916,0.0656994006706849,0.0171264458824089));
#4659=CARTESIAN_POINT('',(0.0360460117530916,0.0656994006706849,0.0171264458824089));
#4660=CARTESIAN_POINT('',(0.0360460117530916,0.0677629608382174,0.0120282384096815));
#4661=CARTESIAN_POINT('',(0.0360460117530916,0.0677629608382174,0.0120282384096815));
#4662=CARTESIAN_POINT('',(0.0415460117530916,0.0673194236327866,0.0131240362113341));
#4663=MECHANICAL_DESIGN_GEOMETRIC_PRESENTATION_REPRESENTATION('',(#2886),
#4667);
#4664=MECHANICAL_DESIGN_GEOMETRIC_PRESENTATION_REPRESENTATION('',(#2887),
#4668);
#4665=MECHANICAL_DESIGN_GEOMETRIC_PRESENTATION_REPRESENTATION('',(#2888),
#4669);
#4666=MECHANICAL_DESIGN_GEOMETRIC_PRESENTATION_REPRESENTATION('',(#2889),
#4670);
#4667=(
GEOMETRIC_REPRESENTATION_CONTEXT(3)
GLOBAL_UNCERTAINTY_ASSIGNED_CONTEXT((#4671))
GLOBAL_UNIT_ASSIGNED_CONTEXT((#4683,#4679,#4675))
REPRESENTATION_CONTEXT('Part 1','TOP_LEVEL_ASSEMBLY_PART')
);
#4668=(
GEOMETRIC_REPRESENTATION_CONTEXT(3)
GLOBAL_UNCERTAINTY_ASSIGNED_CONTEXT((#4672))
GLOBAL_UNIT_ASSIGNED_CONTEXT((#4684,#4680,#4676))
REPRESENTATION_CONTEXT('Part 1','TOP_LEVEL_ASSEMBLY_PART')
);
#4669=(
GEOMETRIC_REPRESENTATION_CONTEXT(3)
GLOBAL_UNCERTAINTY_ASSIGNED_CONTEXT((#4673))
GLOBAL_UNIT_ASSIGNED_CONTEXT((#4685,#4681,#4677))
REPRESENTATION_CONTEXT('Part 1','TOP_LEVEL_ASSEMBLY_PART')
);
#4670=(
GEOMETRIC_REPRESENTATION_CONTEXT(3)
GLOBAL_UNCERTAINTY_ASSIGNED_CONTEXT((#4674))
GLOBAL_UNIT_ASSIGNED_CONTEXT((#4686,#4682,#4678))
REPRESENTATION_CONTEXT('Part 1','TOP_LEVEL_ASSEMBLY_PART')
);
#4671=UNCERTAINTY_MEASURE_WITH_UNIT(LENGTH_MEASURE(1.E-8),#4683,
'DISTANCE_ACCURACY_VALUE','Maximum Tolerance applied to model');
#4672=UNCERTAINTY_MEASURE_WITH_UNIT(LENGTH_MEASURE(1.E-8),#4684,
'DISTANCE_ACCURACY_VALUE','Maximum Tolerance applied to model');
#4673=UNCERTAINTY_MEASURE_WITH_UNIT(LENGTH_MEASURE(1.E-8),#4685,
'DISTANCE_ACCURACY_VALUE','Maximum Tolerance applied to model');
#4674=UNCERTAINTY_MEASURE_WITH_UNIT(LENGTH_MEASURE(1.E-8),#4686,
'DISTANCE_ACCURACY_VALUE','Maximum Tolerance applied to model');
#4675=(
NAMED_UNIT(*)
SI_UNIT($,.STERADIAN.)
SOLID_ANGLE_UNIT()
);
#4676=(
NAMED_UNIT(*)
SI_UNIT($,.STERADIAN.)
SOLID_ANGLE_UNIT()
);
#4677=(
NAMED_UNIT(*)
SI_UNIT($,.STERADIAN.)
SOLID_ANGLE_UNIT()
);
#4678=(
NAMED_UNIT(*)
SI_UNIT($,.STERADIAN.)
SOLID_ANGLE_UNIT()
);
#4679=(
NAMED_UNIT(*)
PLANE_ANGLE_UNIT()
SI_UNIT($,.RADIAN.)
);
#4680=(
NAMED_UNIT(*)
PLANE_ANGLE_UNIT()
SI_UNIT($,.RADIAN.)
);
#4681=(
NAMED_UNIT(*)
PLANE_ANGLE_UNIT()
SI_UNIT($,.RADIAN.)
);
#4682=(
NAMED_UNIT(*)
PLANE_ANGLE_UNIT()
SI_UNIT($,.RADIAN.)
);
#4683=(
LENGTH_UNIT()
NAMED_UNIT(*)
SI_UNIT($,.METRE.)
);
#4684=(
LENGTH_UNIT()
NAMED_UNIT(*)
SI_UNIT($,.METRE.)
);
#4685=(
LENGTH_UNIT()
NAMED_UNIT(*)
SI_UNIT($,.METRE.)
);
#4686=(
LENGTH_UNIT()
NAMED_UNIT(*)
SI_UNIT($,.METRE.)
);
#4687=PRODUCT_DEFINITION_SHAPE('','',#4691);
#4688=PRODUCT_DEFINITION_SHAPE('','',#4692);
#4689=PRODUCT_DEFINITION_SHAPE('','',#4693);
#4690=PRODUCT_DEFINITION_SHAPE('','',#4694);
#4691=PRODUCT_DEFINITION('','',#4699,#4695);
#4692=PRODUCT_DEFINITION('','',#4700,#4696);
#4693=PRODUCT_DEFINITION('','',#4701,#4697);
#4694=PRODUCT_DEFINITION('','',#4702,#4698);
#4695=PRODUCT_DEFINITION_CONTEXT('',#4723,'design');
#4696=PRODUCT_DEFINITION_CONTEXT('',#4724,'design');
#4697=PRODUCT_DEFINITION_CONTEXT('',#4725,'design');
#4698=PRODUCT_DEFINITION_CONTEXT('',#4726,'design');
#4699=PRODUCT_DEFINITION_FORMATION_WITH_SPECIFIED_SOURCE('','',#4707,
 .NOT_KNOWN.);
#4700=PRODUCT_DEFINITION_FORMATION_WITH_SPECIFIED_SOURCE('','',#4708,
 .NOT_KNOWN.);
#4701=PRODUCT_DEFINITION_FORMATION_WITH_SPECIFIED_SOURCE('','',#4709,
 .NOT_KNOWN.);
#4702=PRODUCT_DEFINITION_FORMATION_WITH_SPECIFIED_SOURCE('','',#4710,
 .NOT_KNOWN.);
#4703=PRODUCT_RELATED_PRODUCT_CATEGORY('','',(#4707));
#4704=PRODUCT_RELATED_PRODUCT_CATEGORY('','',(#4708));
#4705=PRODUCT_RELATED_PRODUCT_CATEGORY('','',(#4709));
#4706=PRODUCT_RELATED_PRODUCT_CATEGORY('','',(#4710));
#4707=PRODUCT('Part 1','Part 1','Part 1',(#4715));
#4708=PRODUCT('Part 1','Part 1','Part 1',(#4716));
#4709=PRODUCT('Part 1','Part 1','Part 1',(#4717));
#4710=PRODUCT('Part 1','Part 1','Part 1',(#4718));
#4711=PRODUCT_CATEGORY('','');
#4712=PRODUCT_CATEGORY('','');
#4713=PRODUCT_CATEGORY('','');
#4714=PRODUCT_CATEGORY('','');
#4715=PRODUCT_CONTEXT('',#4723,'mechanical');
#4716=PRODUCT_CONTEXT('',#4724,'mechanical');
#4717=PRODUCT_CONTEXT('',#4725,'mechanical');
#4718=PRODUCT_CONTEXT('',#4726,'mechanical');
#4719=APPLICATION_PROTOCOL_DEFINITION('international standard',
'ap242_managed_model_based_3d_engineering',2020,#4723);
#4720=APPLICATION_PROTOCOL_DEFINITION('international standard',
'ap242_managed_model_based_3d_engineering',2020,#4724);
#4721=APPLICATION_PROTOCOL_DEFINITION('international standard',
'ap242_managed_model_based_3d_engineering',2020,#4725);
#4722=APPLICATION_PROTOCOL_DEFINITION('international standard',
'ap242_managed_model_based_3d_engineering',2020,#4726);
#4723=APPLICATION_CONTEXT('managed model based 3d engineering');
#4724=APPLICATION_CONTEXT('managed model based 3d engineering');
#4725=APPLICATION_CONTEXT('managed model based 3d engineering');
#4726=APPLICATION_CONTEXT('managed model based 3d engineering');
ENDSEC;
END-ISO-10303-21;
